Price,Close,High,Low,Open,Volume
Ticker,MSFT,MSFT,MSFT,MSFT,MSFT
Date,,,,,
1986-03-13,0.059253398329019547,0.061899084817385444,0.053963242304772695,0.053963242304772695,1031788800
1986-03-14,0.06136944890022278,0.062428088377097395,0.05925338689872373,0.05925338689872373,308160000
1986-03-17,0.06242809817194939,0.0629571137553257,0.06136945852897618,0.06136945852897618,133171200
1986-03-18,0.06084044277667999,0.06295711358052902,0.060311427194772456,0.062428097998621486,67766400
1986-03-19,0.05978244170546532,0.06136948925005774,0.059253425857267845,0.060840473401860266,47894400
1986-03-20,0.058195363730192184,0.059782410444909014,0.057666348158619915,0.059782410444909014,58435200
1986-03-21,0.056608304381370544,0.05925338164889126,0.055550273474362255,0.05819535074188297,59990400
1986-03-24,0.055021289736032486,0.05660833701134501,0.05449227397759497,0.05660833701134501,65289600
1986-03-25,0.05607929080724716,0.05607929080724717,0.054492244393548175,0.05502125986478117,32083200
1986-03-26,0.0576663538813591,0.05819536950543025,0.05555029138507452,0.056079307009145665,22752000
1986-03-27,0.05872437730431557,0.05872437730431557,0.05766634619715885,0.05766634619715885,16848000
1986-03-31,0.058195363730192184,0.05872437930176446,0.05713733258704764,0.05872437930176446,12873600
1986-04-01,0.0576663538813591,0.05819536950543025,0.0576663538813591,0.05819536950543025,11088000
1986-04-02,0.058195363730192184,0.05925339487333674,0.057666348158619915,0.057666348158619915,27014400
1986-04-03,0.05872437730431557,0.06031142396505064,0.05872437730431557,0.05872437730431557,23040000
1986-04-04,0.05872437730431557,0.059253392857893925,0.05872437730431557,0.05872437730431557,26582400
1986-04-07,0.0576663538813591,0.05925340075357254,0.056608322633216815,0.05872438512950139,16560000
1986-04-08,0.058195363730192184,0.05925339487333674,0.057666348158619915,0.057666348158619915,10252800
1986-04-09,0.059253398329019547,0.05978241393144423,0.05819536712417017,0.05819536712417017,12153600
1986-04-10,0.05978244170546532,0.06031145755366279,0.0581953941608729,0.059253425857267845,13881600
1986-04-11,0.06084044277667999,0.06189908241671395,0.060311427194772456,0.060311427194772456,17222400
1986-04-14,0.06136944890022278,0.06189907287672263,0.060840433399848015,0.060840433399848015,12153600
1986-04-15,0.06136944890022278,0.06136944890022277,0.05925338689872373,0.06136944890022277,9302400
1986-04-16,0.06348610669374466,0.06401512208842566,0.06084042124433613,0.06136943663901714,31910400
1986-04-17,0.06401515007019043,0.06401515007019043,0.06348613444427055,0.06348613444427055,22003200
1986-04-18,0.06189906224608421,0.06401512388416764,0.06136943836054276,0.06401512388416764,21628800
1986-04-21,0.06189906224608421,0.06242807765560507,0.06031140754150105,0.06189906224608421,22924800
1986-04-22,0.06084044277667999,0.06189908241671395,0.06084044277667999,0.06189908241671395,15552000
1986-04-23,0.061104949563741684,0.06136945963061169,0.06031142844486647,0.060840444037739076,15609600
1986-04-24,0.06718923151493073,0.06824726257291222,0.06084043669088377,0.06110494218494572,62352000
1986-04-25,0.07142200320959091,0.07433159247770842,0.06771828400877715,0.06771828400877715,85795200
1986-04-28,0.07195097208023071,0.07247998755281516,0.07089233265896867,0.07142195660764626,28886400
1986-04-29,0.06983429938554764,0.0719509696814095,0.06930528393060038,0.0719509696814095,30326400
1986-04-30,0.06824727356433868,0.07036333602109981,0.06666022672176783,0.06983432040690954,30902400
1986-05-01,0.06718923151493073,0.06824726257291222,0.06613120045694924,0.06824726257291222,54345600
1986-05-02,0.06718923151493073,0.06824726257291222,0.06666021598593999,0.06718923151493073,20246400
1986-05-05,0.06666020303964615,0.0671892184658951,0.06666020303964615,0.0671892184658951,3254400
1986-05-06,0.06718923151493073,0.06824726257291222,0.06718923151493073,0.06718923151493073,9734400
1986-05-07,0.06718923151493073,0.06771824704392147,0.06613120045694924,0.06718923151493073,5155200
1986-05-08,0.0677182525396347,0.0677182525396347,0.0666602213957881,0.0671892369677114,3542400
1986-05-09,0.06718923151493073,0.06771824704392147,0.06718923151493073,0.06771824704392147,6076800
1986-05-12,0.0677182525396347,0.06930529925540461,0.0671892369677114,0.0671892369677114,10483200
1986-05-13,0.06824727356433868,0.06877628917852897,0.0677182579501484,0.0677182579501484,3830400
1986-05-14,0.0677182525396347,0.06824726811155801,0.0677182525396347,0.06824726811155801,9302400
1986-05-15,0.0677182525396347,0.06877628368348132,0.0677182525396347,0.0677182525396347,3801600
1986-05-16,0.06824727356433868,0.06983432040690954,0.0677182579501484,0.0677182579501484,11952000
1986-05-19,0.06718923151493073,0.06824726257291222,0.06666021598593999,0.06824726257291222,11001600
1986-05-20,0.06666020303964615,0.0671892184658951,0.0661311876133972,0.0671892184658951,61977600
1986-05-21,0.06560219079256058,0.06718923752140914,0.06560219079256058,0.06666022194512627,8092800
1986-05-22,0.06560219079256058,0.06613120636884343,0.06560219079256058,0.06560219079256058,4406400
1986-05-23,0.06560219079256058,0.06666022194512627,0.06560219079256058,0.06560219079256058,4089600
1986-05-27,0.0677182525396347,0.0677182525396347,0.06560219025194149,0.06560219025194149,13881600
1986-05-28,0.06983429938554764,0.06983429938554764,0.06771823756575862,0.06771823756575862,15523200
1986-05-29,0.07142200320959091,0.07248003484511195,0.0693053314620587,0.06983434727981921,45676800
1986-05-30,0.07406702637672424,0.07512505721341678,0.07195096470333914,0.07195096470333914,27072000
1986-06-02,0.07195097208023071,0.07406703397056853,0.07195097208023071,0.07406703397056853,19728000
1986-06-03,0.07195097208023071,0.07195097208023071,0.07089233265896867,0.07195097208023071,5011200
1986-06-04,0.07142200320959091,0.07248003484511195,0.07089237891534024,0.07195101902735143,4723200
1986-06-05,0.07248000055551529,0.07248000055551529,0.07089234537684809,0.07142196942053869,13708800
1986-06-06,0.07248000055551529,0.07248000055551529,0.07142196942053869,0.07248000055551529,3427200
1986-06-09,0.06930529326200485,0.07247999489520947,0.06930529326200485,0.07247999489520947,12672000
1986-06-10,0.06930529326200485,0.06930529326200485,0.06824726220965491,0.06930529326200485,3427200
1986-06-11,0.06930529326200485,0.06930529326200485,0.06824726220965491,0.06930529326200485,2304000
1986-06-12,0.06666020303964615,0.06930528017089088,0.0661311876133972,0.06930528017089088,13708800
1986-06-13,0.06666020303964615,0.0671892184658951,0.0661311876133972,0.06666020303964615,7891200
1986-06-16,0.06613121926784515,0.06718925062678159,0.06560220358837693,0.06666023494731338,9590400
1986-06-17,0.06718923151493073,0.06824726257291222,0.06666021598593999,0.06666021598593999,13075200
1986-06-18,0.06666020303964615,0.0671892184658951,0.06560217218714826,0.0671892184658951,4348800
1986-06-19,0.06613121926784515,0.06718925062678159,0.06560220358837693,0.06666023494731338,8467200
1986-06-20,0.06639572978019714,0.0666602353510994,0.06613121966842672,0.06613121966842672,3801600
1986-06-23,0.06718923151493073,0.06718923151493073,0.06507316939896775,0.06639571049187803,46195200
1986-06-24,0.06666020303964615,0.06771823389214404,0.0661311876133972,0.0671892184658951,14572800
1986-06-25,0.06560219079256058,0.06718923752140914,0.06560219079256058,0.06666022194512627,15235200
1986-06-26,0.06348610669374466,0.06613118366714967,0.06348610669374466,0.06560216827246866,19152000
1986-06-27,0.06295708566904068,0.06401511636378684,0.0624280703216676,0.06348610101641376,10396800
1986-06-30,0.06507318466901779,0.0666602316284059,0.06242810640337095,0.06295712205650032,62352000
1986-07-01,0.06507318466901779,0.06507318466901779,0.06454416901588843,0.06507318466901779,47577600
1986-07-02,0.06507318466901779,0.06507318466901779,0.06454416901588843,0.06507318466901779,52617600
1986-07-03,0.06613121926784515,0.06666023494731338,0.06560220358837693,0.06560220358837693,14140800
1986-07-07,0.06348610669374466,0.06613118366714967,0.06348610669374466,0.06613118366714967,14054400
1986-07-08,0.06189906224608421,0.06348610847464678,0.06136943836054276,0.06348610847464678,14256000
1986-07-09,0.059253398329019547,0.061899084817385444,0.05872438272659486,0.061899084817385444,46137600
1986-07-10,0.0576663538813591,0.059782416377643685,0.05502127576100337,0.05925340075357254,46886400
1986-07-11,0.059253398329019547,0.060311429533868914,0.05766635152174549,0.05766635152174549,17395200
1986-07-14,0.058459874242544174,0.05978241555495589,0.05766635308779122,0.05766635308779122,28598400
1986-07-15,0.059253398329019547,0.060311429533868914,0.05766635152174549,0.05845987265494878,13190400
1986-07-16,0.06136944890022278,0.06136944890022277,0.059782402399098496,0.059782402399098496,9360000
1986-07-17,0.06242809817194939,0.06242809817194938,0.060840442945599864,0.06136945852897618,6940800
1986-07-18,0.06295708566904068,0.06348610101641376,0.06084041580359923,0.0624280703216676,12326400
1986-07-21,0.06295708566904068,0.06401511636378684,0.06295708566904068,0.06295708566904068,3513600
1986-07-22,0.06507318466901779,0.06507318466901779,0.06295712205650032,0.06295712205650032,10512000
1986-07-23,0.06348610669374466,0.06613118366714967,0.06348610669374466,0.06507315287778766,20793600
1986-07-24,0.06560219079256058,0.06666022194512627,0.06454415963999487,0.06454415963999487,14140800
1986-07-25,0.06613121926784515,0.06666023494731338,0.06560220358837693,0.06560220358837693,20448000
1986-07-28,0.06454417109489441,0.06613121810540223,0.06454417109489441,0.06613121810540223,11808000
1986-07-29,0.06295708566904068,0.06507314705853301,0.061899054974294515,0.06454413171115993,14054400
1986-07-30,0.06084044277667999,0.06295711358052902,0.058724380449049846,0.06295711358052902,26409600
1986-07-31,0.060311440378427505,0.06136947177352078,0.060311440378427505,0.06084045607597414,15638400
1986-08-01,0.05978244170546532,0.060840473401860266,0.059253425857267845,0.06031145755366279,12902400
1986-08-04,0.05978244170546532,0.05978244170546532,0.0581953941608729,0.05978244170546532,12441600
1986-08-05,0.059253398329019547,0.060311429533868914,0.05925339832901954,0.05978241393144423,2822400
1986-08-06,0.05872437730431557,0.05978240841147228,0.05766634619715885,0.059253392857893925,18316800
1986-08-07,0.058195363730192184,0.05925339487333674,0.057666348158619915,0.05872437930176446,3657600
1986-08-08,0.05872437730431557,0.05978240841147228,0.05819536175073721,0.05819536175073721,4147200
1986-08-11,0.06084044277667999,0.06136945835858753,0.05978241161286492,0.05978241161286492,7948800
1986-08-12,0.06242809817194939,0.06242809817194938,0.060840442945599864,0.060840442945599864,9993600
1986-08-13,0.06295708566904068,0.06295708566904068,0.061899054974294515,0.0624280703216676,6883200
1986-08-14,0.06454417109489441,0.06507318676506368,0.06295712408438658,0.06295712408438658,20131200
1986-08-15,0.0648086741566658,0.06507317969256855,0.0640151484672224,0.06454416407989548,6105600
1986-08-18,0.06401515007019043,0.06507318132203016,0.06401515007019043,0.06480867577950407,12787200
1986-08-19,0.06401515007019043,0.0642796601535842,0.06295711881835069,0.06401515007019043,20390400
1986-08-20,0.06348610669374466,0.06401512208842566,0.06348610669374466,0.06401512208842566,20764800
1986-08-21,0.06348610669374466,0.06454413748310667,0.06348610669374466,0.06348610669374466,49536000
1986-08-22,0.06242809817194939,0.06401514492207833,0.06136945852897618,0.06348612933870201,5760000
1986-08-25,0.06242809817194939,0.06242809817194938,0.06136945852897618,0.06242809817194938,2419200
1986-08-26,0.06189906224608421,0.06242807765560507,0.06189906224608421,0.06242807765560507,10857600
1986-08-27,0.06189906224608421,0.06242807765560507,0.06136943836054276,0.06189906224608421,9532800
1986-08-28,0.06189906224608421,0.06242807765560507,0.06189906224608421,0.06189906224608421,3427200
1986-08-29,0.060311440378427505,0.06242811164496593,0.05925340898333424,0.0618990959474193,25430400
1986-09-02,0.05872437730431557,0.06031142396505064,0.057930851703514495,0.06031142396505064,5212800
1986-09-03,0.05713734030723572,0.05819537159333758,0.05555029337808293,0.05819537159333758,18316800
1986-09-04,0.06189906224608421,0.06189906224608421,0.05819534590341763,0.05819534590341763,39427200
1986-09-05,0.06454417109489441,0.06454417109489441,0.06136946859755836,0.061899092744048034,26352000
1986-09-08,0.06401515007019043,0.06507318132203016,0.06401515007019043,0.0645441656961103,9619200
1986-09-09,0.06507318466901779,0.0666602316284059,0.06401515336275905,0.06401515336275905,37526400
1986-09-10,0.06401515007019043,0.06560219694795003,0.06401515007019043,0.06507318132203016,10886400
1986-09-11,0.06136944890022278,0.06454415037859644,0.06136944890022277,0.06401513487822168,35654400
1986-09-12,0.05978244170546532,0.061899113574780375,0.05978244170546532,0.06136948925005774,24451200
1986-09-15,0.06084044277667999,0.06084044277667999,0.058724380449049846,0.05978241161286492,22492800
1986-09-16,0.06084044277667999,0.06136945835858753,0.05978241161286492,0.06084044277667999,5184000
1986-09-17,0.06242809817194939,0.06348612933870201,0.060311427362223544,0.060840442945599864,8035200
1986-09-18,0.06295708566904068,0.06401511636378684,0.0624280703216676,0.0624280703216676,5356800
1986-09-19,0.06295708566904068,0.06348610101641376,0.0624280703216676,0.06295708566904068,2505600
1986-09-22,0.06242809817194939,0.0629571137553257,0.06242809817194938,0.0629571137553257,4492800
1986-09-23,0.06348610669374466,0.06401512208842566,0.062428075904382666,0.062428075904382666,5961600
1986-09-24,0.06269261986017227,0.0634861411119585,0.06242810974899809,0.0634861411119585,4780800
1986-09-25,0.06136944890022278,0.06295710387747215,0.06136944890022277,0.06269259839771808,5155200
1986-09-26,0.06136944890022278,0.06189907287672263,0.060840433399848015,0.06136944890022277,2332800
1986-09-29,0.05978244170546532,0.06136948925005774,0.05978244170546532,0.06136948925005774,6192000
1986-09-30,0.05978244170546532,0.060840473401860266,0.05978244170546532,0.05978244170546532,5184000
1986-10-01,0.059253398329019547,0.060840445136293594,0.05819536712417017,0.05978241393144423,32428800
1986-10-02,0.059253398329019547,0.060311429533868914,0.05872438272659486,0.05925339832901954,22723200
1986-10-03,0.05978244170546532,0.06031145755366279,0.059253425857267845,0.059253425857267845,14716800
1986-10-06,0.06454417109489441,0.06560220243523296,0.06136946859755836,0.06136946859755836,85334400
1986-10-07,0.06586668640375137,0.06718922278393603,0.06454414548270046,0.06454414548270046,59788800
1986-10-08,0.0677182525396347,0.06851177362708605,0.06507317468001819,0.06586670030833675,119606400
1986-10-09,0.06983429938554764,0.07142195422646225,0.06771823756575862,0.06771823756575862,92563200
1986-10-10,0.07300903648138046,0.07459608362638925,0.06877630228498503,0.0698343337149909,76752000
1986-10-13,0.06983429938554764,0.07300900059130402,0.06983429938554764,0.07300900059130402,27129600
1986-10-14,0.0708923488855362,0.07142197295543956,0.07036333329186523,0.07036333329186523,12873600
1986-10-15,0.07406702637672424,0.07459604179507051,0.07089232539061585,0.07089232539061585,63532800
1986-10-16,0.07406702637672424,0.07459604179507051,0.07353801095837796,0.07406702637672424,21859200
1986-10-17,0.07618311047554016,0.0767121215087414,0.07406704817926624,0.07406704817926624,124444800
1986-10-20,0.07671212404966354,0.07777015523284549,0.07459606622416705,0.07618311299893996,43545600
1986-10-21,0.07988620549440384,0.07988620549440384,0.07724113247811266,0.07724113247811266,112377600
1986-10-22,0.07988620549440384,0.08067973103198456,0.07935719452383896,0.07988620549440384,54576000
1986-10-23,0.07988620549440384,0.08041522554670212,0.07909268903855653,0.07988620549440384,70444800
1986-10-24,0.07935719192028046,0.07988620287348949,0.07724112994397812,0.07988620287348949,101376000
1986-10-27,0.08200289309024811,0.08200289309024811,0.07988621328035266,0.07988621328035266,125654400
1986-10-28,0.08385449647903442,0.08517704307677587,0.08200294758932897,0.08200294758932897,142646400
1986-10-29,0.08147385716438293,0.08411893900653725,0.08041521776778875,0.08385442446510906,53222400
1986-10-30,0.08306095004081726,0.08411898149575321,0.08094488713094537,0.08147389831754479,44380800
1986-10-31,0.08200289309024811,0.08411895534221216,0.08147387298638994,0.08306092421623013,63734400
1986-11-03,0.08358994871377945,0.08411896890292025,0.0825319174172336,0.0825319174172336,42192000
1986-11-04,0.08676406741142273,0.08676406741142273,0.0835899726142325,0.0835899726142325,54403200
1986-11-05,0.0920548066496849,0.0925838268335803,0.0862350215592249,0.08676404174312027,45100800
1986-11-06,0.09417083859443665,0.09628690047833605,0.09152576578042873,0.09205477671053723,72576000
1986-11-07,0.09364184737205505,0.09469987853667645,0.09205479608425562,0.09417085841349844,44323200
1986-11-10,0.08993814885616302,0.09364187192035904,0.08940912859430185,0.09364187192035904,28684800
1986-11-11,0.09046772867441177,0.09152575954427199,0.09046772867441177,0.09046772867441177,11894400
1986-11-12,0.09046772867441177,0.09258379041413219,0.08940908024676966,0.09046772867441177,34156800
1986-11-13,0.08914463222026825,0.09099679818203793,0.0888801266028608,0.09046778694722306,30211200
1986-11-14,0.08993814885616302,0.08993814885616302,0.08729306571033119,0.08914462300423977,18720000
1986-11-17,0.09046772867441177,0.09152575954427199,0.0888800693527056,0.0899381002225658,24307200
1986-11-18,0.08570600301027298,0.0909967674571356,0.08570600301027298,0.0904677564009404,59673600
1986-11-19,0.08888006210327148,0.08940907295418718,0.08570596975258328,0.08570596975258328,48729600
1986-11-20,0.09575792402029037,0.09575792402029037,0.08888011583414314,0.08888011583414314,98179200
1986-11-21,0.09893199801445007,0.09999064677876938,0.09628692453946504,0.09628692453946504,91065600
1986-11-24,0.10686782002449036,0.10739683096276939,0.0957578819454686,0.09893197482034136,173836800
1986-11-25,0.10792583972215652,0.10845485060524032,0.10633878890944136,0.10686780887425705,95788800
1986-11-26,0.10686782002449036,0.10845486192106031,0.10686782002449036,0.10792585098278128,38793600
1986-11-28,0.1052807942032814,0.10739685662550134,0.10422277207390644,0.10686784556081387,41328000
1986-12-01,0.10316475480794907,0.10580982865240067,0.102635734590017,0.1052808084344686,40291200
1986-12-02,0.10369373112916946,0.1058097931269614,0.10369373112916946,0.10369373112916946,28771200
1986-12-03,0.10290023684501648,0.1047517939255594,0.10263573128543489,0.10369376260549715,35164800
1986-12-04,0.10422277450561523,0.1052807966596758,0.10210671203402368,0.10290022864956909,42508800
1986-12-05,0.10369373112916946,0.10475176212806543,0.10369373112916946,0.10422275116948404,107510400
1986-12-08,0.10263573378324509,0.10475179647486749,0.10104869130539638,0.10369376512905629,22665600
1986-12-09,0.10210671275854111,0.10316474400184435,0.10157769259602184,0.10263572383932508,16099200
1986-12-10,0.10290023684501648,0.103164751486334,0.10104868884620949,0.10210672016627174,27590400
1986-12-11,0.10369373112916946,0.10422275116948404,0.10263570013027348,0.10290020560956419,11635200
1986-12-12,0.09999063611030579,0.1036937403965305,0.09999063611030579,0.1036937403965305,25286400
1986-12-15,0.09734492748975754,0.100519628663512,0.09575787660004752,0.09999061775476353,50774400
1986-12-16,0.09840298444032669,0.09999064422642265,0.0978739643097924,0.0978739643097924,77299200
1986-12-17,0.09946105629205704,0.09999068511539912,0.09840302468006458,0.09840302468006458,23356800
1986-12-18,0.10025513917207718,0.10051964466856682,0.0989319850499979,0.09946100512471093,12672000
1986-12-19,0.10263573378324509,0.10369376512905629,0.1005196710916227,0.1005196710916227,56592000
1986-12-22,0.10369373112916946,0.10475176212806543,0.10263570013027348,0.10263570013027348,18316800
1986-12-23,0.1047518327832222,0.1047518327832222,0.10369380107068338,0.10369380107068338,23788800
1986-12-24,0.10448729991912842,0.10475180550795636,0.10422279433030049,0.10475180550795636,7027200
1986-12-26,0.10422277450561523,0.1052807966596758,0.10422277450561525,0.10448728004413038,3715200
1986-12-29,0.09999063611030579,0.10528078249584566,0.09999063611030579,0.10422276048412489,41702400
1986-12-30,0.10104874521493912,0.1015777566292044,0.09893206383600671,0.09999071330466751,25401600
1986-12-31,0.10210671275854111,0.10369375508262832,0.10104868151523787,0.10104868151523787,23356800
1987-01-02,0.10104874521493912,0.10316480903548234,0.10051972471893279,0.10210677712521073,12643200
1987-01-05,0.10686782002449036,0.10792585098278128,0.10051963427474485,0.10104865429475672,48499200
1987-01-06,0.10845484584569931,0.10898386578729896,0.1063387842427637,0.10686780418436335,40032000
1987-01-07,0.11427468061447144,0.11427468061447144,0.10845489552375417,0.10845489552375417,60998400
1987-01-08,0.1179777979850769,0.1190364469405632,0.11480370379288748,0.11480370379288748,61488000
1987-01-09,0.12273949384689331,0.12326851383456149,0.11744873090280966,0.11797774180874554,63705600
1987-01-12,0.13067540526390076,0.1317334366975347,0.12168152506076947,0.12273955649440343,128793600
1987-01-13,0.12697173655033112,0.129617429283546,0.12485567277776305,0.129617429283546,76320000
1987-01-14,0.12697173655033112,0.12750074795260274,0.12432665229375063,0.12697173655033112,69465600
1987-01-15,0.13384953141212463,0.13702362668361442,0.12697172105487314,0.12697172105487314,117014400
1987-01-16,0.13067540526390076,0.13384949048306574,0.1280297136625733,0.13384949048306574,65433600
1987-01-19,0.1354365050792694,0.1354365050792694,0.12802967859613576,0.1306753694728269,88243200
1987-01-20,0.13755261898040771,0.14072732207938898,0.1349075355874175,0.13543655589871068,95760000
1987-01-21,0.1433723419904709,0.14707545551922688,0.1349074843990917,0.1375525667884509,108489600
1987-01-22,0.15765699744224548,0.1581860085166325,0.1391402384966874,0.14337235433698908,116035200
1987-01-23,0.1428433656692505,0.16400521055143144,0.1428433656692505,0.15765702217258878,317894400
1987-01-26,0.14548838138580322,0.1470754323861428,0.13914020462964385,0.14390133946719663,116553600
1987-01-27,0.15130814909934998,0.1534242017446475,0.1454883663331066,0.1454883663331066,114105600
1987-01-28,0.15183722972869873,0.15395329230106394,0.14707547592371997,0.1513082095447396,76723200
1987-01-29,0.14548838138580322,0.1534242176184113,0.14231429754859,0.15183718478153765,79228800
1987-01-30,0.15474680066108704,0.1550112971007653,0.14337234578329472,0.14548840811806737,104169600
1987-02-02,0.15448233485221863,0.15765703783334975,0.15448233485221863,0.15474684953891493,46915200
1987-02-03,0.15183722972869873,0.15606935487342913,0.1491921469723744,0.1544823034032874,59328000
1987-02-04,0.15236622095108032,0.15289523198428157,0.1502501586548064,0.15183720991787908,31737600
1987-02-05,0.15130814909934998,0.1534242017446475,0.14972110734494387,0.15236617996286475,42652800
1987-02-06,0.1457529366016388,0.15210173268678978,0.14495941088009592,0.15130820696524688,45619200
1987-02-09,0.14443032443523407,0.14548835521791614,0.143636808159521,0.14548835521791614,136080000
1987-02-10,0.14495941996574402,0.14495941996574402,0.14125631483600287,0.1444303997576461,44668800
1987-02-11,0.15183722972869873,0.15183722972869873,0.14548842445357824,0.14548842445357824,60307200
1987-02-12,0.1624181568622589,0.16321168267001515,0.15183724363668868,0.15183724363668868,185731200
1987-02-13,0.1608310490846634,0.164534143591568,0.1571279364142942,0.16241808180328055,81763200
1987-02-17,0.16188907623291016,0.16241808715655198,0.15712794159320337,0.1608310543856265,70732800
1987-02-18,0.15183722972869873,0.1645342045574435,0.1513082095447396,0.16188913088285484,128592000
1987-02-19,0.14548838138580322,0.15130816475418016,0.14390133946719663,0.15130816475418016,317750400
1987-02-20,0.14390137791633606,0.14548842025898592,0.1417853154049793,0.14548842025898592,87897600
1987-02-23,0.15289518237113953,0.15501124398077007,0.14072722418061726,0.14390131659506308,125913600
1987-02-24,0.1603020429611206,0.16083107210651776,0.1528952171658149,0.1528952171658149,120816000
1987-02-25,0.15765699744224548,0.16321165913198504,0.15659835773547903,0.16030207097765092,65001600
1987-02-26,0.1634761542081833,0.16823790719335657,0.15448227680690177,0.15765697859516742,145209600
1987-02-27,0.1624181568622589,0.16453421962845124,0.15977308294538672,0.16347619732709157,37555200
1987-03-02,0.15765699744224548,0.16241813343866934,0.15659835773547903,0.16241813343866934,79516800
1987-03-03,0.15765699744224548,0.15924404882887688,0.15554031742323465,0.15765699744224548,81100800
1987-03-04,0.16876688599586487,0.16929589690605126,0.1571279375966401,0.15765694850682646,98179200
1987-03-05,0.17670276761054993,0.18040588127098534,0.168766929847545,0.168766929847545,128188800
1987-03-06,0.1761738508939743,0.17776090305014688,0.1719411063615416,0.1767028622248721,63561600
1987-03-09,0.17299911379814148,0.1767028281213836,0.17194107317706758,0.1761738168925845,38275200
1987-03-10,0.17828992009162903,0.18040598364647645,0.17247012321661703,0.1729991527279387,74102400
1987-03-11,0.1809348165988922,0.18199283825140355,0.17881875513040768,0.1809348165988922,43862400
1987-03-12,0.18172837793827057,0.18305091434776521,0.17670272868411172,0.18093485245988072,71337600
1987-03-13,0.175115168094635,0.18305100817723205,0.17141205335180434,0.18172847108982285,105120000
1987-03-16,0.17405709624290466,0.1745861073500929,0.16876694884407922,0.1745861073500929,88473600
1987-03-17,0.1798768788576126,0.18093490100368345,0.17352807393278577,0.1740570850058212,54547200
1987-03-18,0.18939979374408722,0.19098682717569168,0.18093492523023236,0.18093492523023236,119347200
1987-03-19,0.1931028515100479,0.1931028515100479,0.18622565351709136,0.1893997560759754,62812800
1987-03-20,0.1909867525100708,0.19310281442174893,0.18992873063596455,0.19310281442174893,38246400
1987-03-23,0.18966427445411682,0.19363188494822975,0.1878127265228917,0.19098681128548778,67478400
1987-03-24,0.1909867525100708,0.19204479254764267,0.18516697831772305,0.18516697831772305,69609600
1987-03-25,0.1901932656764984,0.19204483157768398,0.18887072898334833,0.1909867913250823,33840000
1987-03-26,0.18887075781822205,0.1904578093576848,0.18834174669289183,0.19019329471328364,33379200
1987-03-27,0.19416099786758423,0.19839372421161935,0.18992887091835828,0.18992887091835828,120873600
1987-03-30,0.2047424614429474,0.2047424614429474,0.18728373139820095,0.19416093077333854,186134400
1987-03-31,0.2047424614429474,0.2095035980746986,0.20209676999650777,0.20209676999650777,125337600
1987-04-01,0.19257384538650513,0.2089745502636766,0.19151580511871608,0.20474242551945962,259430400
1987-04-02,0.20103871822357178,0.20527146103009436,0.1957485707447045,0.1957485707447045,159955200
1987-04-03,0.21109060943126678,0.21214863151952462,0.2010386912175135,0.2010386912175135,155606400
1987-04-06,0.21003256738185883,0.21161961866413126,0.20632947194118204,0.21109060762453016,98956800
1987-04-07,0.1989225447177887,0.2100324611415318,0.1989225447177887,0.2100324611415318,73728000
1987-04-08,0.2047424614429474,0.20685852418633377,0.19892268496316456,0.19892268496316456,106214400
1987-04-09,0.20103871822357178,0.20474244991490198,0.19945168487799464,0.20474244991490198,71568000
1987-04-10,0.2023613303899765,0.20262582694051284,0.20050976371883777,0.20103877498338732,43372800
1987-04-13,0.19574853777885437,0.20209672458248526,0.1946898981687142,0.20209672458248526,50256000
1987-04-14,0.1989225447177887,0.20209662751332402,0.1925737434056186,0.19574844375879338,87379200
1987-04-15,0.20315484702587128,0.20527152789766523,0.2005097724247998,0.2005097724247998,95961600
1987-04-16,0.20844554901123047,0.21267765579094317,0.20262575511549055,0.20315476619252085,188092800
1987-04-20,0.20262573659420013,0.21056157407267478,0.20209672556552485,0.20844552995797364,100310400
1987-04-21,0.20580047369003296,0.2073875252109943,0.19839364597328843,0.20262577125353745,113184000
1987-04-22,0.20844554901123047,0.20897456008826076,0.20580045729913818,0.20580045729913818,74678400
1987-04-23,0.20844554901123047,0.2105615933193516,0.2052714462221079,0.2084455490112305,48326400
1987-04-24,0.2095036655664444,0.2105616881972439,0.20580055003168887,0.2084456429356449,54172800
1987-04-27,0.2095036655664444,0.2110907176761223,0.20580055003168887,0.2095036655664444,53107200
1987-04-28,0.2248462438583374,0.22537527311616062,0.20738751548438628,0.2095035780252661,111081600
1987-04-29,0.21849751472473145,0.23066548149369695,0.21849751472473145,0.2248463034238139,85161600
1987-04-30,0.22008450329303741,0.22484625731208605,0.21532336683204145,0.2184974699150202,88041600
1987-05-01,0.22220055758953094,0.2227295868590786,0.21743942130790211,0.22008449500175464,37843200
1987-05-04,0.22643321752548218,0.2280202684268608,0.22114245451436954,0.22220047633964543,34531200
1987-05-05,0.2449500560760498,0.24495005607604978,0.2269622990284417,0.2269622990284417,110995200
1987-05-06,0.23913031816482544,0.24706617639225772,0.23807229576277303,0.24495011342467818,153504000
1987-05-07,0.25024017691612244,0.2507691879377836,0.2375432040209813,0.23913023708596473,289699200
1987-05-08,0.26769906282424927,0.2714027960734903,0.25076933775651683,0.25076933775651683,150048000
1987-05-11,0.26029208302497864,0.2676989095611212,0.2600275865892921,0.2676989095611212,127382400
1987-05-12,0.2512982189655304,0.2629377692971573,0.24759510545981256,0.26029207844805285,148464000
1987-05-13,0.25764691829681396,0.25870495815466754,0.25288578434512904,0.25288578434512904,73382400
1987-05-14,0.25976303219795227,0.26452478466697926,0.25764697021926697,0.25764697021926697,59961600
1987-05-15,0.2523568868637085,0.2592340854570681,0.2523568868637085,0.2592340854570681,84326400
1987-05-18,0.24389198422431946,0.2523568505764899,0.2370141872254069,0.2523568505764899,172598400
1987-05-19,0.23542720079421997,0.24389205131133587,0.23542720079422,0.24389205131133587,78336000
1987-05-20,0.23172353208065033,0.23436922429582074,0.22696239406550567,0.23436922429582074,228355200
1987-05-21,0.23595623672008514,0.23860131093268905,0.23225252252967918,0.23225252252967918,93312000
1987-05-22,0.22907842695713043,0.23701428559417062,0.22802040450046834,0.23595624497403292,64627200
1987-05-26,0.23172353208065033,0.23278157284150364,0.22854944612504657,0.2290784574237342,46886400
1987-05-27,0.23172353208065033,0.23701431711621496,0.2306655094832751,0.23172353208065033,48758400
1987-05-28,0.24600809812545776,0.24653712740888378,0.23119444266981976,0.23172345378977385,108662400
1987-05-29,0.24389198422431946,0.2502401708200104,0.24336297321554556,0.2460080464228831,80380800
1987-06-01,0.23913031816482544,0.24389207285915104,0.23913031816482544,0.24389207285915104,30326400
1987-06-02,0.2380722612142563,0.24283401521756673,0.23489817630524043,0.23913028346277088,51552000
1987-06-03,0.23965929448604584,0.24283399671116798,0.23913026523863382,0.23913026523863382,21628800
1987-06-04,0.2380722612142563,0.23965931275050023,0.23648520967801231,0.23965931275050023,20390400
1987-06-05,0.23119433224201202,0.2391301672993078,0.22643319810959225,0.23807214556475376,59270400
1987-06-08,0.23225247859954834,0.23278148970931262,0.22749134228472653,0.23119443821654814,111571200
1987-06-09,0.2306654155254364,0.232781478021721,0.2296073751955588,0.2322524669385175,25833600
1987-06-10,0.21902640163898468,0.23172337243559582,0.2142652669040081,0.23066535056714127,176256000
1987-06-11,0.20632950961589813,0.22378823937079687,0.20580048031622983,0.22272959954034063,268704000
1987-06-12,0.2079165279865265,0.21479434430810307,0.20580046543131897,0.20632949469272424,196156800
1987-06-15,0.2079165279865265,0.21109063090107338,0.20368380348156273,0.20791652798652652,125222400
1987-06-16,0.21214863657951355,0.21479432758468736,0.20738750074185602,0.20791651179860246,73526400
1987-06-17,0.21955545246601105,0.2200844634963586,0.21320666621696172,0.21320666621696172,71078400
1987-06-18,0.2219359576702118,0.22220045401822805,0.21585228737735596,0.219026370697792,56188800
1987-06-19,0.22114241123199463,0.22484612261683182,0.2200843714503353,0.22272946182275297,40809600
1987-06-22,0.21955545246601105,0.22220052578121766,0.2179684193749684,0.22220052578121766,87436800
1987-06-23,0.21743935346603394,0.21955541539359122,0.21267760111205972,0.21955541539359122,100771200
1987-06-24,0.22167150676250458,0.22431719754030957,0.21849742253133475,0.21849742253133475,82684800
1987-06-25,0.22114241123199463,0.2222004328501927,0.21902634983213723,0.22114241123199463,44035200
1987-06-26,0.22167150676250458,0.22272954694854,0.21955544455390197,0.2216715067625046,21945600
1987-06-29,0.22061339020729065,0.22167141177649655,0.21691027838814925,0.22167141177649655,25632000
1987-06-30,0.21585237979888916,0.22167153807185527,0.21532335054941615,0.22114252698585304,38332800
1987-07-01,0.21691028773784637,0.2184973383235238,0.2147942263447635,0.21532323715216892,21945600
1987-07-02,0.21161967515945435,0.21743945203364082,0.2089746010918341,0.21743945203364082,56880000
1987-07-06,0.20632950961589813,0.21373572001305713,0.205271469180034,0.2110906461686055,65491200
1987-07-07,0.1909867525100708,0.2058004028440163,0.18939971969891142,0.2058004028440163,197078400
1987-07-08,0.19733566045761108,0.20050974592673482,0.18728375711099698,0.19257390561402826,193449600
1987-07-09,0.20262573659420013,0.2073874897371543,0.19733558998050973,0.1983936120378603,92707200
1987-07-10,0.20527146756649017,0.20632950799403754,0.19892268009703562,0.20156775392069554,75830400
1987-07-13,0.21003256738185883,0.21056157842145992,0.20315475181868536,0.2052714316985107,48326400
1987-07-14,0.22220055758953094,0.2227295868590786,0.21056160488046757,0.21161964525609145,152812800
1987-07-15,0.21638135612010956,0.22378818218254581,0.21638135612010956,0.2222005134581442,96768000
1987-07-16,0.21585237979888916,0.21796844230636886,0.21161963722592378,0.21691040197089362,72979200
1987-07-17,0.21638135612010956,0.2200844512906404,0.2153233159546237,0.21585234511910054,51264000
1987-07-20,0.2105615884065628,0.21585237110182875,0.21003257734187533,0.21585237110182875,42019200
1987-07-21,0.21003256738185883,0.2137356809860048,0.20844553426305557,0.21056157842145992,36547200
1987-07-22,0.21161967515945435,0.21267769752111285,0.20844558991100484,0.21003262345349258,53366400
1987-07-23,0.20685847103595734,0.2116196064443787,0.1989226338518283,0.2116196064443787,148492800
1987-07-24,0.20844554901123047,0.2105615933193516,0.2068584976166692,0.20738750869369948,57744000
1987-07-27,0.21109060943126678,0.21109060943126678,0.20527143345544063,0.20844553604715282,41817600
1987-07-28,0.2105615884065628,0.21532334187367125,0.21003257734187533,0.21214863976409526,38160000
1987-07-29,0.21003256738185883,0.21109060762453016,0.20685848298078313,0.21056157842145992,27676800
1987-07-30,0.20527146756649017,0.2100326040817725,0.20315478731680808,0.2100326040817725,55555200
1987-07-31,0.1989225447177887,0.20421268876483425,0.19468980465712885,0.20421268876483425,186624000
1987-08-03,0.19416099786758423,0.19998077635844885,0.19310295704853822,0.1989227537028819,116352000
1987-08-04,0.19839365780353546,0.1983936578035355,0.19416093287631558,0.19416093287631558,135072000
1987-08-05,0.20580047369003296,0.2084455656127925,0.19839364597328843,0.19892267525592347,211190400
1987-08-06,0.2137356400489807,0.2150587940342447,0.20632943242267712,0.20632943242267712,152553600
1987-08-07,0.21902640163898468,0.22114246353935932,0.21320662747772476,0.21373563841195203,171014400
1987-08-10,0.21902640163898468,0.22008442350743923,0.21691033973861001,0.21955541257321196,56448000
1987-08-11,0.21479441225528717,0.22114260192907004,0.2137357721665132,0.22008456123503442,68544000
1987-08-12,0.21161967515945435,0.21532338914684981,0.21161967515945435,0.21479437796602055,42364800
1987-08-13,0.21796837449073792,0.22114245818268208,0.21161957138557058,0.21161957138557058,80640000
1987-08-14,0.21902640163898468,0.21955541257321196,0.21691033973861001,0.21796837977053013,50832000
1987-08-17,0.22061339020729065,0.22061339020729068,0.21796831812081555,0.21902633969002142,33667200
1987-08-18,0.21691028773784637,0.22008437074574005,0.2147942263447635,0.21902634913092922,46944000
1987-08-19,0.21691028773784637,0.21743929854525176,0.21267754739399988,0.21691028773784635,48902400
1987-08-20,0.22272954881191254,0.22378818840125517,0.2169103731487046,0.2169103731487046,82051200
1987-08-21,0.22643321752548218,0.2290782902521367,0.22220047633964543,0.22220047633964543,68976000
1987-08-24,0.23648515343666077,0.2375431935970223,0.22325855254234228,0.22643325425439512,97747200
1987-08-25,0.24283403158187866,0.24706615718807934,0.2359562144545786,0.2386012884175857,185961600
1987-08-26,0.24442103505134583,0.249711181934708,0.24177534405169418,0.24283398372094928,114105600
1987-08-27,0.2449500560760498,0.24600807823039408,0.24177535389155078,0.24442104499887765,72432000
1987-08-28,0.2544730603694916,0.2565891237953725,0.24547917779209313,0.24547917779209313,114796800
1987-08-31,0.2512982189655304,0.2544729208401748,0.24706609443427252,0.253414880625626,84326400
1987-09-01,0.24018827080726624,0.25129821033743677,0.23913023062904426,0.24971115915183786,93859200
1987-09-02,0.24336296319961548,0.2438919741866172,0.23754318845777136,0.2380721994447731,78393600
1987-09-03,0.24389198422431946,0.24918214880246262,0.2407172824502922,0.2460080464228831,70934400
1987-09-04,0.23701408505439758,0.2444209080326508,0.2364850561102071,0.24389187908846033,48355200
1987-09-08,0.23595623672008514,0.2370142773032117,0.2290784189437745,0.23648524792991094,96336000
1987-09-09,0.23860128223896027,0.24124635613347267,0.23595620834444786,0.2370142488003365,60710400
1987-09-10,0.24230441451072693,0.24495010615899676,0.23913031107177013,0.23965934042057904,58176000
1987-09-11,0.24600809812545776,0.24653712740888378,0.24124634416088125,0.2423043845642614,41040000
1987-09-14,0.2523568868637085,0.2539439382817056,0.24653711104549922,0.24653711104549922,94464000
1987-09-15,0.24944664537906647,0.25288586174133726,0.24600804657471184,0.25288586174133726,39052800
1987-09-16,0.24706602096557617,0.25394383430072,0.24706602096557617,0.24971109347019416,57715200
1987-09-17,0.24547898769378662,0.24865307129286646,0.24071723565563885,0.2475950494809947,69436800
1987-09-18,0.24336296319961548,0.24547902531108975,0.24124628353025082,0.24547902531108975,31651200
1987-09-21,0.22643321752548218,0.2423042896066777,0.2243171557114656,0.22643321752548218,85550400
1987-09-22,0.24230441451072693,0.24442109497366202,0.2243172713434303,0.22643333424824347,82008000
1987-09-23,0.2550019919872284,0.2555310031374928,0.2444210787699678,0.2444210787699678,107697600
1987-09-24,0.25923407077789307,0.2676989197044601,0.25394392390208603,0.25394392390208603,118440000
1987-09-25,0.2624087631702423,0.2751057545589777,0.2592340612363328,0.26029208330716397,82454400
1987-09-28,0.2708730101585388,0.27616377435397926,0.26135012138771196,0.26240876100776594,95544000
1987-09-29,0.27193164825439453,0.2761637728060596,0.2692859573925327,0.2729896884740452,57412800
1987-09-30,0.28039586544036865,0.28198351590185816,0.27087297780690506,0.27087297780690506,85680000
1987-10-01,0.28991883993148804,0.29097747974226484,0.27933790902883726,0.2803959494450331,127224000
1987-10-02,0.3068484961986542,0.3079065546270404,0.29097743813816457,0.2920354784030813,131644800
1987-10-05,0.3343590795993805,0.3343590795993805,0.31108118092444287,0.31108118092444287,184320000
1987-10-06,0.3121393024921417,0.3354171695633783,0.3105522511481587,0.33435914744303624,203040000
1987-10-07,0.30896466970443726,0.31848756169500436,0.3026164806950013,0.31319741326887857,125640000
1987-10-08,0.30473244190216064,0.31425533071160316,0.29415153102631564,0.3100232061190553,96940800
1987-10-09,0.30367445945739746,0.31848749685850747,0.30367445945739746,0.30579050386629136,93888000
1987-10-12,0.30261629819869995,0.30896448337978855,0.2920353901692382,0.3047323599257295,117187200
1987-10-13,0.3100232481956482,0.31319735115258523,0.30050035809375175,0.3057905054706849,96811200
1987-10-14,0.3015584647655487,0.3163714873375843,0.2994417841586958,0.3100233163549929,114220800
1987-10-15,0.2983836829662323,0.3079065913916211,0.29626762034720683,0.2983836829662323,128822400
1987-10-16,0.2740477919578552,0.315313443420905,0.2719317290532784,0.29838372323152096,210240000
1987-10-19,0.19151584804058075,0.2687570188251506,0.19045782569914102,0.26029214988163324,146880000
1987-10-20,0.20315484702587128,0.22008457048729774,0.18199299693733942,0.1946899943768969,324000000
1987-10-21,0.23965929448604584,0.25606000034852866,0.211619636401497,0.2190264636250911,262080000
1987-10-22,0.225375235080719,0.24547903369708543,0.21585234677760948,0.24018826976150123,223200000
1987-10-23,0.2042127251625061,0.22431713606287315,0.20103862363777766,0.2222004568764591,112766400
1987-10-26,0.16612127423286438,0.20315479813119142,0.15765702301580384,0.1968066278818693,148320000
1987-10-27,0.17458608746528625,0.1819929141707526,0.16612123866594883,0.17247002511407464,234720000
1987-10-28,0.17458608746528625,0.17987686998301042,0.16294713605739666,0.16929594066899192,149760000
1987-10-29,0.20209680497646332,0.206329548753936,0.1745861500400027,0.1745861500400027,167040000
1987-10-30,0.2105615884065628,0.2211425180756436,0.20527144143274798,0.2105615884065628,168480000
1987-11-02,0.2126777023077011,0.21585242334919255,0.20527149111898316,0.20844559460234402,84772800
1987-11-03,0.20315484702587128,0.21161971783832334,0.18516710098940733,0.20844563194973312,116150400
1987-11-04,0.20632950961589813,0.21479435984351333,0.19468993868609843,0.19892268166067456,95342400
1987-11-05,0.2137356400489807,0.21691034139995416,0.20632943242267712,0.2073874542992352,81432000
1987-11-06,0.20103871822357178,0.21373571152705942,0.1989226737628023,0.2126776711332029,75355200
1987-11-09,0.1989225447177887,0.20103858780583894,0.1925737434056186,0.1978645050103036,86587200
1987-11-10,0.1989225447177887,0.2052713278664988,0.1925737434056186,0.1968064834662785,91166400
1987-11-11,0.20738746225833893,0.20844550233896808,0.1999806367899431,0.20103865870710586,54619200
1987-11-12,0.21161967515945435,0.22008452610126109,0.20738754938587234,0.21479437796602055,99172800
1987-11-13,0.2042127251625061,0.21267757107145066,0.2042127251625061,0.21161954933885,58492800
1987-11-16,0.20209680497646332,0.21056165680975106,0.2010387643399026,0.206329548753936,59472000
1987-11-17,0.19786466658115387,0.20103875196856014,0.19151586008472285,0.19786466658115387,69321600
1987-11-18,0.20315484702587128,0.20315484702587128,0.19045786774979148,0.20103878371231856,89308800
1987-11-19,0.19574853777885437,0.2052714264605024,0.1946898981687142,0.2042127868503622,75024000
1987-11-20,0.20103871822357178,0.2020967586174283,0.18939978347741243,0.19257386833203843,82468800
1987-11-23,0.20209680497646332,0.206329548753936,0.19892271939373304,0.1999807418668178,44640000
1987-11-24,0.20103871822357178,0.20738752365433563,0.19257386833203843,0.20527146103009436,72230400
1987-11-25,0.19468985497951508,0.2020966797501865,0.1946898549795151,0.20103863976922492,32155200
1987-11-27,0.19151584804058075,0.19574859129139185,0.19045782569914102,0.19468995139184725,18316800
1987-11-30,0.18939979374408722,0.19045781603182352,0.17141203442864117,0.1872837310051419,164160000
1987-12-01,0.18516696989536285,0.19363181655141642,0.18199286809048754,0.18834167109457733,73540800
1987-12-02,0.18622562289237976,0.18939972492928428,0.18093485949097793,0.1841089433644163,68515200
1987-12-03,0.1708829700946808,0.18939973479035205,0.17035395911547585,0.1872836727100653,127670400
1987-12-04,0.1777607947587967,0.17934782778467429,0.16929592840899474,0.17035396858971458,121752000
1987-12-07,0.1830509603023529,0.18516702272147076,0.1788188354641172,0.18199292001105896,66211200
1987-12-08,0.20103871822357178,0.20103871822357178,0.18199293765279206,0.18305097804664858,112521600
1987-12-09,0.19574853777885437,0.2042127868503622,0.1946898981687142,0.1999806623146083,83793600
1987-12-10,0.20103871822357178,0.20950358627857688,0.18728372085317116,0.19257386833203843,165600000
1987-12-11,0.20315484702587128,0.20527152789766523,0.19786469782372834,0.20209682445083377,72475200
1987-12-14,0.21479441225528717,0.21585245294932276,0.2020968159547678,0.20315483848532648,95112000
1987-12-15,0.21691028773784637,0.21955535993833464,0.21161952577918908,0.21691028773784635,112219200
1987-12-16,0.22960732877254486,0.23172339084099475,0.21267761527265697,0.21373565538861541,105537600
1987-12-17,0.22008450329303741,0.23172345644057712,0.21902648104102593,0.23172345644057712,94017600
1987-12-18,0.22008450329303741,0.22749134926905906,0.22008450329303741,0.22220056596053253,52488000
1987-12-21,0.21796837449073792,0.2264332212815579,0.2147942726353286,0.22220048002550843,51163200
1987-12-22,0.22220055758953094,0.22431723773533666,0.21161964525609145,0.2179684505774498,41774400
1987-12-23,0.225375235080719,0.2274912972644817,0.22114249315528217,0.22537523508071902,60710400
1987-12-24,0.225375235080719,0.2274912972644817,0.22431719490710367,0.22537523508071902,12672000
1987-12-28,0.21691028773784637,0.22537515086785853,0.21161952577918908,0.22431711108958652,50716800
1987-12-29,0.2306654155254364,0.232781478021721,0.213735698602625,0.21691040082331925,79459200
1987-12-30,0.23595623672008514,0.2370142773032117,0.22960743015360027,0.23066547073672686,70704000
1987-12-31,0.22960732877254486,0.2359561325357724,0.22749128486756195,0.2338400704673225,61545600
1988-01-04,0.23701408505439758,0.23913012817731835,0.23066528363760472,0.23172330519906512,110347200
1988-01-05,0.24124647676944733,0.24547922194072866,0.23913041296299922,0.24230451775441236,155520000
1988-01-06,0.24759528040885925,0.2528860482875512,0.24124647156801432,0.24230451253016727,121680000
1988-01-07,0.25606003403663635,0.2565890451901761,0.2433630398127583,0.24547910259039052,90676800
1988-01-08,0.23701408505439758,0.26134999771788875,0.2354270345487467,0.25500181385874554,145440000
1988-01-11,0.2449500560760498,0.24547906715322193,0.23172343504993195,0.23595617755224574,143568000
1988-01-12,0.24018827080726624,0.24759509695886198,0.22960734228447266,0.2454790347658861,168480000
1988-01-13,0.24018827080726624,0.24759509695886198,0.23172340447744855,0.23701418659953646,96148800
1988-01-14,0.2380722612142563,0.24547908900232526,0.2370142389657417,0.2423043865352588,40608000
1988-01-15,0.24442103505134583,0.25076920404599257,0.24442103505134583,0.249711181934708,92174400
1988-01-18,0.24230441451072693,0.2454791173443315,0.23807228870110064,0.2454791173443315,30038400
1988-01-19,0.24230441451072693,0.24653715787847516,0.23595622579628747,0.23701426633043116,47419200
1988-01-20,0.22854936122894287,0.2423043764245563,0.22220055595430685,0.24018831385235256,208800000
1988-01-21,0.23278145492076874,0.2380722191126985,0.22960735240960067,0.22960735240960067,125107200
1988-01-22,0.22802042961120605,0.2375433229819475,0.2232586741467153,0.23542725967211636,75297600
1988-01-25,0.23595623672008514,0.23807229972286326,0.22960743015360027,0.22960743015360027,75499200
1988-01-26,0.2306654155254364,0.2364851913256187,0.2296073751955588,0.232781478021721,43560000
1988-01-27,0.23595623672008514,0.23807229972286326,0.23172349315637839,0.23172349315637839,100411200
1988-01-28,0.23913031816482544,0.24018835873035257,0.2370142733607206,0.2370142733607206,29318400
1988-01-29,0.23595623672008514,0.24124638514529292,0.23066547073672686,0.2391303221425148,66700800
1988-02-01,0.2338401824235916,0.2412463941273239,0.2327815424063745,0.2401883716682803,48729600
1988-02-02,0.23595623672008514,0.2370142773032117,0.23172349315637839,0.23384017371730703,60753600
1988-02-03,0.22325855493545532,0.23595614496743264,0.2211424927555179,0.23595614496743264,75801600
1988-02-04,0.21585237979888916,0.22537526955881843,0.21056159689044854,0.22431722922334318,114710400
1988-02-05,0.21796837449073792,0.2264332212815579,0.21691033448444644,0.2200844181763906,94104000
1988-02-08,0.21902640163898468,0.22220048540781387,0.21479427783823538,0.21479427783823538,72878400
1988-02-09,0.22325855493545532,0.22431719450160043,0.2200844525838152,0.2211424927555179,49939200
1988-02-10,0.2274913489818573,0.22854937123253305,0.22220056568001023,0.22431724590288576,77025600
1988-02-11,0.23172353208065033,0.23172353208065033,0.22749142352767135,0.22854944612504657,69436800
1988-02-12,0.2338401824235916,0.2380723085867174,0.2306654793248116,0.2317235017838552,80222400
1988-02-16,0.24336296319961548,0.2444210033370863,0.23066537357845643,0.2327814356899307,67334400
1988-02-17,0.24336296319961548,0.24865310939656746,0.24230432366772162,0.24547902531108975,101318400
1988-02-18,0.24547898769378662,0.24971111126820278,0.24124624656157473,0.24230428653691105,84153600
1988-02-19,0.24865306913852692,0.24865306913852692,0.2444209637642425,0.2465370255331169,53164800
1988-02-22,0.24865306913852692,0.24971110910469635,0.2454789855669475,0.24865306913852692,52228800
1988-02-23,0.25182729959487915,0.2539439800034834,0.2486531962373951,0.2486531962373951,91728000
1988-02-24,0.25341489911079407,0.2571180128866329,0.25182724836042847,0.25182724836042847,79560000
1988-02-25,0.24600809812545776,0.25606001777999116,0.2449500758855495,0.2528859147333226,61560000
1988-02-26,0.24653705954551697,0.24865310344285763,0.2423043178660261,0.24653705954551694,29923200
1988-02-29,0.2512982189655304,0.25182722999107043,0.24547904319418365,0.24759510545981256,39326400
1988-03-01,0.2497113198041916,0.2539440644712036,0.24759525624984136,0.2528860236122886,43300800
1988-03-02,0.25182729959487915,0.25711806519749375,0.2486531962373951,0.24971123674438103,67896000
1988-03-03,0.2581759989261627,0.2602920610503559,0.25288585269741354,0.25394389284124386,83664000
1988-03-04,0.25711801648139954,0.2592340789309678,0.25288589158226304,0.25817603862444855,68356800
1988-03-07,0.2650538980960846,0.26558292741788925,0.25711805867260373,0.2581760809892665,78004800
1988-03-08,0.270344078540802,0.27404779256756784,0.26558294153578,0.26664096390868525,96897600
1988-03-09,0.2708730101585388,0.2729896900041739,0.26769890764526455,0.2687569478708456,81734400
1988-03-10,0.2655829191207886,0.27510580988523137,0.2639958675319024,0.27193170670745903,97948800
1988-03-11,0.2645248770713806,0.2666409397892535,0.2581760713596946,0.2645248770713806,84297600
1988-03-14,0.26928600668907166,0.2698150178140054,0.26029212735325785,0.2634668479878561,46281600
1988-03-15,0.2645248770713806,0.2698150247843265,0.26346685479418047,0.2698150247843265,43761600
1988-03-16,0.2740477919578552,0.2740477919578552,0.262408837506298,0.2655829409449003,54547200
1988-03-17,0.270344078540802,0.2772218778497578,0.2698150491908752,0.2751058331039473,125308800
1988-03-18,0.24653705954551697,0.2708729811153554,0.24653705954551694,0.2698149410032181,169920000
1988-03-21,0.24865306913852692,0.24865306913852692,0.2401882226687032,0.2475950473358219,198720000
1988-03-22,0.2550019919872284,0.2571180547517589,0.24865318613555587,0.24865318613555587,115833600
1988-03-23,0.2497113198041916,0.263995970290069,0.2486532789452766,0.2613502778296896,151200000
1988-03-24,0.23913031816482544,0.24865320999533636,0.23595623279519345,0.24865320999533636,159840000
1988-03-25,0.23754316568374634,0.2438919508039138,0.23595611471142947,0.24018823852863072,47332800
1988-03-28,0.24071739614009857,0.24124640739872225,0.2327815552121061,0.23489823596828494,67147200
1988-03-29,0.23913031816482544,0.2465371651912315,0.23807229576277303,0.24230442169793215,80712000
1988-03-30,0.23172353208065033,0.24124642566919394,0.2296074687224218,0.2401884030718187,100713600
1988-03-31,0.23913031816482544,0.23913031816482544,0.23066546689984166,0.23066546689984166,50256000
1988-04-04,0.2338401824235916,0.239130331045761,0.2306654793248116,0.2370142861276738,47721600
1988-04-05,0.23701408505439758,0.23701408505439756,0.23066528363760472,0.2348980237680165,41760000
1988-04-06,0.24600809812545776,0.24653712740888378,0.23595619663439624,0.2370142370377764,75297600
1988-04-07,0.24230441451072693,0.24865320261981416,0.24230441451072693,0.24653715787847516,74923200
1988-04-08,0.24547898769378662,0.2475950494809947,0.24177527563097517,0.24336292590657857,57974400
1988-04-11,0.24336296319961548,0.247595087422564,0.24124628353025082,0.247595087422564,40406400
1988-04-12,0.23595623672008514,0.24442110628934813,0.23278153373950497,0.24230442572841948,52444800
1988-04-13,0.24124647676944733,0.24124647676944735,0.2348983035135849,0.23701436732003303,42206400
1988-04-14,0.22431716322898865,0.23913019581787145,0.2232585238104311,0.2348980902114729,110030400
1988-04-15,0.22960732877254486,0.2327814309569532,0.22325854317278432,0.22537522279911207,114220800
1988-04-18,0.23172353208065033,0.23384021299713312,0.22749142352767135,0.22854944612504657,48052800
1988-04-19,0.22960732877254486,0.24124627862516365,0.22854930682005342,0.23172339084099475,75772800
1988-04-20,0.2306654155254364,0.232781478021721,0.22749133086274487,0.2296073751955588,65404800
1988-04-21,0.23013633489608765,0.2348980870908833,0.22749126211592846,0.23278140767624683,63979200
1988-04-22,0.2338401824235916,0.2359562455051545,0.2306654793248116,0.2306654793248116,33926400
1988-04-25,0.23331114649772644,0.235956220528826,0.23172347725556908,0.2338401576712516,23385600
1988-04-26,0.23595623672008514,0.2391303221425148,0.23384017371730703,0.23595623672008514,46454400
1988-04-27,0.23489809036254883,0.2370141522488418,0.22960730900725906,0.2359561122239626,47894400
1988-04-28,0.23436914384365082,0.2359561953584027,0.23278149293432848,0.234898173124216,28468800
1988-04-29,0.2306654155254364,0.232781478021721,0.2296073751955588,0.232781478021721,64771200
1988-05-02,0.23278145492076874,0.2338400945401203,0.22643326806190145,0.23066539263447966,49262400
1988-05-03,0.23913031816482544,0.241246381132405,0.2338401698276139,0.2338401698276139,62740800
1988-05-04,0.2417752593755722,0.24442094944863282,0.237014125215328,0.240188208601003,75153600
1988-05-05,0.24124647676944733,0.24230451775441236,0.23807239014151613,0.24018845394796423,24883200
1988-05-06,0.24230441451072693,0.2454791173443315,0.24018835160591379,0.24018835160591379,43977600
1988-05-09,0.24230441451072693,0.24653715787847516,0.24018835160591379,0.24230441451072693,34790400
1988-05-10,0.24124647676944733,0.24389216954502208,0.23807239014151613,0.24230451775441236,46828800
1988-05-11,0.23595623672008514,0.2391303221425148,0.23278153373950497,0.2391303221425148,59486400
1988-05-12,0.23701408505439758,0.23913012817731835,0.2348980237680165,0.2359560453294769,26409600
1988-05-13,0.24018827080726624,0.24124629282202015,0.23807220861429035,0.23913023062904426,17913600
1988-05-16,0.24653705954551697,0.24918213258065974,0.24018825580521846,0.24018825580521846,59788800
1988-05-17,0.24547898769378662,0.25076913308007454,0.24547898769378665,0.24971111126820278,70430400
1988-05-18,0.24018827080726624,0.24706608595148502,0.23913023062904426,0.2454790347658861,81374400
1988-05-19,0.24124647676944733,0.24230451775441236,0.235956326335068,0.23701436732003303,57729600
1988-05-20,0.2380722612142563,0.24442106675381067,0.2370142389657417,0.2423043865352588,42523200
1988-05-23,0.23278145492076874,0.2391302411741086,0.23066539263447966,0.2380722191126985,50227200
1988-05-24,0.24018827080726624,0.24018827080726624,0.23172340447744855,0.2327814446556705,55324800
1988-05-25,0.23595623672008514,0.24124638514529292,0.2348982143004336,0.2391303221425148,53582400
1988-05-26,0.23754316568374634,0.2412462604011982,0.23595611471142947,0.23701415474746257,43387200
1988-05-27,0.23489809036254883,0.23807217411025552,0.23489809036254883,0.23807217411025552,33148800
1988-05-31,0.24547898769378662,0.24653702766912297,0.23384003938807876,0.23489807936341509,44049600
1988-06-01,0.2507692277431488,0.25394394826191674,0.2444210581486136,0.2465371207346158,95788800
1988-06-02,0.2497113198041916,0.2539440644712036,0.2486532789452766,0.2518273833585419,63230400
1988-06-03,0.25182729959487915,0.25288593949649746,0.2486531962373951,0.24971123674438103,34833600
1988-06-06,0.25711801648139954,0.25817603862444855,0.25076921157470566,0.25182725188122496,81748800
1988-06-07,0.2581759989261627,0.2624087407324432,0.25553092581178816,0.2581759989261627,82166400
1988-06-08,0.2624087631702423,0.2645248254753737,0.25711799893120135,0.25711799893120135,66283200
1988-06-09,0.26135018467903137,0.26611193899657243,0.26082117351986434,0.2634668650372641,69264000
1988-06-10,0.2634667456150055,0.26558280745599394,0.25923400437521715,0.2613500662162056,45014400
1988-06-13,0.2639957368373871,0.26664080940040474,0.2634667259574763,0.2645247477172979,31118400
1988-06-14,0.2666408121585846,0.2687568738635804,0.2655827903878187,0.2666408121585846,60379200
1988-06-15,0.2708730101585388,0.2708730101585388,0.2645248232954592,0.2655828635210402,51033600
1988-06-16,0.2687569260597229,0.2698149480359707,0.26664086394375996,0.26769888592000773,73713600
1988-06-17,0.2666408121585846,0.27193157489711395,0.2655827903878187,0.2687568738635804,42105600
1988-06-20,0.2655829191207886,0.2666409414043976,0.26240881594301624,0.2655829191207886,28137600
1988-06-21,0.2708730101585388,0.2708730101585388,0.2645248232954592,0.2645248232954592,39715200
1988-06-22,0.28357067704200745,0.2856867398983573,0.2724607340289314,0.275105826221974,127324800
1988-06-23,0.2793377935886383,0.28462857471423797,0.2782797717731567,0.28357053473529176,41054400
1988-06-24,0.2761639356613159,0.2803960627086875,0.2751059129812128,0.27933802186510487,28555200
1988-06-27,0.2708730101585388,0.27616377435397926,0.2708730101585388,0.27616377435397926,23630400
1988-06-28,0.2782799303531647,0.27933795277156864,0.26981506079388307,0.27087310137576204,32140800
1988-06-29,0.2782799303531647,0.2814546333300014,0.2772218897712857,0.27933795277156864,49809600
1988-06-30,0.28357067704200745,0.28357067704200745,0.2793379337712,0.28039597428111174,31550400
1988-07-01,0.2878027558326721,0.2878027558326721,0.28251260863601557,0.2835706308099586,42940800
1988-07-05,0.2946806848049164,0.2952096960943744,0.28357073935066535,0.28568680267197527,48096000
1988-07-06,0.2909773886203766,0.29838359656054586,0.2899187491411212,0.2952095126328923,89380800
1988-07-07,0.2909773886203766,0.29203542870523874,0.2867446470500012,0.28886070905625905,68428800
1988-07-08,0.28991883993148804,0.29097747974226484,0.2867447368463727,0.28780277726256853,40089600
1988-07-11,0.28251251578330994,0.29097736244115263,0.28251251578330994,0.29097736244115263,65764800
1988-07-12,0.27775081992149353,0.284628635232694,0.2740477064530134,0.28357059502878457,90000000
1988-07-13,0.28251251578330994,0.28251251578330994,0.27510569095167275,0.2772217346040837,57427200
1988-07-14,0.28357067704200745,0.28357067704200745,0.2793379337712,0.2825126546955694,34848000
1988-07-15,0.28357067704200745,0.28462871755191926,0.28039597428111174,0.28357067704200745,31579200
1988-07-18,0.285686731338501,0.28674475365323815,0.2835706685455534,0.2846287090237638,20102400
1988-07-19,0.2793377935886383,0.28568659652971956,0.2782797717731567,0.28462857471423797,36460800
1988-07-20,0.2708730101585388,0.2814545385494197,0.2698149699329578,0.2814545385494197,111096000
1988-07-21,0.2581759989261627,0.2708729892292158,0.25605995496543704,0.2698149490853855,128937600
1988-07-22,0.26135018467903137,0.2645248873555981,0.2560600367604147,0.25711805907874874,68817600
1988-07-25,0.25606003403663635,0.26452488454177686,0.2550019935660837,0.2624088217641447,52704000
1988-07-26,0.24547898769378662,0.24971111126820278,0.24018822474970297,0.24547898769378665,228960000
1988-07-27,0.24389198422431946,0.2497111598112365,0.24336297321554556,0.24653707559512508,68140800
1988-07-28,0.24653705954551697,0.2475950814941873,0.24124627775388882,0.24336295737257205,57945600
1988-07-29,0.25182729959487915,0.2539439800034834,0.24653715155037065,0.24759517389388289,59385600
1988-08-01,0.24759528040885925,0.25394408924970413,0.24759528040885923,0.2528860482875512,51825600
1988-08-02,0.24336296319961548,0.24865310939656746,0.24018826155624737,0.247595087422564,65476800
1988-08-03,0.2380722612142563,0.24336302634182402,0.23489817630524043,0.2423043865352588,91987200
1988-08-04,0.23489809036254883,0.2391301959716693,0.23489809036254883,0.23807217411025552,53496000
1988-08-05,0.22643321752548218,0.23489808233935205,0.21902639270035296,0.23489808233935205,201600000
1988-08-08,0.225375235080719,0.2274912972644817,0.22325855533904485,0.2274912972644817,148320000
1988-08-09,0.21902640163898468,0.22537520489793741,0.2158523178701555,0.22431716486601733,138830400
1988-08-10,0.2137356400489807,0.219026403316536,0.21161957813239887,0.21691034139995416,113169600
1988-08-11,0.21902640163898468,0.22008442350743923,0.2116195765115774,0.2158523178701555,123105600
1988-08-12,0.22008450329303741,0.22114254370852104,0.21796845878901444,0.21902648104102593,58262400
1988-08-15,0.21479441225528717,0.22114260192907004,0.21161970894191892,0.22008456123503442,41083200
1988-08-16,0.22220055758953094,0.22325859796515482,0.21267766746824388,0.21373570784386775,90878400
1988-08-17,0.22220055758953094,0.22802035180481306,0.21743942130790211,0.22220055758953094,59112000
1988-08-18,0.22325855493545532,0.22537523467330312,0.22220051476375263,0.2232585549354553,32025600
1988-08-19,0.2137356400489807,0.2243171665840913,0.21267760000895694,0.22325852714969968,67377600
1988-08-22,0.20315484702587128,0.21373578115187605,0.20209682445083377,0.21267774041336085,110174400
1988-08-23,0.20897459983825684,0.21056163337122444,0.20209678248019589,0.20421284535429327,88315200
1988-08-24,0.21796837449073792,0.21849738541215108,0.20844548769362642,0.20950350953645275,102585600
1988-08-25,0.21479441225528717,0.21796851617391705,0.21161970894191892,0.2126777314724776,72633600
1988-08-26,0.21743935346603394,0.21902640445256832,0.21479428059745376,0.21479428059745376,24451200
1988-08-29,0.22061339020729065,0.2222004225610995,0.21902633969002142,0.2200843612592273,35035200
1988-08-30,0.21691028773784637,0.22114241052401207,0.21585226612303554,0.22008437074574005,20966400
1988-08-31,0.21161967515945435,0.21902650373960258,0.20844558991100484,0.21796848137794408,71884800
1988-09-01,0.20685847103595734,0.21056156626280276,0.2031547400877276,0.20950354424469494,82382400
1988-09-02,0.21796837449073792,0.21902639633356424,0.20950350953645275,0.2105615313792791,115329600
1988-09-06,0.22008450329303741,0.22220056596053253,0.2169104183735308,0.21796845878901444,67752000
1988-09-07,0.21902640163898468,0.22325852543973398,0.21479427783823538,0.22114246353935932,72115200
1988-09-08,0.22008450329303741,0.22537528660156395,0.2169104183735308,0.21796845878901444,69206400
1988-09-09,0.22854936122894287,0.2317234460055128,0.21796844897337073,0.21902647117773694,111124800
1988-09-12,0.2274913489818573,0.23278149656218033,0.2264333085677094,0.2274913489818573,43257600
1988-09-13,0.22854936122894287,0.22960738343330908,0.22325859632214437,0.22537527645237296,40608000
1988-09-14,0.22854936122894287,0.2338401261357414,0.2274913390245767,0.23225247527116724,79214400
1988-09-15,0.22114241123199463,0.22960725622564562,0.2200843714503353,0.22854923460744755,72921600
1988-09-16,0.22008450329303741,0.22220056596053253,0.21902648104102593,0.22114254370852104,48700800
1988-09-19,0.21902640163898468,0.22220048540781387,0.2158523178701555,0.22220048540781387,44697600
1988-09-20,0.225375235080719,0.22537523508071902,0.2190264309715195,0.22008445298166682,53625600
1988-09-21,0.2274913489818573,0.22854937123253305,0.2264333085677094,0.2264333085677094,16056000
1988-09-22,0.2306654155254364,0.232781478021721,0.22749133086274487,0.22854935302915183,59688000
1988-09-23,0.2274913489818573,0.2306654338973567,0.2274913489818573,0.2306654338973567,35092800
1988-09-26,0.22167150676250458,0.22854932195751482,0.21902643354261836,0.2274912999349476,50212800
1988-09-27,0.22008450329303741,0.22114254370852104,0.21796845878901444,0.22008450329303741,35366400
1988-09-28,0.22431716322898865,0.22431716322898868,0.21902640004056712,0.2211424619254991,25516800
1988-09-29,0.22431716322898865,0.22643322511392067,0.2222004837862324,0.2232585238104311,56462400
1988-09-30,0.22114241123199463,0.22431711180773278,0.21902634983213723,0.223258472631852,37252800
1988-10-03,0.21743935346603394,0.21902640445256832,0.21373564115757127,0.21691034252501104,41097600
1988-10-04,0.21638135612010956,0.2200844512906404,0.2153233159546237,0.21796840728660438,29260800
1988-10-05,0.2126777023077011,0.21691044573466323,0.21161967992223046,0.21691044573466323,67089600
1988-10-06,0.21161967515945435,0.21479437796602055,0.21161967515945435,0.21267769752111285,33609600
1988-10-07,0.2105615884065628,0.21267765082878273,0.20262575038785946,0.21161962869940779,208065600
1988-10-10,0.20844554901123047,0.2116196336368826,0.20209674403846029,0.2116196336368826,106358400
1988-10-11,0.2105615884065628,0.21373569112162774,0.2073875038549679,0.2105615884065628,65952000
1988-10-12,0.2142653614282608,0.21902649826363707,0.20738754420089675,0.20950360703478327,137534400
1988-10-13,0.21796837449073792,0.22114245818268208,0.21267759322839694,0.21320662231327522,82468800
1988-10-14,0.21691028773784637,0.22114241052401207,0.21585226612303554,0.22008437074574005,56764800
1988-10-17,0.22008450329303741,0.22220056596053253,0.2169104183735308,0.2169104183735308,25675200
1988-10-18,0.22220055758953094,0.22325859796515482,0.21691041020182592,0.21902647278960222,37224000
1988-10-19,0.225375235080719,0.2274912972644817,0.22114249315528217,0.22643325709086634,80683200
1988-10-20,0.22643321752548218,0.22854927933949876,0.22325851632838611,0.22325851632838611,73296000
1988-10-21,0.22431716322898865,0.22643322511392067,0.2222004837862324,0.22431716322898868,24264000
1988-10-24,0.22008450329303741,0.22537528660156395,0.21955549216703169,0.22537528660156395,28627200
1988-10-25,0.2137356400489807,0.22114246523311784,0.21161957813239887,0.22008442519309407,74548800
1988-10-26,0.2105615884065628,0.21373569112162774,0.20527144143274798,0.21267765082878273,157420800
1988-10-27,0.2095036655664444,0.2095036655664444,0.20209683510213822,0.2084456429356449,114336000
1988-10-28,0.2095036655664444,0.2105616881972439,0.20527153871628911,0.2084456429356449,46540800
1988-10-31,0.20738746225833893,0.20844550233896808,0.20527140026054697,0.20844550233896808,41284800
1988-11-01,0.20632950961589813,0.2105616168689372,0.20632950961589813,0.2073875318882898,53280000
1988-11-02,0.1999807059764862,0.20632951172419076,0.19786464324660832,0.20632951172419076,221803200
1988-11-03,0.1999807059764862,0.2020967687063641,0.1952195693751291,0.1999807059764862,118339200
1988-11-04,0.19680655002593994,0.2020966958621044,0.19680655002593997,0.19680655002593997,106603200
1988-11-07,0.19786466658115387,0.19892270715260585,0.19468996363560392,0.19680664417317673,55065600
1988-11-08,0.20580047369003296,0.2073875252109943,0.19892267525592347,0.19998069749424977,56606400
1988-11-09,0.2105615884065628,0.21161962869940779,0.202096739323172,0.20315476145254693,124732800
1988-11-10,0.20738746225833893,0.21373564825171473,0.20738746225833893,0.21056154617329365,78796800
1988-11-11,0.20156772434711456,0.2073874998306667,0.2010386951292227,0.2052714374495084,54936000
1988-11-14,0.20527146756649017,0.20632950799403754,0.20103872462518568,0.20315478731680808,34329600
1988-11-15,0.1989225447177887,0.2052713278664988,0.1968064834662785,0.2052713278664988,93902400
1988-11-16,0.19574853777885437,0.1999806623146083,0.19257383590083724,0.19945165128850623,199008000
1988-11-17,0.19468985497951508,0.19786455615326953,0.1936318149985535,0.19574849435481104,65865600
1988-11-18,0.19733566045761108,0.19786467167521915,0.19363192804924442,0.19574860864131158,34430400
1988-11-21,0.19468985497951508,0.19574849435481104,0.19151575320009503,0.1946898549795151,47102400
1988-11-22,0.19468985497951508,0.19680653433577264,0.1925737931810566,0.1946898549795151,30312000
1988-11-23,0.19839365780353546,0.19892268711771663,0.19468994402702375,0.1957485838865216,56548800
1988-11-25,0.19627758860588074,0.1968066179027274,0.19363189721747567,0.19574857747250646,11462400
1988-11-28,0.1989225447177887,0.20103858780583894,0.19574844375879338,0.19574844375879338,58737600
1988-11-29,0.20103871822357178,0.20103871822357178,0.19786463336894577,0.1989226737628023,21873600
1988-11-30,0.1999807059764862,0.2020967687063641,0.1999807059764862,0.1999807059764862,35193600
1988-12-01,0.20738746225833893,0.20950352425613086,0.19892261487278032,0.20103865870710586,82008000
1988-12-02,0.2105615884065628,0.21267765082878273,0.20527144143274798,0.20527144143274798,91497600
1988-12-05,0.2095036655664444,0.21373579241659968,0.20632957951056727,0.2105616881972439,70142400
1988-12-06,0.2105615884065628,0.2105615884065628,0.2073875038549679,0.20950356627718786,44366400
1988-12-07,0.20844554901123047,0.2116196336368826,0.20791651977072975,0.20950357116529103,30888000
1988-12-08,0.20738746225833893,0.20950352425613086,0.20632944034117615,0.20844550233896808,40176000
1988-12-09,0.20738746225833893,0.20844550233896808,0.20527140026054697,0.20632944034117615,22305600
1988-12-12,0.2005096971988678,0.2073875134049113,0.2005096971988678,0.2063294912268157,38894400
1988-12-13,0.20209680497646332,0.20209680497646332,0.1999807418668178,0.1999807418668178,39168000
1988-12-14,0.2047424614429474,0.20632951304135538,0.20103872954307817,0.20209676999650777,28008000
1988-12-15,0.20738746225833893,0.20844550233896808,0.20527140026054697,0.20738746225833893,23198400
1988-12-16,0.2105615884065628,0.21267765082878273,0.20632948172559296,0.20632948172559296,51796800
1988-12-19,0.21479441225528717,0.21796851617391705,0.2137357721665132,0.21426540099000782,83534400
1988-12-20,0.21691028773784637,0.2222004321388229,0.21585226612303554,0.21743929854525176,92188800
1988-12-21,0.22114241123199463,0.2222004328501927,0.21691028843227986,0.2179683282139392,46440000
1988-12-22,0.22008450329303741,0.22431724618608032,0.21902648104102593,0.22220056596053253,74592000
1988-12-23,0.22008450329303741,0.22008450329303741,0.21796845878901444,0.21902648104102593,17121600
1988-12-27,0.21902640163898468,0.22220048540781387,0.21902640163898468,0.22008442350743923,30772800
1988-12-28,0.22114241123199463,0.22114241123199463,0.21902634983213723,0.2200843714503353,21268800
1988-12-29,0.225375235080719,0.22643325709086634,0.22008445298166682,0.22008445298166682,38275200
1988-12-30,0.225375235080719,0.22960734128477636,0.22537523508071902,0.22643325709086634,63820800
1989-01-03,0.22696234285831451,0.2274913722011207,0.22325862888139997,0.22643333167898227,51825600
1989-01-04,0.22960732877254486,0.23225241998070748,0.2264332447516035,0.2264332447516035,53899200
1989-01-05,0.22590427100658417,0.2317234290312751,0.22537525994315225,0.2317234290312751,47246400
1989-01-06,0.22431716322898865,0.22749126513811935,0.22431716322898868,0.22643322511392067,59054400
1989-01-09,0.22220055758953094,0.22537527811096053,0.2206135242713023,0.22431723773533666,46008000
1989-01-10,0.22008450329303741,0.22220056596053253,0.21902648104102593,0.22114254370852104,54129600
1989-01-11,0.22220055758953094,0.22220055758953094,0.2179684505774498,0.21955548389567842,48297600
1989-01-12,0.22220055758953094,0.22749134069873683,0.22114253537737852,0.22114253537737852,54590400
1989-01-13,0.22431716322898865,0.22537520325318738,0.2222004837862324,0.2222004837862324,35568000
1989-01-16,0.2248462438583374,0.22907836894009703,0.22325859301726508,0.22537527311616062,27532800
1989-01-17,0.21796837449073792,0.2237881485110269,0.21691033448444644,0.22272950911038672,41745600
1989-01-18,0.21796837449073792,0.21902639633356424,0.21267759322839694,0.21902639633356424,63633600
1989-01-19,0.22643321752548218,0.22749125751422286,0.22114245451436954,0.22114245451436954,84297600
1989-01-20,0.22907842695713043,0.23013646757726813,0.22537533019533754,0.2264333526519996,61027200
1989-01-23,0.22431716322898865,0.22854928699885263,0.22378815229862203,0.22854928699885263,52228800
1989-01-24,0.22325855493545532,0.22643325668153785,0.22220051476375263,0.22431719450160043,56217600
1989-01-25,0.22431716322898865,0.22537520325318738,0.2222004837862324,0.22431716322898868,49046400
1989-01-26,0.22960732877254486,0.2306653688885033,0.22220050305682587,0.2227295321965386,87134400
1989-01-27,0.23436914384365082,0.23913028022443464,0.22749134543645133,0.22907837878773138,166420800
1989-01-30,0.24759528040885925,0.24865330320753065,0.2338402574868697,0.23489829844902269,110088000
1989-01-31,0.2523568868637085,0.2550019604513898,0.24759513321518345,0.2497111957180226,125092800
1989-02-01,0.2507692277431488,0.2528859078871799,0.24971120553188342,0.25182726811788564,131212800
1989-02-02,0.25764691829681396,0.2666407929107154,0.25076910523515716,0.2518271450930108,180028800
1989-02-03,0.2581759989261627,0.2645248028566363,0.25394389284124386,0.25605995496543704,91324800
1989-02-06,0.25606003403663635,0.25817607865079545,0.2528859307884515,0.25711805634371593,87580800
1989-02-07,0.26293784379959106,0.264524895489365,0.25606004463389936,0.2565890558093327,127094400
1989-02-08,0.2645248770713806,0.27087306522499927,0.26029213407756746,0.2624088143535077,133315200
1989-02-09,0.26981499791145325,0.27404774048369623,0.26135014848844396,0.26240878821827374,199036800
1989-02-10,0.26187968254089355,0.2687568786641041,0.26082104319344646,0.26664081692131125,129038400
1989-02-13,0.25923407077789307,0.26240877282865305,0.2581760305046499,0.26029209288766664,94075200
1989-02-14,0.2550019919872284,0.26346686060343144,0.25394396968669963,0.2618798089891653,62956800
1989-02-15,0.2634667456150055,0.2634667456150055,0.2550018806932402,0.25605992069546696,81936000
1989-02-16,0.2655829191207886,0.26875700413508824,0.25923411337064545,0.2645248786737069,61387200
1989-02-17,0.2645248770713806,0.26769896206645366,0.26346685479418047,0.2666409397892535,29692800
1989-02-21,0.26135018467903137,0.2655829278374054,0.2602921441972241,0.2634668650372641,33753600
1989-02-22,0.2539439797401428,0.26135019062746917,0.2539439797401428,0.26029215012158047,95515200
1989-02-23,0.25553098320961,0.257118034700108,0.25076922934355456,0.25500197210060116,75945600
1989-02-24,0.24865306913852692,0.2571179337718151,0.24865306913852692,0.25500187200294067,76017600
1989-02-27,0.2528859078884125,0.25500197047442497,0.24759514294708795,0.2486531651583585,68788800
1989-02-28,0.25182729959487915,0.2550020023469956,0.24971123674438103,0.2539439800034834,43444800
1989-03-01,0.2507692277431488,0.2550019704731821,0.2507692277431488,0.25394394826191674,59889600
1989-03-02,0.25711801648139954,0.25817603862444855,0.25076921157470566,0.25076921157470566,92304000
1989-03-03,0.26135018467903137,0.2624088245554568,0.2560600367604147,0.25711805907874874,68947200
1989-03-06,0.2624087631702423,0.26346680340454254,0.2581760210020326,0.2613501235414642,56635200
1989-03-07,0.22643321752548218,0.25394385561764365,0.22537519570020628,0.25288581562890294,788688000
1989-03-08,0.22220055758953094,0.23066542549866556,0.22167154648345472,0.22749134069873683,253612800
1989-03-09,0.21902640163898468,0.22325852543973398,0.21796837977053013,0.22325852543973398,123307200
1989-03-10,0.21902640163898468,0.22220048540781387,0.2158523178701555,0.21796837977053013,66902400
1989-03-13,0.22325855493545532,0.2232585549354553,0.21902643057558047,0.2200844525838152,60206400
1989-03-14,0.22325855493545532,0.22537523467330312,0.2211424927555179,0.22537523467330312,63720000
1989-03-15,0.2126777023077011,0.22325863453791053,0.2126777023077011,0.22325863453791053,104889600
1989-03-16,0.21691028773784637,0.2179683275161184,0.21373558717227192,0.2147942263447635,102888000
1989-03-17,0.19680655002593994,0.21373564515759413,0.19468987050093267,0.21267760509228156,245577600
1989-03-20,0.19680655002593994,0.19680655002593997,0.1936318304356201,0.19627752091155062,238996800
1989-03-21,0.21109060943126678,0.2116196204753957,0.1957485444492856,0.19786460678927062,224467200
1989-03-22,0.20738746225833893,0.21056154617329365,0.20527140026054697,0.20950352425613086,167025600
1989-03-23,0.2126777023077011,0.2126777023077011,0.20632953166792825,0.20632953166792825,87811200
1989-03-27,0.2105615884065628,0.2142653197442963,0.20950356627718786,0.21161962869940779,75542400
1989-03-28,0.2105615884065628,0.21373569112162774,0.20844554414781288,0.21267765082878273,70804800
1989-03-29,0.2095036655664444,0.2105616881972439,0.2084456429356449,0.2105616881972439,30009600
1989-03-30,0.21109060943126678,0.2116196204753957,0.2079165068395546,0.21056158022366853,46742400
1989-03-31,0.21109060943126678,0.21267764256365354,0.2095035581354107,0.2116196204753957,29736000
1989-04-03,0.2126777023077011,0.21479438280024746,0.21003262818055002,0.21161967992223046,35049600
1989-04-04,0.21161967515945435,0.21267769752111285,0.20950361227266334,0.21267769752111285,25027200
1989-04-05,0.21320664882659912,0.2137356598137975,0.21056155756367254,0.21161959770153665,19641600
1989-04-06,0.21691028773784637,0.2179683275161184,0.21267754739399988,0.21373558717227192,51681600
1989-04-07,0.21691028773784637,0.21902634913092922,0.21585226612303554,0.21691028773784635,29448000
1989-04-10,0.21743935346603394,0.22114246638012564,0.21691034252501104,0.21691034252501104,28670400
1989-04-11,0.21743935346603394,0.22008442633461409,0.2132066302165484,0.2179683825705226,28728000
1989-04-12,0.20368371903896332,0.21902637861520385,0.20156765736102644,0.21902637861520385,71020800
1989-04-13,0.20632950961589813,0.2132067088768613,0.20103872620545787,0.202096766641322,92880000
1989-04-14,0.21479441225528717,0.21691047547988146,0.20844562318676593,0.20844562318676593,62625600
1989-04-17,0.21796837449073792,0.22167146910409524,0.2147942726353286,0.21691033448444644,51638400
1989-04-18,0.225375235080719,0.22537523508071902,0.22008445298166682,0.2222005151654295,69336000
1989-04-19,0.23225247859954834,0.23595619208940366,0.23066542710678387,0.23278148970931262,168969600
1989-04-20,0.23701408505439758,0.23913012817731835,0.23066528363760472,0.2327813449239858,138801600
1989-04-21,0.2338401824235916,0.2370142861276738,0.2327815424063745,0.2370142861276738,58190400
1989-04-24,0.23331114649772644,0.2348981981817757,0.23066545490851878,0.23278151776609315,29332800
1989-04-25,0.23172353208065033,0.23595627635536165,0.2306655094832751,0.23489825375798642,24897600
1989-04-26,0.22854936122894287,0.23278148637335033,0.22696230975892226,0.23278148637335033,44510400
1989-04-27,0.23172353208065033,0.232252561542816,0.22854944612504657,0.22854944612504657,34588800
1989-04-28,0.23648515343666077,0.23807220459546918,0.22749129441475666,0.23172340056579951,69782400
1989-05-01,0.23119433224201202,0.2370141238301997,0.22960728147671766,0.23436903316688806,33739200
1989-05-02,0.22854936122894287,0.23278148637335033,0.22643329865673917,0.2317234460055128,34372800
1989-05-03,0.22854936122894287,0.2317234460055128,0.22854936122894287,0.22854936122894287,28857600
1989-05-04,0.22220055758953094,0.22960738512304169,0.22114253537737852,0.22960738512304169,37425600
1989-05-05,0.22008450329303741,0.22537528660156395,0.21902648104102593,0.22537528660156395,35827200
1989-05-08,0.21796837449073792,0.22114245818268208,0.21585231264162008,0.2200844181763906,49003200
1989-05-09,0.22431716322898865,0.22643322511392067,0.21796837817983383,0.21902640004056712,54590400
1989-05-10,0.22854936122894287,0.2317234460055128,0.22537527645237296,0.22643329865673917,58752000
1989-05-11,0.22854936122894287,0.22960738343330908,0.22643329865673917,0.22960738343330908,34401600
1989-05-12,0.22960732877254486,0.2327814309569532,0.2264332447516035,0.23119437986474903,71092800
1989-05-15,0.23172353208065033,0.23278157284150364,0.22854944612504657,0.2290784574237342,74736000
1989-05-16,0.2380722612142563,0.23913028346277088,0.23066543342618728,0.23172345567470187,83433600
1989-05-17,0.24283403158187866,0.24547910554488575,0.2386012884175857,0.2386012884175857,89812800
1989-05-18,0.24653705954551697,0.24812409246852246,0.2423043178660261,0.2423043178660261,52574400
1989-05-19,0.24653705954551697,0.2518272056158025,0.24600803040771485,0.24600803040771485,62568000
1989-05-22,0.2507692277431488,0.25182726811788564,0.2444210581486136,0.2465371207346158,74275200
1989-05-23,0.23965929448604584,0.24971119529281718,0.23807224307075117,0.24653711062569858,97545600
1989-05-24,0.24336296319961548,0.24336296319961548,0.23595613733329882,0.23754318845777136,69364800
1989-05-25,0.24336296319961548,0.247595087422564,0.24124628353025082,0.24336296319961548,33840000
1989-05-26,0.24918217957019806,0.24971119064429148,0.24442104357641625,0.24547906572460315,37886400
1989-05-30,0.2497113198041916,0.25235701226457097,0.24759525624984136,0.24971131980419162,63907200
1989-05-31,0.25606003403663635,0.25817607865079545,0.2497112281456549,0.2497112281456549,80971200
1989-06-01,0.2539439797401428,0.25711806493086165,0.25288593923425406,0.25500200208255785,62798400
1989-06-02,0.24653705954551697,0.25500190718315613,0.24653705954551694,0.25447289620882096,54043200
1989-06-05,0.24018827080726624,0.24759509695886198,0.23913023062904426,0.24759509695886198,61416000
1989-06-06,0.24759528040885925,0.24812429180819495,0.23913040780718992,0.2401884487693429,53899200
1989-06-07,0.2528859078884125,0.2539439482631544,0.2486531651583585,0.2486531651583585,44928000
1989-06-08,0.2528859078884125,0.25500197047442497,0.251827268119113,0.2528859078884125,29217600
1989-06-09,0.2528859078884125,0.2544729593687897,0.25076922774437105,0.2528859078884125,36144000
1989-06-12,0.2497113198041916,0.25500208716663886,0.24812426759755898,0.2528860236122886,51681600
1989-06-13,0.24230441451072693,0.24759518024914468,0.24230441451072693,0.2470661690638099,40564800
1989-06-14,0.24442103505134583,0.24547905716263035,0.23913025244654337,0.24442103505134583,47304000
1989-06-15,0.24018827080726624,0.24442101275113218,0.23807220861429035,0.24442101275113218,52113600
1989-06-16,0.24018827080726624,0.24124629282202015,0.23807220861429035,0.23965925979988928,47361600
1989-06-19,0.23913031816482544,0.241246381132405,0.23489821039314104,0.241246381132405,27158400
1989-06-20,0.2306654155254364,0.2401883052349844,0.2306654155254364,0.23913026490510678,45806400
1989-06-21,0.23278145492076874,0.23701419705128837,0.22537524600049133,0.22537524600049133,80496000
1989-06-22,0.23489809036254883,0.23489809036254883,0.23278141091843121,0.23384005033766964,36072000
1989-06-23,0.23436914384365082,0.23701423575606123,0.23384013272655746,0.234898173124216,33537600
1989-06-26,0.23172353208065033,0.23489825375798642,0.2296074687224218,0.23384021299713312,30240000
1989-06-27,0.22802042961120605,0.2338402076488736,0.2274914183246177,0.23172352678080232,35899200
1989-06-28,0.22325855493545532,0.22854931886147528,0.2200844525838152,0.22854931886147528,57456000
1989-06-29,0.22008450329303741,0.22378823506007456,0.2169104183735308,0.22378823506007456,77198400
1989-06-30,0.22431716322898865,0.22643322511392067,0.21691033815563512,0.2200844219013004,67248000
1989-07-03,0.22854936122894287,0.22960738343330908,0.22484624718671853,0.22484624718671853,14688000
1989-07-05,0.2338401824235916,0.2348982230461109,0.2285494162432487,0.2306654793248116,26539200
1989-07-06,0.22325855493545532,0.23701418513913533,0.22167150375963526,0.23595614496743264,94780800
1989-07-07,0.22643321752548218,0.22960730116477462,0.22272950541574818,0.22325851632838611,41457600
1989-07-10,0.23225247859954834,0.23278148970931262,0.22643330190172636,0.22749134228472653,27259200
1989-07-11,0.22643321752548218,0.23489808233935205,0.22537519570020628,0.23225239205489395,43488000
1989-07-12,0.225375235080719,0.22643325709086634,0.22008445298166682,0.22431719490710367,52156800
1989-07-13,0.22431716322898865,0.22749126513811935,0.2222004837862324,0.22484617415935532,33408000
1989-07-14,0.22325855493545532,0.22643325668153785,0.21902643057558047,0.22537523467330312,42768000
1989-07-17,0.225375235080719,0.22643325709086634,0.2222005151654295,0.22325855533904485,31291200
1989-07-18,0.22643321752548218,0.22960730116477462,0.22537519570020628,0.22537519570020628,42984000
1989-07-19,0.22907842695713043,0.23066547880559918,0.22537533019533754,0.2285494157287994,29764800
1989-07-20,0.22643321752548218,0.23384004235061137,0.22643321752548218,0.22960730116477462,44524800
1989-07-21,0.2338401824235916,0.239130331045761,0.2232586500629058,0.2243172900801229,99763200
1989-07-24,0.2338401824235916,0.2359562455051545,0.2296074387022923,0.2317235017838552,38361600
1989-07-25,0.22008450329303741,0.24124634692062175,0.21796845878901444,0.23278149685606075,326030400
1989-07-26,0.22325855493545532,0.22537523467330312,0.2200844525838152,0.2232585549354553,123638400
1989-07-27,0.2274913489818573,0.22854937123253305,0.22537528631703366,0.22696231969304728,45561600
1989-07-28,0.22960732877254486,0.2306653688885033,0.22537522279911207,0.22854930682005342,29217600
1989-07-31,0.23172353208065033,0.23278157284150364,0.22749142352767135,0.22854944612504657,33336000
1989-08-01,0.22960732877254486,0.2338400704673225,0.22854930682005342,0.23172339084099475,62136000
1989-08-02,0.22960732877254486,0.23172339084099475,0.22854930682005342,0.22854930682005342,28368000
1989-08-03,0.23278145492076874,0.2338400945401203,0.22960735240960067,0.2301363816037746,27590400
1989-08-04,0.24124647676944733,0.24336315813428053,0.2306655583423036,0.2317235811637867,178128000
1989-08-07,0.24442103505134583,0.24547905716263035,0.2412463148325822,0.24442103505134583,93571200
1989-08-08,0.2497113198041916,0.25076934249962685,0.24336312914114086,0.24336312914114086,110548800
1989-08-09,0.24865306913852692,0.25394385020023563,0.24865306913852692,0.24918209820334386,113774400
1989-08-10,0.24759528040885925,0.24971134416968363,0.2465372576101878,0.24971134416968363,48340800
1989-08-11,0.24442103505134583,0.2518272443207468,0.24442103505134583,0.249711181934708,61473600
1989-08-14,0.24124647676944733,0.24442119911924554,0.24124647676944735,0.24442119911924554,68990400
1989-08-15,0.24336296319961548,0.24547902531108975,0.23965925056924564,0.24124628353025082,17856000
1989-08-16,0.23648515343666077,0.24547903062203266,0.2348981204413201,0.24442100862513888,46670400
1989-08-17,0.23913031816482544,0.24018835873035257,0.2338401698276139,0.23595623279519345,39960000
1989-08-18,0.24336296319961548,0.2444210033370863,0.23913022141877655,0.23913022141877655,24912000
1989-08-21,0.23754316568374634,0.2449499908399469,0.23701415474746257,0.24336293986763002,32097600
1989-08-22,0.24706602096557617,0.24865305357026898,0.23701412425758342,0.23701412425758342,64771200
1989-08-23,0.2507692277431488,0.2523568967815472,0.24547908035987898,0.2481241540515139,46094400
1989-08-24,0.2497113198041916,0.25606012802555383,0.2465372335544061,0.2534150349600062,92764800
1989-08-25,0.24918217957019806,0.2507692127924784,0.24442104357641625,0.24865315033263424,85147200
1989-08-28,0.25024017691612244,0.2518272281445744,0.24653708160102586,0.24865312568767042,28540800
1989-08-29,0.24759528040885925,0.25394408924970413,0.24706626900952353,0.25341505968688693,54417600
1989-08-30,0.2507692277431488,0.2523568967815472,0.2475951429458812,0.24865316515714658,40377600
1989-08-31,0.24865306913852692,0.2528858102340662,0.24865306913852692,0.25182717087357076,14198400
1989-09-01,0.25341489911079407,0.25500195046664925,0.24865314564871807,0.24971118594044486,44409600
1989-09-05,0.2539439797401428,0.2581760872732767,0.25235692806304655,0.25288593923425406,93340800
1989-09-06,0.2507692277431488,0.25394394826191674,0.24865316515714658,0.2528859078871799,42379200
1989-09-07,0.24653705954551697,0.25076916550366524,0.24547901943337969,0.2497111435549949,41904000
1989-09-08,0.2497113198041916,0.2518273833585419,0.24442117000005587,0.24547919269549112,39787200
1989-09-11,0.2512982189655304,0.25182722999107043,0.24759510545981256,0.2486531275108927,27907200
1989-09-12,0.2550019919872284,0.2581760770522877,0.2507692489000864,0.2518272893640881,67795200
1989-09-13,0.2634667456150055,0.26875689113574414,0.25605992069546696,0.2581759643729904,181022400
1989-09-14,0.26981499791145325,0.2729897183118723,0.26346682855356834,0.26558289106068694,78163200
1989-09-15,0.2655829191207886,0.27298974715454066,0.2645248786737069,0.2708730668657789,89150400
1989-09-18,0.2687569260597229,0.2687569260597229,0.264524801827797,0.264524801827797,39110400
1989-09-19,0.2645248770713806,0.27087306522499927,0.2645248770713806,0.2698150247843265,49204800
1989-09-20,0.27510589361190796,0.27510589361190796,0.2634669365745342,0.26558299994923484,72129600
1989-09-21,0.2772217094898224,0.28251249018974245,0.2729896044049333,0.278279749383642,89352000
1989-09-22,0.2793377935886383,0.2793377935886383,0.2740476481843011,0.2772217317942105,43948800
1989-09-25,0.28357067704200745,0.28780280275470715,0.2772218709148501,0.2793379337712,69940800
1989-09-26,0.28462862968444824,0.28568665170426516,0.28145452729806114,0.28357058950116315,39988800
1989-09-27,0.2819836139678955,0.2851577172059364,0.27827990018339566,0.2803959629542652,69235200
1989-09-28,0.2878027558326721,0.2878027558326721,0.28145456829860177,0.28145456829860177,41428800
1989-09-29,0.28991883993148804,0.29415158282738024,0.2867447368463727,0.28780277726256853,64324800
1989-10-02,0.2946806848049164,0.29626771867329055,0.2878028659932852,0.28886088857220127,50428800
1989-10-03,0.29203546047210693,0.2983836290179515,0.29150643129039616,0.2983836290179515,68918400
1989-10-04,0.31954604387283325,0.32060406577018963,0.28991874255387906,0.29203542206990357,260020800
1989-10-05,0.3354171812534332,0.34811479123684985,0.31848748264115023,0.31954612235636415,284760000
1989-10-06,0.3375330865383148,0.3407078052455608,0.33118492056609805,0.3370040575710792,87609600
1989-10-09,0.34599822759628296,0.3470562500538812,0.3343592540236758,0.33647533526582357,58536000
1989-10-10,0.34388208389282227,0.3512889299627365,0.34176603936197536,0.34917284910494484,68299200
1989-10-11,0.33859187364578247,0.34070795411238997,0.33435913148155916,0.3396498957156172,106401600
1989-10-12,0.3322431445121765,0.34070801273925744,0.33118512226028407,0.33859193190852827,58881600
1989-10-13,0.31108129024505615,0.330127071663506,0.30896462813204034,0.32906904938603193,102643200
1989-10-16,0.3206040859222412,0.3227201661768955,0.29203544042623,0.2994416486636512,253065600
1989-10-17,0.33277207612991333,0.3449400381589919,0.31425532787484756,0.3184874524291924,177206400
1989-10-18,0.340707927942276,0.341765949930843,0.33224306182197055,0.3338301129682887,134784000
1989-10-19,0.3565792143344879,0.36398602691733767,0.3396500887309986,0.3428241930712118,179424000
1989-10-20,0.360811710357666,0.36186973229992875,0.3491727424541036,0.35552094676154705,93542400
1989-10-23,0.3518177568912506,0.36292769381027395,0.34917268431256415,0.3586955704189901,60912000
1989-10-24,0.34229496121406555,0.34917277655882156,0.333301101778104,0.34917277655882156,157089600
1989-10-25,0.3375330865383148,0.35023068992502354,0.33541700699629445,0.3449398916757572,71481600
1989-10-26,0.3290691673755646,0.3396500841561087,0.32801052716044177,0.3333012943298583,135460800
1989-10-27,0.32589444518089294,0.3301271896890736,0.32272037721369223,0.3290691670333401,97041600
1989-10-30,0.3370042145252228,0.337533243738845,0.3295980234961458,0.330127016382829,45921600
1989-10-31,0.34599822759628296,0.3470562500538812,0.3385919977391927,0.3396500201967909,56563200
1989-11-01,0.3475857973098755,0.3512889297267874,0.3459981645182185,0.3459981645182185,74649600
1989-11-02,0.3227202594280243,0.34229503367567105,0.32166223715844516,0.34229503367567105,226051200
1989-11-03,0.33118507266044617,0.3333011168473224,0.3227202057011036,0.32377822779454174,98755200
1989-11-06,0.3269523084163666,0.3375332188510875,0.3237782060225513,0.33118505039039337,88027200
1989-11-07,0.3428240120410919,0.34864380570761944,0.32695233625847525,0.3280103583708656,131544000
1989-11-08,0.35234710574150085,0.3576378732587463,0.3470563382242554,0.3475859489823002,106488000
1989-11-09,0.35446304082870483,0.3576377619046873,0.349172892516929,0.3555210995526194,111528000
1989-11-10,0.3576377332210541,0.3597538141722178,0.35446301239969386,0.35552107103874886,59169600
1989-11-13,0.3729797303676605,0.37350872325942786,0.3544629448471981,0.35763766506352956,178905600
1989-11-14,0.3661019206047058,0.37774147178060935,0.3639858400221179,0.37562480996698133,95241600
1989-11-15,0.37456679344177246,0.37774147743071,0.36504390393705743,0.3671605657823456,94492800
1989-11-16,0.37033456563949585,0.37774137247192463,0.36504380250640434,0.37668335062225594,68054400
1989-11-17,0.3676895499229431,0.37350868916280594,0.3671605207525301,0.37086361596461304,31651200
1989-11-20,0.3661019206047058,0.3671605602905099,0.3576376709282344,0.3671605602905099,56937600
1989-11-21,0.3729797303676605,0.37456678169684127,0.3661019146012004,0.3661019146012004,67118400
1989-11-22,0.37350866198539734,0.3745667202492365,0.3703345961746803,0.37350866198539734,38232000
1989-11-24,0.3708636462688446,0.3766834398691077,0.3703346533821423,0.3761544106554663,17971200
1989-11-27,0.36716052889823914,0.3713926533746277,0.3629277868639232,0.3703346313372648,37281600
1989-11-28,0.3682185411453247,0.37350868751842053,0.3650438575597178,0.3682185411453247,56664000
1989-11-29,0.3618696331977844,0.372450539934448,0.35657887105060126,0.3703344966294253,85896000
1989-11-30,0.3682185411453247,0.3692765994814926,0.3544629109286792,0.3555209692648471,111211200
1989-12-01,0.3597537577152252,0.37139269153387655,0.3592247284787195,0.36874761800522915,52070400
1989-12-04,0.3650437593460083,0.36927650012897945,0.35710850559438007,0.3597536143962069,40536000
1989-12-05,0.36716052889823914,0.36927660929990186,0.3639858089012861,0.36716052889823914,44049600
1989-12-06,0.360811710357666,0.3682185178383104,0.3576376082039443,0.36610185639591314,57384000
1989-12-07,0.3618696331977844,0.36504373448224214,0.3555208493980899,0.3555208493980899,40348800
1989-12-08,0.3586956560611725,0.3639858024816209,0.35128884804540267,0.36186975844421604,107625600
1989-12-11,0.3512888550758362,0.3586956632398403,0.3470561130314627,0.3586956632398403,103377600
1989-12-12,0.34917283058166504,0.3544629779550899,0.3407079990223233,0.3544629779550899,93628800
1989-12-13,0.33859187364578247,0.3491727845559522,0.3354171535513939,0.3417659761822247,95788800
1989-12-14,0.3301270306110382,0.3375332582862567,0.33012703061103826,0.3343591555216001,61516800
1989-12-15,0.32589444518089294,0.3322432713274989,0.317429610049778,0.33118524867176535,107164800
1989-12-18,0.33118507266044617,0.33435913894076047,0.3258942719814179,0.32695233040179483,78436800
1989-12-19,0.340178906917572,0.34070793608797123,0.3290689673967633,0.3311850477514241,70473600
1989-12-20,0.35023099184036255,0.3512890143599761,0.34176612147133856,0.3438821665105656,111009600
1989-12-21,0.35340481996536255,0.35340481996536255,0.34388193352853647,0.35023075455696995,55022400
1989-12-22,0.3629276752471924,0.3650437549980646,0.3502307244919249,0.35340478962784455,54892800
1989-12-26,0.3618696331977844,0.36557272714503597,0.3586955319133267,0.3634566838400133,23817600
1989-12-27,0.3650437593460083,0.3682184420774783,0.360811636120782,0.3639857012945071,62798400
1989-12-28,0.360811710357666,0.3629277542421914,0.35128882266556266,0.353404866550088,123091200
1989-12-29,0.3682185411453247,0.37350868751842053,0.3608117331958539,0.3618697552050859,77630400
1990-01-02,0.3756249248981476,0.3756249248981475,0.36451498078132083,0.3692767538618937,53035200
1990-01-03,0.3777415156364441,0.3819736409660301,0.37456683132641094,0.37879957421404875,113774400
1990-01-04,0.3888513147830963,0.38938034387753784,0.3756247155757176,0.37774137685744685,125740800
1990-01-05,0.37932854890823364,0.3893804681808407,0.3787995559718507,0.3872643874544816,69566400
1990-01-08,0.38514769077301025,0.38514769077301025,0.37456677951797096,0.3787995218201544,58982400
1990-01-09,0.3840896487236023,0.38938041285536523,0.38197356829790846,0.3851476707729805,70300800
1990-01-10,0.37350866198539734,0.3862062693248034,0.3729796691804112,0.3809155057554728,103766400
1990-01-11,0.3661019206047058,0.37879953023537327,0.35975375151082223,0.37562480996698133,95774400
1990-01-12,0.36451485753059387,0.369276629001104,0.3555209976848468,0.3602827328284181,148910400
1990-01-15,0.36451485753059387,0.3682185705803559,0.3608117620387921,0.3629278062264106,62467200
1990-01-16,0.3756249248981476,0.3777415873594176,0.35763778035581617,0.3618699064889691,80092800
1990-01-17,0.37033456563949585,0.38303151804719826,0.36821848561322806,0.3724506093388331,97588800
1990-01-18,0.40207743644714355,0.40207743644714355,0.37879956695482486,0.37932855990654546,292363200
1990-01-19,0.3983742892742157,0.4063101270305622,0.39572921587475374,0.40313544318941047,99259200
1990-01-22,0.3840896487236023,0.3978452794622003,0.38303159034728673,0.3978452794622003,167688000
1990-01-23,0.37985745072364807,0.38620623567674917,0.37774137070726577,0.38514759627420825,139348800
1990-01-24,0.3840896487236023,0.3840896487236023,0.3687475843054027,0.3724506796416952,180345600
1990-01-25,0.3840896487236023,0.3914964569541217,0.38303159034728673,0.38726433242967145,112752000
1990-01-26,0.3840896487236023,0.3862063103802932,0.38091554624853025,0.38303159034728673,68083200
1990-01-29,0.3872644305229187,0.3904385338019843,0.3819736650510162,0.3872644305229187,55080000
1990-01-30,0.3862062692642212,0.39149641527485324,0.3809155056957205,0.38832234946463406,73108800
1990-01-31,0.3914963901042938,0.3914963901042938,0.3862062444337822,0.38938034636686164,112939200
1990-02-01,0.3967873156070709,0.39890339653684964,0.3914965502149617,0.3914965502149617,89193600
1990-02-02,0.3967873156070709,0.40419354437087734,0.3936126311447404,0.3936126311447404,71395200
1990-02-05,0.3989034593105316,0.3989034593105316,0.3946707155537505,0.39625838497727406,59731200
1990-02-06,0.3978450894355774,0.3989031109796025,0.39043824841592223,0.3978450894355774,81964800
1990-02-07,0.39467060565948486,0.4010193925843,0.3936125834861737,0.39572924539080273,134150400
1990-02-08,0.3989034593105316,0.4020775267142697,0.3946707155537505,0.39625838497727406,95227200
1990-02-09,0.3999614119529724,0.40101943423617503,0.3978453673865672,0.3989033896697698,62380800
1990-02-12,0.4010193943977356,0.40419349725896414,0.39784532786344884,0.39996137221964,56088000
1990-02-13,0.4010193943977356,0.40313547508086855,0.39996137221964,0.4020774165758312,58752000
1990-02-14,0.40207743644714355,0.4031354950044718,0.39996139198637404,0.4031354950044718,35870400
1990-02-15,0.410542368888855,0.4147751123592126,0.40207749950627664,0.40207749950627664,89496000
1990-02-16,0.41477492451667786,0.4179490265950989,0.4137162850416578,0.4158329464338406,70876800
1990-02-20,0.4242978096008301,0.42535583151205303,0.4105421806584262,0.41371628271902766,132652800
1990-02-21,0.40683919191360474,0.42323928051699355,0.40525214046938435,0.4179491332542203,103348800
1990-02-22,0.4078971743583679,0.4158330120373349,0.40736818147979686,0.4094842256479581,60811200
1990-02-23,0.41265833377838135,0.41371635587669486,0.40419346678003204,0.40525210643630855,56851200
1990-02-26,0.42006513476371765,0.4232392373282625,0.41160026791827176,0.41265832632441224,69220800
1990-02-27,0.41477492451667786,0.4211230923465873,0.41477492451667786,0.4211230923465873,62020800
1990-02-28,0.41794919967651367,0.42218132542470843,0.4147750962836307,0.4147750962836307,39312000
1990-03-01,0.4232393503189087,0.43064616073558293,0.4168911798220097,0.4168911798220097,76867200
1990-03-02,0.4391109049320221,0.4417559782472287,0.4237688403497201,0.42429786954353654,100209600
1990-03-05,0.44545966386795044,0.4475757076870346,0.43276205685694247,0.4380528202894381,75528000
1990-03-06,0.44228482246398926,0.4444014832580681,0.4338205768645597,0.44334346163987004,68630400
1990-03-07,0.43487870693206787,0.4465176741732026,0.4348787069320678,0.44334357220013376,47606400
1990-03-08,0.449692040681839,0.45392478492667054,0.43064625363919956,0.43593705680089345,88977600
1990-03-09,0.4507497549057007,0.4570985394753639,0.4454596096746413,0.44863367501712004,75744000
1990-03-12,0.45815685391426086,0.46027293515453627,0.4486339615922275,0.4496919840488896,68875200
1990-03-13,0.449692040681839,0.46133101570992746,0.449692040681839,0.4592149342031587,85204800
1990-03-14,0.45656946301460266,0.4602725933533803,0.4486336284342359,0.4539243906737182,130968000
1990-03-15,0.46979543566703796,0.4729701179475103,0.456040428663085,0.45656942128676037,81676800
1990-03-16,0.48249343037605286,0.4877835792675381,0.4729705375477837,0.47402859638764333,118900800
1990-03-19,0.49307411909103394,0.4951901629883746,0.4782604313861624,0.48143515111698293,81172800
1990-03-20,0.4782606363296509,0.49413235278451545,0.47614459152554606,0.493074330382463,92145600
1990-03-21,0.4793185889720917,0.48884147869492167,0.4750864639736197,0.477731537556797,69840000
1990-03-22,0.4708537459373474,0.4814352759371079,0.46662162071848307,0.48037663615609194,92419200
1990-03-23,0.4666217267513275,0.4793187228511595,0.4613309605491993,0.4740285742072074,53596800
1990-03-26,0.4719124734401703,0.4761445994457265,0.46715073683011277,0.46767972987646356,55929600
1990-03-27,0.4761445224285126,0.47826056692554175,0.4687376764769715,0.47032472801321545,52516800
1990-03-28,0.46979543566703796,0.47508619742297487,0.45921449338590026,0.47508619742297487,99532800
1990-03-29,0.4676797389984131,0.47720263117306866,0.46556369411783716,0.46715074594174444,64785600
1990-03-30,0.4687376320362091,0.4697956905113539,0.4623894628200439,0.46556356559159684,36691200
1990-04-02,0.4719124734401703,0.4756155700724257,0.46238958145125575,0.4645056626175089,74059200
1990-04-03,0.49095797538757324,0.492015997199445,0.47614432592498984,0.47720234773686154,84643200
1990-04-04,0.4951905608177185,0.5025974106207164,0.48884177014035507,0.4909584332960697,79646400
1990-04-05,0.48460936546325684,0.4957193068711422,0.48460936546325684,0.4946612483506274,66369600
1990-04-06,0.48355114459991455,0.4877832316354272,0.47931840367970974,0.48566718811767084,72878400
1990-04-09,0.48460936546325684,0.4877834320439743,0.4814352625555971,0.4814352625555971,31176000
1990-04-10,0.4994226396083832,0.49942263960838323,0.4846095953330997,0.4851385885173376,45187200
1990-04-11,0.5121200680732727,0.5121200680732727,0.5004810961564742,0.5015391184635538,70372800
1990-04-12,0.51106196641922,0.5163521138362515,0.5078872822071341,0.5152940916182338,48254400
1990-04-16,0.5142360329627991,0.5227009003190611,0.5089452683626244,0.5163520772488971,39470400
1990-04-17,0.5248169898986816,0.5332818579854911,0.5057712092563427,0.5131780551087922,66780000
1990-04-18,0.5131779909133911,0.522700880043306,0.49730627895958535,0.5216428579412979,97797600
1990-04-19,0.5036550760269165,0.5184681112362821,0.5015389956041764,0.5078872005454595,58003200
1990-04-20,0.5015391111373901,0.5121200605925492,0.4973063680858701,0.5078873175410292,44661600
1990-04-23,0.4994226396083832,0.5036553842753952,0.4846095953330997,0.498364616912948,64879200
1990-04-24,0.49095797538757324,0.5057710072923609,0.4782603695487333,0.5057710072923609,47916000
1990-04-25,0.49095797538757324,0.4973061425857329,0.48249311068094525,0.49307405533824594,53870400
1990-04-26,0.48566749691963196,0.49730643387929646,0.48460947448803143,0.49519038901609536,46296000
1990-04-27,0.4761445224285126,0.4846093906285682,0.4708537573009448,0.48355136838005364,57124800
1990-04-30,0.49095797538757324,0.4909579753875733,0.4719122023505737,0.47614432592498984,51451200
1990-05-01,0.48355114459991455,0.49730611767695015,0.4803764254385879,0.49730611767695015,52473600
1990-05-02,0.49307411909103394,0.4951901629883746,0.4846092532899278,0.4846092532899278,33264000
1990-05-03,0.4994226396083832,0.5057714296662658,0.4930744671088122,0.4951905124996827,45892800
1990-05-04,0.5227009057998657,0.5227009057998657,0.49942238410003,0.5036551266015382,47815200
1990-05-07,0.5417466163635254,0.5586763127817783,0.5205847592109976,0.5248168836183362,97351200
1990-05-08,0.5311658382415771,0.5375140082701765,0.5269330952221247,0.5311658382415771,50824800
1990-05-09,0.5311658382415771,0.5353979273760131,0.5248170143279614,0.5322238605251861,35164800
1990-05-10,0.545978844165802,0.5502115869326352,0.5311658065404433,0.535397895422299,48801600
1990-05-11,0.5544434189796448,0.5586761597857451,0.5353976474100264,0.5502113320582188,49168800
1990-05-14,0.5565598607063293,0.562908649101853,0.5544437795425714,0.5607926042650451,47232000
1990-05-15,0.5480955839157104,0.5565598355340177,0.5438628405484349,0.5544437544659667,54122400
1990-05-16,0.5480955839157104,0.5480955839157104,0.5375140524400568,0.5459789216164859,38556000
1990-05-17,0.5480955839157104,0.552327709724864,0.5438628405484349,0.5480955839157104,41731200
1990-05-18,0.5777220726013184,0.5861869387253269,0.5459787247372143,0.5470367467262441,101822400
1990-05-21,0.5946511626243591,0.6115808578431703,0.5819541727439873,0.5819541727439873,159595200
1990-05-22,0.6052325963973999,0.6115807634150244,0.5840701627806982,0.6009998553855627,142437600
1990-05-23,0.6422656178474426,0.6433243300916244,0.6084068421757665,0.6094648642081503,141184800
1990-05-24,0.6475563049316406,0.6666020786061007,0.643324217542506,0.6496723486262079,146649600
1990-05-25,0.628510594367981,0.6454403260478433,0.6263945504609347,0.628510594367981,104688000
1990-05-29,0.6369754672050476,0.6390915839098902,0.6263945930653432,0.6285106371163126,61480800
1990-05-30,0.6390915513038635,0.6475563809607285,0.6327426929361395,0.6443822787192783,65073600
1990-05-31,0.617929995059967,0.6390918990832881,0.6136972509857587,0.6327430372606565,69436800
1990-06-01,0.6359175443649292,0.636975530168056,0.6179297514031288,0.6200458683171427,69069600
1990-06-04,0.6475563049316406,0.6539050899000893,0.6263944875626133,0.633801330705276,59162400
1990-06-05,0.6211037635803223,0.6560212133030265,0.6158136173742065,0.6539051693513541,80258400
1990-06-06,0.617929995059967,0.630626992166142,0.6136972509857587,0.6200461128083903,86292000
1990-06-07,0.6094648838043213,0.6242785731575964,0.6010000170612813,0.6200458310071042,90122400
1990-06-08,0.6221621036529541,0.6242788024480806,0.6052329815069448,0.6094651076539044,63770400
1990-06-11,0.6338014006614685,0.63909154680872,0.617929654450076,0.617929654450076,58240800
1990-06-12,0.6422656178474426,0.6433243300916244,0.6306266852794226,0.6390915880772279,46656000
1990-06-13,0.6475563049316406,0.6581372499430846,0.6359173743998433,0.6422655054835452,80265600
1990-06-14,0.6390915513038635,0.6496724249037389,0.6285106050501188,0.6475563809607285,58204800
1990-06-15,0.6433241963386536,0.651788370837945,0.6306265541664076,0.6306265541664076,51552000
1990-06-18,0.6338014006614685,0.6454403324779195,0.6306266445575248,0.6412075907368469,52790400
1990-06-19,0.634859561920166,0.6390917236010338,0.6242786854677188,0.6327428635216766,41716800
1990-06-20,0.6570793390274048,0.658137397438741,0.6348594585044497,0.6380335610845814,39564000
1990-06-21,0.6517888903617859,0.6581377528353499,0.6433247091159174,0.6560216348699666,34308000
1990-06-22,0.6412075161933899,0.658137246073749,0.6390914725112633,0.6539050860556355,34034400
1990-06-25,0.6306267976760864,0.6475565336352117,0.628510753234176,0.6401496878766042,68983200
1990-06-26,0.6327428817749023,0.6401497279977308,0.6306268372003697,0.6369756248089864,50198400
1990-06-27,0.6454405188560486,0.6475565633952068,0.6306268266580355,0.6327428711971937,35762400
1990-06-28,0.6475563049316406,0.6539050899000893,0.6443822030628593,0.6486143631058546,30052800
1990-06-29,0.6433241963386536,0.6475562835882993,0.6369753389256013,0.6475562835882993,34956000
1990-07-02,0.6242786049842834,0.6433243835741517,0.6232198926520861,0.6433243835741517,35474400
1990-07-03,0.6094648838043213,0.6221618751399092,0.6052327592117734,0.6211038167465688,79257600
1990-07-05,0.6115807294845581,0.6136967729307257,0.5988837785959571,0.6052325628191296,61855200
1990-07-06,0.6200458407402039,0.6263946271231603,0.6073488492053064,0.6105229517812768,41803200
1990-07-09,0.628510594367981,0.6327426821820732,0.6200457648549837,0.62216180876203,37317600
1990-07-10,0.6242786049842834,0.6348594800726199,0.6221619068586837,0.6285106934656518,29700000
1990-07-11,0.6390915513038635,0.6412075952468739,0.6200457753932538,0.6263945611071084,28922400
1990-07-12,0.6560212969779968,0.6581374138534478,0.6369755185601498,0.6369755185601498,89042400
1990-07-13,0.6634280681610107,0.6814158587939246,0.6560212239976481,0.6581373406376875,93628800
1990-07-16,0.6708343625068665,0.6835320088172241,0.664486229563567,0.6666022738780001,48729600
1990-07-17,0.6581375598907471,0.6729511804986364,0.6517886992784632,0.6718931944800283,54475200
1990-07-18,0.6433241963386536,0.6581372282509973,0.6390914552042826,0.6539050683474932,41853600
1990-07-19,0.6496726274490356,0.6496726274490356,0.6242787117924565,0.6380336919221058,63136800
1990-07-20,0.6200458407402039,0.662370138792847,0.6179297239203055,0.6517885375390784,87724800
1990-07-23,0.6094648838043213,0.6263946172904014,0.6031160975210241,0.6200458310071042,74203200
1990-07-24,0.5883032083511353,0.6136971246833625,0.5650246827928834,0.6136971246833625,137102400
1990-07-25,0.6052325963973999,0.6073486762878936,0.5819540828902046,0.5925349909196663,60148800
1990-07-26,0.5819541215896606,0.6263944904379546,0.558676224092283,0.6031159753827577,303321600
1990-07-27,0.5840702652931213,0.5925350949177843,0.5734893190796287,0.5798381410962659,51019200
1990-07-30,0.5756055116653442,0.5840703792687784,0.5565597321105898,0.5798382542460648,87955200
1990-07-31,0.5629085302352905,0.5808962879738734,0.5586764051284012,0.5777221850619708,42307200
1990-08-01,0.5650245547294617,0.5692572969731916,0.5396305714989141,0.5607924300436897,111117600
1990-08-02,0.5586761236190796,0.5650243262441115,0.5438624762567953,0.5544433830869914,91771200
1990-08-03,0.5353981256484985,0.5565599959083635,0.511062187362363,0.5544439142305575,117180000
1990-08-06,0.5121200680732727,0.5248170259702045,0.49519033073604546,0.5205849004149401,113184000
1990-08-07,0.5184681415557861,0.5269330086458228,0.5078872302462024,0.5184681415557861,91065600
1990-08-08,0.5375138521194458,0.5417465939092635,0.5248168618657763,0.529049603655594,86263200
1990-08-09,0.5512695908546448,0.55655973810831,0.5353978776506791,0.541746700974645,77054400
1990-08-10,0.545978844165802,0.5565597565823618,0.5311658065404433,0.5512696091530991,73188000
1990-08-13,0.5502117872238159,0.5544438776462609,0.5353980903209147,0.5396308346285752,53942400
1990-08-14,0.5438626408576965,0.5576182707212802,0.5396305166024573,0.5523275069260699,33710400
1990-08-15,0.5438626408576965,0.5565596311813091,0.5438626408576965,0.5480953826708308,51408000
1990-08-16,0.5227009057998657,0.545978809941706,0.5227009057998657,0.5417466849981933,53330400
1990-08-17,0.5100039839744568,0.5227009781197208,0.5078873218153183,0.5163521541045754,95227200
1990-08-20,0.46979543566703796,0.5121197133684828,0.46979543566703796,0.5100036338930183,113601600
1990-08-21,0.4592146575450897,0.4634473992398674,0.4295879722400916,0.4592146575450897,165650400
1990-08-22,0.4549826979637146,0.4697957360120598,0.45180797732669115,0.46556361068241253,79236000
1990-08-23,0.43805280327796936,0.45498253359662416,0.43170401818248216,0.44440158837345656,107445600
1990-08-24,0.48460936546325684,0.48884149056448906,0.44228506298778414,0.44228506298778414,95443200
1990-08-27,0.5142360329627991,0.5184681578619356,0.49942237886331337,0.49942237886331337,110116800
1990-08-28,0.5322237610816956,0.5353978273394633,0.5078872187969163,0.5100038805267172,79826400
1990-08-29,0.5121200680732727,0.5396306823663265,0.5078873249599235,0.5290497690835537,77954400
1990-08-30,0.5078875422477722,0.527991355107186,0.5078875422477722,0.5142363326914626,65383200
1990-08-31,0.5205848813056946,0.5248170067056093,0.5015391000534267,0.5078873063167711,40737600
1990-09-04,0.5269328355789185,0.5290494966612347,0.514235847893073,0.5163518914176224,47376000
1990-09-05,0.4994226396083832,0.5332820903842737,0.4951905124996827,0.5290499632755732,54676800
1990-09-06,0.4867255687713623,0.49519043929571355,0.4761446531689553,0.490958312812648,115617600
1990-09-07,0.4888414144515991,0.49942232495177324,0.47826046762448843,0.4824932096246988,53704800
1990-09-10,0.4719124734401703,0.5078873789983748,0.4719124734401703,0.4973064282628587,74246400
1990-09-11,0.46979543566703796,0.4782602621457901,0.46133057286136475,0.4740281758487031,78868800
1990-09-12,0.48566749691963196,0.4888416005413841,0.47191247876981596,0.4761446048231686,75016800
1990-09-13,0.4867255687713623,0.49519043929571355,0.48249344228829677,0.490958312812648,49867200
1990-09-14,0.505771279335022,0.5100040227439286,0.4772026044130938,0.4824933702029579,67672800
1990-09-17,0.5142360329627991,0.5227009003190611,0.5015390407074004,0.503655121320439,70394400
1990-09-18,0.5227009057998657,0.5279910528975214,0.505771170909824,0.513178016200702,60638400
1990-09-19,0.5248169898986816,0.535397902454211,0.5227009454299617,0.5332818579854911,52696800
1990-09-20,0.505771279335022,0.5248170626163075,0.505771279335022,0.5205849367655289,52444800
1990-09-21,0.5121200680732727,0.5142361126874319,0.49519033073604546,0.5057712440188182,79891200
1990-09-24,0.4951905608177185,0.5078875609410366,0.48672568821604917,0.5036554334193878,81439200
1990-09-25,0.51106196641922,0.5121200249641807,0.4973063334880953,0.504713179226138,53308800
1990-09-26,0.5100039839744568,0.5142361095035178,0.5036551962862572,0.5121200649024603,39268800
1990-09-27,0.5015391111373901,0.5205848928105679,0.4930742789193715,0.5163521497590479,65728800
1990-09-28,0.5332816243171692,0.5375137477271608,0.49095795631309413,0.4930740361815538,97984800
1990-10-01,0.5681992173194885,0.5713733197969167,0.545978756284499,0.5480954179427611,131623200
1990-10-02,0.5576180815696716,0.5798379524064524,0.554443362815521,0.5777218728331682,83469600
1990-10-03,0.5565598607063293,0.5703154962427306,0.5523277347057635,0.5544437795425714,57600000
1990-10-04,0.5428045988082886,0.5565596106054583,0.5417465768653273,0.5523274865066796,69292800
1990-10-05,0.5480955839157104,0.5565598355340177,0.5269331385225251,0.5332819266309032,82101600
1990-10-08,0.5586761236190796,0.5629082465934595,0.5459785559074473,0.5586761236190796,38678400
1990-10-09,0.5332816243171692,0.5586761811235063,0.5290495009071776,0.552327396614211,66376800
1990-10-10,0.5036550760269165,0.5269329778313018,0.4994223339504399,0.5248168974085615,115596000
1990-10-11,0.49095797538757324,0.5100037484245729,0.48249311068094525,0.5057710072923609,83815200
1990-10-12,0.48249343037605286,0.49730647209580725,0.4570988557569179,0.4951904270699944,109252800
1990-10-15,0.4782606363296509,0.49095824925140874,0.4697958032281418,0.4888415868891637,130334400
1990-10-16,0.4623892307281494,0.4877831662894896,0.45709846875784405,0.48037636108490395,300888000
1990-10-17,0.4782606363296509,0.48037671746070515,0.4528666819293651,0.46344759616192843,135820800
1990-10-18,0.5174099206924438,0.5205846033602377,0.4803764002287268,0.4824930611931669,123739200
1990-10-19,0.5248169898986816,0.535397902454211,0.5121200328744322,0.5248169898986816,170337600
1990-10-22,0.5417466163635254,0.5480954023689825,0.522700839578135,0.5248168836183362,80294400
1990-10-23,0.5438626408576965,0.5565596311813091,0.535397774789323,0.5396305166024573,71884800
1990-10-24,0.5533857941627502,0.5544438166519685,0.5353980314218467,0.5375141127272358,54734400
1990-10-25,0.5480955839157104,0.5607925789012931,0.5417467958073323,0.5544437544659667,51501600
1990-10-26,0.5364558100700378,0.5459786977117008,0.5353977518064458,0.5396304934378823,59126400
1990-10-29,0.5290497541427612,0.5438627925624662,0.5248170111489481,0.5396306671267205,67881600
1990-10-30,0.5406889319419861,0.5438629999841312,0.5248172113068185,0.5290499559149405,52567200
1990-10-31,0.5396305918693542,0.552327583963925,0.5396305918693542,0.545978797301119,61200000
1990-11-01,0.5375138521194458,0.543862637861759,0.5311656839350243,0.5332817278875199,49442400
1990-11-02,0.5502117872238159,0.5565599591844398,0.5353980903209147,0.5375141718590936,74764800
1990-11-05,0.5555016398429871,0.5586763235222388,0.5480954129060268,0.5523275373947274,50702400
1990-11-06,0.5438626408576965,0.5629084169585955,0.5375138550804102,0.5565596311813091,59212800
1990-11-07,0.5396305918693542,0.5480954591183952,0.537513930052078,0.5396305918693542,63100800
1990-11-08,0.5375138521194458,0.5480953796515767,0.5332817278875199,0.5375138521194458,43466400
1990-11-09,0.5480955839157104,0.5544437544659667,0.5459789216164859,0.5480955839157104,43344000
1990-11-12,0.5830122828483582,0.5861870030486498,0.5586763576797733,0.5586763576797733,87660000
1990-11-13,0.5808961391448975,0.5883029828240323,0.5734892954657627,0.5819541610688128,67658400
1990-11-14,0.5883032083511353,0.5925352976691758,0.5777222585170949,0.5798383395030622,59724000
1990-11-15,0.5745475888252258,0.5861871425208645,0.5692574407139529,0.5840704802490205,63129600
1990-11-16,0.5756055116653442,0.5819542985939509,0.5692573422947447,0.5713733866426307,67075200
1990-11-19,0.5883032083511353,0.5904192530101555,0.5756055962999768,0.5756055962999768,45554400
1990-11-20,0.5777220726013184,0.5967678488273951,0.5766640506122884,0.5861869387253269,68868000
1990-11-21,0.5819541215896606,0.5840702016208718,0.5671410891210857,0.5756053365920691,60739200
1990-11-23,0.5819541215896606,0.594651110353955,0.5798380778853801,0.5861868628829716,22060800
1990-11-26,0.5946511626243591,0.5967678240725155,0.5734893069711148,0.5798381288537044,47577600
1990-11-27,0.6084068417549133,0.6115809078498692,0.5904190867932351,0.5967678728680076,63417600
1990-11-28,0.5957099199295044,0.6158137212862169,0.5946512802171425,0.6115809787838156,77623200
1990-11-29,0.6031161546707153,0.6031161546707153,0.590419162131994,0.5946512871255668,65865600
1990-11-30,0.6115807294845581,0.6285104574770903,0.5967676988228635,0.6031159018152181,72165600
1990-12-03,0.6253366470336914,0.6306267944382493,0.6158137568820671,0.6200459183980451,68241600
1990-12-04,0.6306267976760864,0.6369755848867954,0.6179298044857597,0.6221619660234671,54547200
1990-12-05,0.6369754672050476,0.6412076279608596,0.6285106371163126,0.6306266811672822,68630400
1990-12-06,0.6327428817749023,0.6496726187950921,0.6263947480513044,0.6454405296460267,108201600
1990-12-07,0.628510594367981,0.636975423880978,0.6115808626881185,0.628510594367981,81921600
1990-12-10,0.6263946294784546,0.6380335626471663,0.6158136820697933,0.6200458430716261,55526400
1990-12-11,0.6105231642723083,0.6306269349433007,0.6094651054941046,0.6200460565456538,61768800
1990-12-12,0.6136969923973083,0.6158136904851066,0.5967679122353715,0.6073488597886253,71560800
1990-12-13,0.6158136129379272,0.6221618174010821,0.6073487833073914,0.6179296568743559,50709600
1990-12-14,0.6232198476791382,0.6285106481109078,0.6136969590713971,0.6179297011322369,48636000
1990-12-17,0.6263946294784546,0.6285106736524324,0.6136969840109204,0.6179297262437711,27288000
1990-12-18,0.6369754672050476,0.6412076279608596,0.6285106371163126,0.6306266811672822,51876000
1990-12-19,0.6338014006614685,0.6412075907368469,0.6327426884856516,0.6380334885177222,34264800
1990-12-20,0.6390915513038635,0.6433242930747077,0.6263945611071084,0.6285106050501188,46994400
1990-12-21,0.6412075161933899,0.6433242137602595,0.6369753561752765,0.6412075161933899,33472800
1990-12-24,0.6369754672050476,0.6390915839098902,0.6327427252182517,0.6390915839098902,13550400
1990-12-26,0.634859561920166,0.6412077681145233,0.6306268190081872,0.6369756064336555,16214400
1990-12-27,0.6327428817749023,0.6369756248089864,0.6306268372003697,0.6348595802344538,22629600
1990-12-28,0.634859561920166,0.6369756064336555,0.6285107744946977,0.6306268190081872,20268000
1990-12-31,0.6369754672050476,0.6369754672050476,0.6306266811672822,0.6348594231540782,23702400
1991-01-02,0.6327428817749023,0.6369756248089864,0.6327428817749023,0.6348595802344538,38109600
1991-01-03,0.6369754672050476,0.6433243258966861,0.6327427252182517,0.6327427252182517,52826400
1991-01-04,0.6422656178474426,0.6475564182211596,0.6348594272938192,0.6348594272938192,58485600
1991-01-07,0.6338014006614685,0.6581373225853684,0.6327426884856516,0.6369754302267244,87552000
1991-01-08,0.6221621036529541,0.6369757257932278,0.6179299411790433,0.6327429820880972,76442400
1991-01-09,0.6263946294784546,0.6412076652350717,0.622161887245604,0.6263946294784546,115624800
1991-01-10,0.6623701453208923,0.6666022336946448,0.6285106774835222,0.6285106774835222,123890400
1991-01-11,0.6602534651756287,0.6687182960378606,0.6496725174151883,0.664486207549203,62006400
1991-01-14,0.6496726274490356,0.6560214151422211,0.6390917505504115,0.6539053705395018,58658400
1991-01-15,0.6634280681610107,0.6729509563105421,0.6496724381543051,0.6496724381543051,83440800
1991-01-16,0.6962292790412903,0.701520009496396,0.6623704495379539,0.6644864946966986,139917600
1991-01-17,0.7110424637794495,0.7300882388696942,0.7089257660427887,0.7279715411330335,163526400
1991-01-18,0.721623420715332,0.7237394645998575,0.6962288597927436,0.698344903677269,103032000
1991-01-21,0.7575991749763489,0.7618312641272941,0.7163328546948108,0.7163328546948108,154512000
1991-01-22,0.7523082494735718,0.770295969500763,0.7396112575721256,0.758657036039811,113716800
1991-01-23,0.7533662915229797,0.7639471663132281,0.7470174324409944,0.7470174324409944,77083200
1991-01-24,0.766063392162323,0.7692381493986418,0.75125035284322,0.7554825148628735,86083200
1991-01-25,0.7575991749763489,0.7702960963142035,0.7533664319403848,0.7681800517387309,86889600
1991-01-28,0.7808771729469299,0.7956908678125373,0.7533665546749512,0.7533665546749512,130989600
1991-01-29,0.7829927802085876,0.7988644523357803,0.7618309624108833,0.7808767364711554,146980800
1991-01-30,0.8147361874580383,0.8168522311703845,0.7745279421919755,0.7829927709261127,148586400
1991-01-31,0.8306072354316711,0.8422461664805051,0.8126195191323563,0.8168522605942689,111420000
1991-02-01,0.8443630337715149,0.8549439813785227,0.8232005573264707,0.8380142472456744,117878400
1991-02-04,0.8390719294548035,0.8528275547724729,0.829549044551446,0.8464786984394659,88236000
1991-02-05,0.8570600748062134,0.8634088616966134,0.8295494641405234,0.840130339701227,88740000
1991-02-06,0.895151674747467,0.9015004619290886,0.8507113269382938,0.8549440696876998,106351200
1991-02-07,0.8718734979629517,0.9226619611500578,0.865524640367389,0.8993834462997854,133466400
1991-02-08,0.8803380131721497,0.8866868732231041,0.8612922322120604,0.8718738351560578,74232000
1991-02-11,0.8824542164802551,0.88457025979712,0.865524489522228,0.8813962311487465,152337600
1991-02-12,0.8739900588989258,0.8866870550658631,0.8676412701998433,0.8739900588989258,96206400
1991-02-13,0.8930358290672302,0.8940938151918579,0.8612923946715803,0.8676412559200757,95493600
1991-02-14,0.8528277277946472,0.8930353188302649,0.8380140415122211,0.8909192751361118,133704000
1991-02-15,0.8739900588989258,0.882454892535992,0.8570603189708897,0.8591763639088735,115452000
1991-02-19,0.8676404356956482,0.8761052611911708,0.8591755375462918,0.8655243201390594,66564000
1991-02-20,0.8697566986083984,0.880337569683169,0.859175754879776,0.8612917983177966,52552800
1991-02-21,0.8464792966842651,0.8761060302922234,0.8464792966842651,0.8718739407715184,68277600
1991-02-22,0.8655248284339905,0.8845706061665982,0.844363006555943,0.844363006555943,105343200
1991-02-25,0.8718734979629517,0.8803376727055624,0.8591758554256868,0.8739895416486043,88524000
1991-02-26,0.8612916469573975,0.8676405026942529,0.850710777742072,0.8591756038912429,55540800
1991-02-27,0.8909193277359009,0.8951514153740692,0.8570598657836833,0.8655246949448051,87674400
1991-02-28,0.8782218098640442,0.899383631501579,0.8739897216212638,0.8972675873801889,55008000
1991-03-01,0.895151674747467,0.8993837636118983,0.8634089013015368,0.8718738055692601,77724000
1991-03-04,0.9057325124740601,0.9099652547048565,0.884570617667008,0.895151565070534,47023200
1991-03-05,0.9438243508338928,0.9522891839433328,0.9057327834761594,0.9078488282822469,76356000
1991-03-06,0.9078487753868103,0.9565212178241913,0.9036166133673216,0.9522891284585974,101088000
1991-03-07,0.8803380131721497,0.9099653970762362,0.8761059241641037,0.8824547115611696,165391200
1991-03-08,0.8676404356956482,0.8972670706415601,0.861291580449047,0.8845700866866936,134697600
1991-03-11,0.8401302695274353,0.8676409505491157,0.8274332780382423,0.8612920915351358,160970400
1991-03-12,0.8105036020278931,0.8369561515008689,0.8094455436412992,0.8316654236446477,152884800
1991-03-13,0.8507115244865417,0.8560022543537009,0.812619955013544,0.812619955013544,110268000
1991-03-14,0.8295494318008423,0.8591760856466997,0.8210845282514089,0.8591760856466997,100216800
1991-03-15,0.8179100751876831,0.835897860380739,0.8147360464952538,0.8316651198036281,76932000
1991-03-18,0.8401302695274353,0.8443630117291342,0.8126196611596316,0.8147363592029261,66218400
1991-03-19,0.8380146622657776,0.8549444047829463,0.81896887448701,0.8316658725957495,92505600
1991-03-20,0.8380146622657776,0.8549444047829463,0.8358986170041787,0.8380146622657776,83217600
1991-03-21,0.8020387887954712,0.8528279946154177,0.7956906557268977,0.8422463924106758,119188800
1991-03-22,0.7935739755630493,0.8083875941637384,0.7872257696959827,0.7999227626611969,95688000
1991-03-25,0.8316653966903687,0.8358981386766882,0.7956905408656196,0.7956905408656196,59824800
1991-03-26,0.889860987663269,0.8909197002271739,0.8358983966564114,0.8358983966564114,89928000
1991-03-27,0.9120817184448242,0.9247787158620513,0.888803187525439,0.888803187525439,91936800
1991-03-28,0.8983258008956909,0.9163135231304221,0.8972677423253468,0.9078486912982286,30492000
1991-04-01,0.9036163091659546,0.9120812115863899,0.8845705330085207,0.8972675233698226,59205600
1991-04-02,0.9501726627349854,0.9522887064801203,0.9036162129566155,0.9099650707306455,96256800
1991-04-03,0.962870180606842,0.9882647538047388,0.9544052744382748,0.9544052744382748,91778400
1991-04-04,0.962870180606842,0.9882647538047388,0.9544052744382748,0.9649862255142277,73850400
1991-04-05,0.9311272501945496,0.9671027686791672,0.9226623453881672,0.964986070227282,108914400
1991-04-08,0.9427658915519714,0.9586375649513766,0.9268942181525661,0.931126959851471,46526400
1991-04-09,0.933243453502655,0.9586380269335436,0.9290113636490546,0.9438244046756868,60768000
1991-04-10,0.9099653959274292,0.9332432658661767,0.8930356594927362,0.9290111768634736,74340000
1991-04-11,0.939591646194458,0.9438238060175442,0.914197088871087,0.9184291760403163,47937600
1991-04-12,0.9078487753868103,0.9311273012066283,0.8782220428647065,0.9268945579559822,176731200
1991-04-15,0.962870180606842,0.9671029243067352,0.8888030871517567,0.8972679206664215,88819200
1991-04-16,0.9501726627349854,0.9692184368645878,0.931126888605383,0.9628696517444203,81331200
1991-04-17,0.9438243508338928,0.9946128409132411,0.9406502472978121,0.9649861793188469,128383200
1991-04-18,0.9311272501945496,0.948056987153424,0.9141975132356752,0.9417081269139104,88084800
1991-04-19,0.9078487753868103,0.9268945579559822,0.8888029928176383,0.8993838701166754,96588000
1991-04-22,0.8644667267799377,0.8993835211335021,0.861291970775627,0.8972674772717827,139708800
1991-04-23,0.8602340221405029,0.871873607976704,0.8507111341417852,0.865524749580037,103910400
1991-04-24,0.8718734979629517,0.8866865303011251,0.8507110267983319,0.8591758554256868,82130400
1991-04-25,0.8528277277946472,0.8782216325478388,0.8507110302157473,0.8676407601923265,65707200
1991-04-26,0.8528277277946472,0.8655246438443126,0.835897997818068,0.8485949865215942,88372800
1991-04-29,0.8274330496788025,0.8591758102567532,0.8274330496788025,0.857059766682346,71258400
1991-04-30,0.8380146622657776,0.8401307075273766,0.8126200848169819,0.827433709418637,115178400
1991-05-01,0.8528277277946472,0.8528277277946471,0.821084311535642,0.8337819541239149,111628800
1991-05-02,0.8507115244865417,0.867641264299447,0.8485954795629481,0.8570603131424492,66888000
1991-05-03,0.8570600748062134,0.8570600748062134,0.8443630822564753,0.8507112879158133,23047200
1991-05-06,0.8697566986083984,0.8739894393691072,0.8485948838050056,0.8507109272430261,44755200
1991-05-07,0.8570600748062134,0.8782218985815031,0.8570600748062134,0.8739898099111997,50904000
1991-05-08,0.8718734979629517,0.8739895416486043,0.8485949831126791,0.8549437680543813,57592800
1991-05-09,0.895151674747467,0.8972677191796827,0.8697571072520697,0.8739898500014757,76298400
1991-05-10,0.8697566986083984,0.9057321979011226,0.8634084956404847,0.8993833410485413,52070400
1991-05-13,0.8729317784309387,0.8782219257594716,0.8570601013292956,0.8739898369581993,68745600
1991-05-14,0.8570600748062134,0.8739898099111997,0.8528279861359098,0.8686990088614341,58816800
1991-05-15,0.8295494318008423,0.8507112547511462,0.8179104255454811,0.8485952104984876,111160800
1991-05-16,0.841188371181488,0.8464790994074624,0.833782179919361,0.8401303127209497,70243200
1991-05-17,0.8401302695274353,0.8422463136858397,0.8295493948505234,0.8380142253690309,44812800
1991-05-20,0.8390719294548035,0.8464786984394659,0.827432928632751,0.8422459580251539,65937600
1991-05-21,0.8634088635444641,0.8739898117816955,0.842246385838938,0.8443630840635646,83570400
1991-05-22,0.9036163091659546,0.9036163091659545,0.8655247568510869,0.8697569174458236,88783200
1991-05-23,0.9268948435783386,0.9290115427984481,0.9057330098053573,0.9057330098053573,67752000
1991-05-24,0.9311272501945496,0.9522890762871618,0.9268945071757956,0.9311272501945497,67932000
1991-05-28,0.9374752640724182,0.9459401677968651,0.9311271311831937,0.93535921977601,43941600
1991-05-29,0.933243453502655,0.9480571484144148,0.9290113636490546,0.9417082870949836,64202400
1991-05-30,0.933243453502655,0.945940449602487,0.9226625023296232,0.9321853947123033,61833600
1991-05-31,0.9290114641189575,0.9395923437823778,0.9141977676051393,0.9353595995858908,81784800
1991-06-03,0.9480563402175903,0.950172383340511,0.922661715781148,0.9268938746808306,46951200
1991-06-04,0.9565212726593018,0.9607540161526011,0.935359444194175,0.9480570934428824,35035200
1991-06-05,0.9480563402175903,0.9671021087468589,0.9480563402175902,0.9522884264634318,41385600
1991-06-06,0.9406500458717346,0.9565210687308892,0.9353592447774217,0.9544050243779207,32680800
1991-06-07,0.933243453502655,0.933243453502655,0.9205464574028229,0.9290113636490546,51984000
1991-06-10,0.9353594779968262,0.9395922216430912,0.9290113433550984,0.9332434331162502,29498400
1991-06-11,0.9364174604415894,0.9565212292656852,0.9353594017605875,0.939592145061864,41846400
1991-06-12,0.9406500458717346,0.9501729356719841,0.9332432004244534,0.9374752891303901,51069600
1991-06-13,0.939591646194458,0.9501725906561009,0.9353589051405159,0.939591646194458,38001600
1991-06-14,0.9607535600662231,0.9628696765196697,0.9395917416469787,0.9417077854465609,46360800
1991-06-17,0.9607535600662231,0.9713345056027776,0.9522887309831153,0.9628696765196697,29419200
1991-06-18,0.9438243508338928,0.960754017052773,0.9290113106522913,0.9586379722466856,46850400
1991-06-19,0.8750478029251099,0.9290111115121065,0.8718737727233042,0.9290111115121065,157039200
1991-06-20,0.8528277277946472,0.8612919025712596,0.8380140415122211,0.8549437714888003,187999200
1991-06-21,0.8655248284339905,0.8718736874090727,0.8570599979673448,0.8570599979673448,67680000
1991-06-24,0.8306072354316711,0.8591758972124678,0.8253170896333183,0.8549438096353311,79696800
1991-06-25,0.8358983993530273,0.8485953941557246,0.8295496113360962,0.8401304887742743,97228800
1991-06-26,0.8528277277946472,0.8591758588771066,0.831665256545015,0.8380140415122211,96638400
1991-06-27,0.8634088635444641,0.8665829663809262,0.8475371869000268,0.8602341794769387,56510400
1991-06-28,0.8649955987930298,0.8729314342145742,0.8316652062687133,0.8602338650477628,61526400
1991-07-01,0.9062616229057312,0.9094363071349042,0.8602342232781033,0.87293179773261,72388800
1991-07-02,0.8649955987930298,0.9173711826058618,0.8634085479548911,0.9046741946699012,43920000
1991-07-03,0.8126198649406433,0.825317440845026,0.7840511910025212,0.8189686528928346,191630400
1991-07-05,0.7840511798858643,0.8094457501034138,0.7808770765703521,0.8094457501034138,78758400
1991-07-08,0.8507115244865417,0.8538862094301073,0.7681801781158624,0.7713542818282043,109185600
1991-07-09,0.8618217706680298,0.8729317112922634,0.8443630434452188,0.857060035411338,76948800
1991-07-10,0.8284915089607239,0.8729318602732099,0.8253174057352373,0.866583072591102,67310400
1991-07-11,0.841188371181488,0.8475371578680007,0.8253172763117717,0.8348401657260188,51148800
1991-07-12,0.8634088635444641,0.8697570692173885,0.8380142971595771,0.850711289736489,35174400
1991-07-15,0.8872157335281372,0.8919774686717337,0.869757006719986,0.8729316905593908,36763200
1991-07-16,0.8570600748062134,0.8888028467960895,0.8570600748062134,0.8888028467960895,42734400
1991-07-17,0.8602340221405029,0.8602340221405028,0.8253171536325097,0.8348400416312273,40526400
1991-07-18,0.8507115244865417,0.8792802015912901,0.8475374207741998,0.8634091017983567,25656000
1991-07-19,0.8602340221405029,0.86340870562738,0.8380141438871475,0.8570599198845826,24441600
1991-07-22,0.8570600748062134,0.8729317514166824,0.8443630822564753,0.8475371850861443,35136000
1991-07-23,0.8443630337715149,0.8665829147654134,0.8443630337715149,0.8634088121180075,35596800
1991-07-24,0.8316653966903687,0.8538858572045547,0.8253171918843017,0.8507111735705373,54321600
1991-07-25,0.8380146622657776,0.8634092397145734,0.8364276101560998,0.8507116603745173,90211200
1991-07-26,0.9015003442764282,0.9110232331905067,0.8475371133529797,0.8507112159140015,149294400
1991-07-29,0.8919780254364014,0.9046750250263091,0.8729322354358474,0.9015009204366783,136468800
1991-07-30,0.9237203598022461,0.9268944628276268,0.8856287985732876,0.8951516888805272,78038400
1991-07-31,0.933243453502655,0.9395922421681833,0.9237205611199748,0.9268946648371267,111628800
1991-08-01,0.9300693869590759,0.9395922797223727,0.9268947018838117,0.9364175946471086,53942400
1991-08-02,0.9300693869590759,0.9491151724856696,0.9300693869590758,0.9364175946471086,81369600
1991-08-05,0.9173715710639954,0.9300691456075552,0.9110233650233124,0.9300691456075552,28252800
1991-08-06,0.9459400177001953,0.9522888034669614,0.9173713535961865,0.9173713535961865,53097600
1991-08-07,0.9649863839149475,0.9713351735643685,0.9459405961979991,0.9491152816383669,69235200
1991-08-08,1.003077745437622,1.0062524302009728,0.9649861781269378,0.9649861781269378,91852800
1991-08-09,1.0252978801727295,1.0411689738994674,0.9935545302572509,0.999903316486547,114806400
1991-08-12,1.0538660287857056,1.063388912837291,1.0125998104083576,1.0125998104083576,56899200
1991-08-13,1.0475174188613892,1.0633890886483477,1.0443433173963224,1.0633890886483477,94497600
1991-08-14,1.0475174188613892,1.0602144059524687,1.0411686347004434,1.050691520326456,67008000
1991-08-15,1.034820318222046,1.0570401885010068,1.0284715347577362,1.0475173039199166,45460800
1991-08-16,1.0379951000213623,1.0459309392481206,1.0189493183695941,1.0252981059972268,52075200
1991-08-19,1.0189489126205444,1.0316459015886943,0.9776832625508841,0.98403146641951,85425600
1991-08-20,1.0221229791641235,1.0395817016601372,1.0157747755153026,1.0237106113072068,57326400
1991-08-21,1.0665632486343384,1.0729120331436337,1.037994590188776,1.0411686918280014,73214400
1991-08-22,1.0665632486343384,1.0824349192921545,1.0570403624858176,1.069737350273564,43627200
1991-08-23,1.082435131072998,1.0983062236051846,1.0665634573098535,1.0665634573098535,43161600
1991-08-26,1.082435131072998,1.082435131072998,1.0602146715584042,1.0760863453215486,44136000
1991-08-27,1.0760866403579712,1.0792607434884778,1.0665637497353342,1.0760866403579712,34204800
1991-08-28,1.087196707725525,1.1014813359197686,1.072912660762465,1.0760867642584375,41558400
1991-08-29,1.0887832641601562,1.0983061515470698,1.0792603767732425,1.0919579474430738,27974400
1991-08-30,1.082435131072998,1.095132121344939,1.072912243061303,1.0887833355934895,22032000
1991-09-03,1.0554536581039429,1.079260590674112,1.0475178201702082,1.079260590674112,33494400
1991-09-04,1.0491046905517578,1.0602146292502306,1.0284718642216035,1.057040527116648,38467200
1991-09-05,1.0221229791641235,1.0538663223317404,1.0157747755153026,1.0538663223317404,58459200
1991-09-06,1.0252978801727295,1.0443436576296161,1.0189490939434336,1.028471982671877,50788800
1991-09-09,1.0252978801727295,1.0348207689011728,1.0189490939434336,1.0252978801727295,31915200
1991-09-10,1.015775442123413,1.0475182248915245,1.015775442123413,1.0411694358453984,65937600
1991-09-11,1.0411689281463623,1.0443436117370029,1.022123151526423,1.022123151526423,64032000
1991-09-12,1.087196707725525,1.088783759473511,1.0538668773242625,1.0538668773242625,53808000
1991-09-13,1.0538660287857056,1.0887828828210417,1.0475172456744097,1.085608781880752,51360000
1991-09-16,1.0538660287857056,1.0602142306662852,1.04434314473412,1.0538660287857056,21686400
1991-09-17,1.0729122161865234,1.0760863183672629,1.041168869455356,1.0506917572285175,23366400
1991-09-18,1.0760866403579712,1.0856095309806082,1.0633896466048276,1.0665637497353342,26942400
1991-09-19,1.0951324701309204,1.107829464446695,1.076086688041687,1.079260791312845,51364800
1991-09-20,1.09830641746521,1.104655204337272,1.0919582118242084,1.1014811015167711,30316800
1991-09-23,1.0776736736297607,1.0983065060900465,1.0729125190148212,1.0951324030134202,49771200
1991-09-24,1.117351770401001,1.12052645324091,1.0824349090087073,1.0824349090087073,47625600
1991-09-25,1.1141774654388428,1.1221132992439566,1.0983057978286153,1.1173515664685953,25766400
1991-09-26,1.1332236528396606,1.1427465406786494,1.107829091525375,1.1110037749590027,48000000
1991-09-27,1.1205267906188965,1.1363978846736962,1.1141780042583684,1.1363978846736962,33273600
1991-09-30,1.130049467086792,1.1363976710227988,1.1046549076500527,1.1205265799518778,27700800
1991-10-01,1.1284632682800293,1.1332244248274985,1.117352740539915,1.1300503204625192,19627200
1991-10-02,1.1046557426452637,1.1490961099437393,1.0951328483121148,1.1237015313115613,67219200
1991-10-03,1.1110039949417114,1.120526884666266,1.0951323183237665,1.0983064211549305,34632000
1991-10-04,1.1189393997192383,1.1300493365548459,1.1110035644849936,1.1173517676877198,26457600
1991-10-07,1.1237013339996338,1.1284630709457615,1.101481444867682,1.1078296524875302,27187200
1991-10-08,1.1332236528396606,1.1363977550423412,1.1173519793643638,1.1173519793643638,37708800
1991-10-09,1.1363979578018188,1.1586184208780645,1.1332238550328055,1.1363979578018188,60931200
1991-10-10,1.139573097229004,1.1490959905728917,1.1237014145787632,1.1490959905728917,42048000
1991-10-11,1.137986183166504,1.1554443387206537,1.114178656304994,1.152270234298327,69921600
1991-10-14,1.17131507396698,1.17131507396698,1.142746413626322,1.142746413626322,50625600
1991-10-15,1.1602052450180054,1.1713151837645455,1.1522694084187806,1.1713151837645455,57854400
1991-10-16,1.1522694826126099,1.1617923708986644,1.1411595431507084,1.1617923708986644,100200000
1991-10-17,1.1332236528396606,1.1522694285176383,1.123700765000672,1.1522694285176383,95563200
1991-10-18,1.142746925354004,1.1586186041720794,1.139572822082846,1.142746925354004,37843200
1991-10-21,1.1554434299468994,1.1617922150294906,1.1395723390867663,1.1427464410126136,28704000
1991-10-22,1.1602052450180054,1.1776639692901127,1.1586181939443478,1.161792296091663,32496000
1991-10-23,1.1459211111068726,1.1681415792978034,1.1395729041076221,1.1649668945669933,36724800
1991-10-24,1.1459211111068726,1.1490957958376824,1.133224115877187,1.1490957958376824,26942400
1991-10-25,1.1363979578018188,1.152269634108987,1.1332238550328055,1.1459208473399096,28080000
1991-10-28,1.1459211111068726,1.1459211111068726,1.1141783324170662,1.136398219376812,37953600
1991-10-29,1.1522694826126099,1.1522694826126099,1.1395724919748618,1.1459206966782485,36523200
1991-10-30,1.1998845338821411,1.2030586378470673,1.1522700682518974,1.1522700682518974,65592000
1991-10-31,1.1919482946395874,1.2094070230781786,1.1840124561464935,1.1998841331326813,41092800
1991-11-01,1.1760776042938232,1.1903616535204302,1.168141763065141,1.1871875495214679,34296000
1991-11-04,1.1554434299468994,1.1744892039637762,1.152269328021052,1.1713151020379289,28838400
1991-11-05,1.1903609037399292,1.1998837909698485,1.1554434568199212,1.1586181400505011,51739200
1991-11-06,1.2094072103500366,1.212581313746341,1.1840126394861041,1.193535530906183,38308800
1991-11-07,1.2030584812164307,1.215756057885531,1.1998843776647525,1.212581373102659,20894400
1991-11-08,1.2094072103500366,1.2284529931901949,1.2062331069537322,1.2062331069537322,36494400
1991-11-11,1.2379757165908813,1.2443245037529918,1.2141687818873692,1.218929936335637,40564800
1991-11-12,1.268131136894226,1.2792410758626545,1.244324207852015,1.2474983100627233,80035200
1991-11-13,1.2824156284332275,1.291938515324487,1.2538469677594493,1.2633698546507086,57523200
1991-11-14,1.2601958513259888,1.288764527410693,1.2538476441279676,1.288764527410693,44371200
1991-11-15,1.2062331438064575,1.2760674892768875,1.2030584590819946,1.2570217058548445,71592000
1991-11-18,1.2348016500473022,1.2411498561655736,1.2062329788217692,1.2094070818809048,72432000
1991-11-19,1.2221040725708008,1.2363886987666515,1.1967100856932258,1.2221040725708008,71976000
1991-11-20,1.225278377532959,1.2379753670410207,1.2189295921634666,1.2316265816715284,36441600
1991-11-21,1.2348016500473022,1.2348016500473022,1.2157558692302801,1.2221040753485515,35558400
1991-11-22,1.2189297676086426,1.2379755452275276,1.2094068787992,1.2316267589442305,38102400
1991-11-25,1.214168906211853,1.2316270555408768,1.2094071700449218,1.2157559578571144,33724800
1991-11-26,1.1998845338821411,1.2221044240991648,1.1776646436651173,1.2205173721167017,58809600
1991-11-27,1.2094072103500366,1.212581313746341,1.193535530906183,1.1967102155336533,15009600
1991-11-29,1.2348016500473022,1.2411498561655736,1.2030582945315293,1.2030582945315293,20524800
1991-12-02,1.2855899333953857,1.288764035783566,1.2189297146267362,1.2221038170149163,55852800
1991-12-03,1.2871776819229126,1.3046364169782019,1.2633707386520971,1.2824165257612679,64996800
1991-12-04,1.2951126098632812,1.3078095985692926,1.2697180512203725,1.2919385079944998,36297600
1991-12-05,1.29193913936615,1.298287346206086,1.2792415632239373,1.29193913936615,24892800
1991-12-06,1.3236819505691528,1.336378945799709,1.2824162801464567,1.2887644871461426,51580800
1991-12-09,1.2951126098632812,1.3173324854065225,1.2855897230260511,1.3109842816689599,57720000
1991-12-10,1.29193913936615,1.295113242786118,1.2697186717328628,1.295113242786118,46252800
1991-12-11,1.2792414426803589,1.3046360113406705,1.2633703458448897,1.2967001723073786,39134400
1991-12-12,1.2951126098632812,1.3109842816689599,1.2760668361888212,1.28241562115727,36979200
1991-12-13,1.2951126098632812,1.3046354967005112,1.2887638248948325,1.2982867117320624,26193600
1991-12-16,1.2967000007629395,1.2982870521134189,1.2792412734455887,1.29511294941246,27225600
1991-12-17,1.293526291847229,1.314159128146746,1.272893455547712,1.295113343680851,27480000
1991-12-18,1.3062225580215454,1.3109842920934671,1.2855897332486295,1.2951126201615821,33561600
1991-12-19,1.304635763168335,1.3109845494335037,1.2855899856038338,1.299874609392712,38116800
1991-12-20,1.310984492301941,1.333204371415201,1.2982869203249527,1.3205073806691923,35356800
1991-12-23,1.355424404144287,1.355424404144287,1.3014617514347058,1.3109846408812253,46113600
1991-12-24,1.349076271057129,1.3649473668322556,1.3459015869172424,1.355424476874749,23995200
1991-12-26,1.3697091341018677,1.3744702885751872,1.342727515059787,1.3490763022553032,24326400
1991-12-27,1.4014519453048706,1.4157365715711487,1.368122119402064,1.374470325537205,36657600
1991-12-30,1.406213402748108,1.4125616076264895,1.390341728090173,1.4030387190779265,35524800
1991-12-31,1.4125624895095825,1.4220853840034255,1.380819701607224,1.4062142806679228,40512000
1992-01-02,1.4474785327911377,1.45700141787529,1.3903412222862244,1.406212891170071,74265600
1992-01-03,1.4347820281982422,1.4506531211805564,1.418910353984954,1.4474790188302884,38246400
1992-01-06,1.4792215824127197,1.4950932544412905,1.4268459946878669,1.4379559326155087,63057600
1992-01-07,1.523661732673645,1.5268358342064403,1.4696985192311787,1.479221405060389,64363200
1992-01-08,1.5776256322860718,1.5966714122282333,1.5077907183440946,1.5109654024885064,90763200
1992-01-09,1.6157172918319702,1.6379371760580455,1.5744510452578278,1.5776257295980622,88348800
1992-01-10,1.5903222560882568,1.622065021547968,1.5744505827429303,1.6125421337869603,64641600
1992-01-13,1.6141297817230225,1.6363496596367042,1.5585795057078702,1.5744505979758079,52804800
1992-01-14,1.628414273262024,1.6315883763472918,1.5998456018012868,1.6188913827751115,44006400
1992-01-15,1.6696794033050537,1.691899861475493,1.6284137514942592,1.6347625368616594,65294400
1992-01-16,1.622065782546997,1.676029032253441,1.6188916788811645,1.6665061400247283,58761600
1992-01-17,1.606194257736206,1.644285816566068,1.571276801731812,1.6220653530946076,85027200
1992-01-20,1.555404543876648,1.615716543638949,1.555404543876648,1.615716543638949,58862400
1992-01-21,1.5157268047332764,1.5617542106591165,1.472874083471021,1.5522313191307073,120019200
1992-01-22,1.593496561050415,1.593496561050415,1.510965244106193,1.523662235659685,56131200
1992-01-23,1.587148666381836,1.6426989597960255,1.5712769879117447,1.5934968727849685,75590400
1992-01-24,1.58238685131073,1.5934967931924187,1.5744510124720665,1.5807997997892176,37756800
1992-01-27,1.5315980911254883,1.5934965795523521,1.5300110398167517,1.5839736904689097,46233600
1992-01-28,1.5331847667694092,1.5458817553592763,1.4728733444289392,1.5363588686091558,95539200
1992-01-29,1.5807996988296509,1.5966713754933153,1.5458822426620147,1.5554051324140006,97344000
1992-01-30,1.5681027173995972,1.583973812945173,1.5427081508031806,1.5807997100822715,41923200
1992-01-31,1.5268352031707764,1.5712755124170077,1.520487002728875,1.568101412196057,49948800
1992-02-03,1.587148666381836,1.5934968727849685,1.4919197580235486,1.5014426488593773,80265600
1992-02-04,1.5807996988296509,1.5998454783336225,1.5554051324140006,1.5903225885816366,58440000
1992-02-05,1.6157172918319702,1.6315883886086897,1.5681028390395853,1.5839739358163047,71212800
1992-02-06,1.6030193567276,1.6379368080062786,1.5966711519358279,1.606194040354469,62356800
1992-02-07,1.596671462059021,1.618891345607981,1.5744509972789653,1.603019668083812,36499200
1992-02-10,1.5807996988296509,1.5998454783336225,1.549056926733386,1.5950843240731616,41371200
1992-02-11,1.555404543876648,1.5839732023227344,1.5427075560886687,1.5776249990441669,41078400
1992-02-12,1.596671462059021,1.6093684553396987,1.506203713894792,1.506203713894792,83342400
1992-02-13,1.555404543876648,1.6061936574902533,1.5427075560886687,1.59349608847143,97358400
1992-02-14,1.5046164989471436,1.5554050477839605,1.4982677123809043,1.552230945116357,82632000
1992-02-18,1.5014420747756958,1.5522306127371612,1.498267391556855,1.5141390639583352,73694400
1992-02-19,1.4617642164230347,1.4982681514921148,1.44113079934329,1.4982681514921148,145372800
1992-02-20,1.4919192790985107,1.5141391568388716,1.4696988201272065,1.4728735035407892,74323200
1992-02-21,1.4538277387619019,1.5046162802153966,1.4443048509124372,1.4855705045164675,91118400
1992-02-24,1.4585888385772705,1.4792216646225749,1.4347819104422046,1.453827685442628,59049600
1992-02-25,1.4696990251541138,1.479221914261443,1.4379562552066918,1.4601761360467846,57388800
1992-02-26,1.5490570068359375,1.5490570068359375,1.4728738848805814,1.4728738848805814,100670400
1992-02-27,1.5855618715286255,1.5903230271019413,1.5585802462528295,1.5585802462528295,79579200
1992-02-28,1.5681027173995972,1.606194276678688,1.5522310406229534,1.5871484970391427,58276800
1992-03-02,1.5617543458938599,1.5966718115986422,1.5458826648951,1.5712772382468712,34876800
1992-03-03,1.5649282932281494,1.5903228640424085,1.5554054018266978,1.5681029778494098,27734400
1992-03-04,1.555404543876648,1.5776249990441669,1.5458816577279526,1.5649274300253435,33086400
1992-03-05,1.5395338535308838,1.5649278356895289,1.5141392901412443,1.5554049470722884,55689600
1992-03-06,1.5014420747756958,1.5490565107492282,1.4823963003862828,1.5331848383477482,61867200
1992-03-09,1.5109654664993286,1.5300112472483491,1.5014425761248185,1.507790782220424,30427200
1992-03-10,1.5458824634552002,1.5585800390921092,1.5141396868252215,1.5173137901188751,45480000
1992-03-11,1.5268352031707764,1.564926730744522,1.5141382210563892,1.5522297486301349,39532800
1992-03-12,1.5379470586776733,1.5427082131644871,1.504616652345611,1.5268365357462583,50025600
1992-03-13,1.5363590717315674,1.5617536334996038,1.5300108672127766,1.5554048477498552,36763200
1992-03-16,1.5776256322860718,1.5776256322860718,1.530011182430668,1.536359388257337,55132800
1992-03-17,1.6252405643463135,1.634763457142813,1.583974308073983,1.5919101489429406,94473600
1992-03-18,1.6046077013015747,1.6379375349435261,1.599845964363444,1.631588746103099,69230400
1992-03-19,1.618891954421997,1.653809425614086,1.6030202709289905,1.6125431647785315,111576000
1992-03-20,1.631588101387024,1.6379368877187515,1.61889110995458,1.61889110995458,35774400
1992-03-23,1.631588101387024,1.6411109902691097,1.6220652125049382,1.631588101387024,37843200
1992-03-24,1.618891954421997,1.6490476880736584,1.6061949563663802,1.6379377421210792,70228800
1992-03-25,1.631588101387024,1.6411109902691097,1.6125423236228524,1.61889110995458,36739200
1992-03-26,1.587148666381836,1.637937223762546,1.5776257755460072,1.6347631205609798,60403200
1992-03-27,1.5395338535308838,1.5871482966170865,1.5173133926033262,1.580799510461928,89971200
1992-03-30,1.523661732673645,1.5490562886284807,1.523661732673645,1.5427075043320657,40713600
1992-03-31,1.5046164989471436,1.5490568424487536,1.495093609713301,1.5300110639810682,86702400
1992-04-01,1.5300110578536987,1.5331851605085904,1.485570714530063,1.4887448171849547,74203200
1992-04-02,1.485571026802063,1.5427083739867578,1.482396923479964,1.5300113794672097,56918400
1992-04-03,1.4919192790985107,1.5141391568388716,1.4823963913196498,1.4919192790985107,59534400
1992-04-06,1.5395338535308838,1.5442950072240067,1.495093512906763,1.495093512906763,40123200
1992-04-07,1.4728740453720093,1.5554053823292597,1.4696993607905446,1.549057175628645,72758400
1992-04-08,1.4887442588806152,1.491918941575977,1.4379557292937555,1.4696984876316912,105388800
1992-04-09,1.523661732673645,1.5268358342064403,1.480809037057611,1.5014418594824293,70008000
1992-04-10,1.4728740453720093,1.549057175628645,1.4474794748760784,1.5395342843465656,126446400
1992-04-13,1.4919192790985107,1.499855115786052,1.4506530445694847,1.4823963913196498,45552000
1992-04-14,1.485571026802063,1.5268366949139585,1.479222238926713,1.5014427058748623,72806400
1992-04-15,1.636350393295288,1.6411115487410515,1.6061946651118264,1.6347633414800335,223305600
1992-04-16,1.6204789876937866,1.6379377230869467,1.612543146039504,1.6379377230869467,66393600
1992-04-20,1.499855399131775,1.5871484567238412,1.466524994993665,1.580799669928236,226118400
1992-04-21,1.4744607210159302,1.5046164388467194,1.4665248834328783,1.5014423363059022,99244800
1992-04-22,1.4935063123703003,1.5046162511079242,1.4538277106369564,1.479221690256972,61790400
1992-04-23,1.4696990251541138,1.5109652654398895,1.4252592634739278,1.5046164789579954,115334400
1992-04-24,1.4252594709396362,1.4823968139007206,1.4220847866210589,1.4728739234072066,90393600
1992-04-27,1.4379559755325317,1.4792216265613514,1.4284330882773493,1.4284330882773493,99585600
1992-04-28,1.3839936256408691,1.4538285636477952,1.35859963112133,1.4443056703951487,199876800
1992-04-29,1.4141490459442139,1.4157360969459405,1.374469864746492,1.3903415372255807,137308800
1992-04-30,1.399864912033081,1.431607686816204,1.3935161245840113,1.4220847962581558,95870400
1992-05-01,1.4443047046661377,1.447478806550909,1.3998643721248925,1.4030384740096637,62083200
1992-05-04,1.4474785327911377,1.4728730867591366,1.4284327626228333,1.4411297489914432,73920000
1992-05-05,1.4792215824127197,1.491919152527934,1.4379559326155087,1.4443047176731159,59246400
1992-05-06,1.4728740453720093,1.4887451433547034,1.4665252574402372,1.4855710400043962,50016000
1992-05-07,1.4601755142211914,1.47922128432508,1.4506526291692472,1.4728730817776352,40579200
1992-05-08,1.4538277387619019,1.4855705045164675,1.437956065269145,1.472873514460831,59822400
1992-05-11,1.4474785327911377,1.4633502016749844,1.4379556477069855,1.45700141787529,41112000
1992-05-12,1.4506531953811646,1.463350767893663,1.4316074178434204,1.4570019816374138,49905600
1992-05-13,1.4316070079803467,1.4506527800653661,1.4093871342914366,1.4443045768575848,64320000
1992-05-14,1.406213402748108,1.4347820683937964,1.3871676256509822,1.431607384723615,72307200
1992-05-15,1.3966907262802124,1.4157365062693468,1.390341939206808,1.3998648292013751,40814400
1992-05-18,1.4316070079803467,1.4411298940228565,1.4030383498528176,1.406213032687546,37526400
1992-05-19,1.4538277387619019,1.4538277387619019,1.437956065269145,1.437956065269145,51240000
1992-05-20,1.4823964834213257,1.4855705858011725,1.4538278183097646,1.4538278183097646,58800000
1992-05-21,1.4808095693588257,1.4855707233694933,1.4633508421909778,1.4855707233694933,48566400
1992-05-22,1.4696990251541138,1.4855707007433372,1.4601761360467846,1.4855707007433372,36969600
1992-05-26,1.4665248394012451,1.4855706165363263,1.460176053279221,1.4728736255232695,38217600
1992-05-27,1.4601755142211914,1.4760471830513575,1.457001412947469,1.4696983992731356,31166400
1992-05-28,1.5109654664993286,1.517313672594934,1.453828124252267,1.4570022273000698,62702400
1992-05-29,1.5363590717315674,1.5522307454904598,1.5173132957132796,1.5204879792036325,89918400
1992-06-01,1.5776256322860718,1.5776256322860718,1.5236623953729218,1.530011182430668,68529600
1992-06-02,1.560166597366333,1.5807994247126427,1.552230760410607,1.5776253224227375,42585600
1992-06-03,1.5617543458938599,1.5776260268926197,1.5554055572481114,1.5554055572481114,28190400
1992-06-04,1.556992530822754,1.5681024703234534,1.5554048984103883,1.564927786729699,41755200
1992-06-05,1.5363590717315674,1.5617536334996038,1.533184969472172,1.5554048477498552,40939200
1992-06-08,1.5014420747756958,1.536358940335681,1.5014420747756958,1.5331848383477482,40228800
1992-06-09,1.4601755142211914,1.5109646219854123,1.447478527895525,1.5046158382071904,84604800
1992-06-10,1.4284334182739258,1.4665249760945638,1.4220846315601374,1.4633508733531926,65457600
1992-06-11,1.3712960481643677,1.4633508377338935,1.3649472616051146,1.4284333835045495,130732800
1992-06-12,1.4284334182739258,1.4347822049877141,1.382406022368814,1.3998647499084473,138028800
1992-06-15,1.4427177906036377,1.4855704950373192,1.4284331683051146,1.4284331683051146,54940800
1992-06-16,1.3855798244476318,1.457001159287567,1.3808180921352757,1.4379553924994941,57376000
1992-06-17,1.3784384727478027,1.3951036755548474,1.3617732699407579,1.3808190499399293,70032000
1992-06-18,1.3760578632354736,1.4236723121150563,1.3522503481801496,1.3903419072838157,53356800
1992-06-19,1.399864912033081,1.41414953848571,1.3855808668115654,1.399864912033081,43110400
1992-06-22,1.4141490459442139,1.418910198949394,1.3617728755017675,1.3951032714616716,54080000
1992-06-23,1.399864912033081,1.4427182101598546,1.3855808668115654,1.4236724290437581,57420800
1992-06-24,1.3760578632354736,1.4046265325632232,1.366534973459557,1.4046265325632232,34096000
1992-06-25,1.3332048654556274,1.376058169603727,1.266544622182846,1.376058169603727,165340800
1992-06-26,1.2713059186935425,1.3284432502925558,1.2522601414938714,1.323681515377141,140982400
1992-06-29,1.3760578632354736,1.3855807530113902,1.2998747450281412,1.304635899300567,90963200
1992-06-30,1.3332048654556274,1.3903422168322972,1.3236819735595158,1.3855810614998387,74048000
1992-07-01,1.373677372932434,1.3855814268649596,1.3236823226024101,1.3379669548289017,45136000
1992-07-02,1.330823540687561,1.3903414363181197,1.309397191257499,1.3855802836584918,80563200
1992-07-06,1.3236819505691528,1.3379665787808153,1.2903521201272485,1.3332048422998664,36224000
1992-07-07,1.2951126098632812,1.3284430044090292,1.2808285702228792,1.3284430044090292,54396800
1992-07-08,1.307017207145691,1.3141595237784212,1.2474992580795157,1.295113733578734,93417600
1992-07-09,1.3141586780548096,1.3474890800702586,1.2998746352132002,1.3141586780548096,61174400
1992-07-10,1.3236819505691528,1.3332048422998664,1.2879709612711818,1.3189207953193887,28905600
1992-07-13,1.3332048654556274,1.357012385811504,1.3046361897672925,1.328443710123169,35113600
1992-07-14,1.3546313047409058,1.3617736193811314,1.3379666788886837,1.342727834494682,41116800
1992-07-15,1.3617730140686035,1.3951034134200333,1.3522501258583335,1.3665347487892234,80172800
1992-07-16,1.3760578632354736,1.3760578632354736,1.347489193907724,1.3522503481801496,42291200
1992-07-17,1.3379658460617065,1.3712956582509848,1.3284429595460747,1.366534505608602,59865600
1992-07-20,1.318920612335205,1.3379663931542616,1.304635986105361,1.3236817669244172,48707200
1992-07-21,1.3665351867675781,1.3855809692923446,1.3236818854712753,1.3332047767336586,45907200
1992-07-22,1.3332048654556274,1.3665352777076156,1.3236819735595158,1.3665352777076156,59008000
1992-07-23,1.3522499799728394,1.3760574885455614,1.3093972782652101,1.3284430526310247,68441600
1992-07-24,1.3855798244476318,1.4046255912357046,1.3522494419531665,1.3546300174940067,76259200
1992-07-27,1.390342116355896,1.399865007563813,1.3760580701595966,1.3855809613675139,30512000
1992-07-28,1.4093884229660034,1.4189113177157737,1.385581476707262,1.3998655282162331,45363200
1992-07-29,1.4093884229660034,1.4236730557063433,1.3712968439669222,1.4189113177157737,145273600
1992-07-30,1.3927226066589355,1.4189107011489948,1.39034202931378,1.3998649199255184,32035200
1992-07-31,1.3855798244476318,1.3998638589233485,1.3760569410535954,1.3998638589233485,35312000
1992-08-03,1.404626727104187,1.4141496181990252,1.3712963176566808,1.385580944914511,31516800
1992-08-04,1.4070074558258057,1.41891092566621,1.3998651414290797,1.4093880335476447,31430400
1992-08-05,1.3712960481643677,1.4046264510616564,1.357012004944838,1.4046264510616564,60150400
1992-08-06,1.3617730140686035,1.3712959022788733,1.3379660841584136,1.3617730140686035,3705600
1992-08-07,1.3474892377853394,1.4046265783013732,1.3427275021267944,1.3617732822988056,55008000
1992-08-10,1.3498698472976685,1.3808190955099444,1.3474892700269776,1.3522504245683593,42067200
1992-08-11,1.3593922853469849,1.368915172492619,1.3332042003887652,1.3570117088683027,33436800
1992-08-12,1.3522499799728394,1.3808186415215615,1.3474888269968395,1.366534601362654,30441600
1992-08-13,1.3498698472976685,1.366535050654701,1.3427275342544978,1.3570121603408394,28227200
1992-08-14,1.3522499799728394,1.366534601362654,1.3474888269968395,1.3522499799728396,33942400
1992-08-17,1.3236819505691528,1.352250625761293,1.3236819505691528,1.3474894705115286,63318400
1992-08-18,1.3236819505691528,1.3474894705115286,1.295113275377013,1.3141590588384395,66313600
1992-08-19,1.318920612335205,1.3427275477434735,1.309397721925677,1.3236817669244172,27433600
1992-08-20,1.340347170829773,1.3474894850124657,1.3141590729806933,1.3236819648138867,36534400
1992-08-21,1.3284443616867065,1.3498707336541746,1.3141597262207412,1.342728415921192,52710400
1992-08-24,1.3141586780548096,1.3332044559976328,1.3093975241846119,1.32606214396132,42800000
1992-08-25,1.340347170829773,1.3474894850124657,1.3046361811474998,1.3093979176796922,37123200
1992-08-26,1.3641536235809326,1.3760576700529372,1.3379661162968834,1.3379661162968834,50016000
1992-08-27,1.4022448062896729,1.4093871160367557,1.3712955723600866,1.3712955723600866,88028800
1992-08-28,1.416529655456543,1.418910232014608,1.3998644570882375,1.3998644570882375,49468800
1992-08-31,1.4189107418060303,1.4284336326906344,1.3998649600368216,1.4141495869792946,25651200
1992-09-01,1.4189107418060303,1.4212913192193979,1.3951038052100861,1.409387850921426,30825600
1992-09-02,1.435575246810913,1.442717556802721,1.4046260118208782,1.4189100505736443,61955200
1992-09-03,1.4593827724456787,1.471286821074978,1.4379564148826827,1.4427181505806201,85296000
1992-09-04,1.4474785327911377,1.45700141787529,1.4379556477069855,1.4522402659486033,28585600
1992-09-08,1.4617642164230347,1.464144794121435,1.4331955403486223,1.4474795877702271,49376000
1992-09-09,1.487951636314392,1.4927133726311654,1.457002384564442,1.4617641208812153,60982400
1992-09-10,1.5046164989471436,1.5046164989471436,1.4760478312456156,1.4903324557118958,53302400
1992-09-11,1.499855399131775,1.5093782887096558,1.4855707741494268,1.4950936637273078,30796800
1992-09-14,1.556992530822754,1.5617536843669209,1.518900977545512,1.518900977545512,95100800
1992-09-15,1.547470211982727,1.556993103806525,1.5236626918076377,1.5522313672790309,44614400
1992-09-16,1.5308045148849487,1.556992604306773,1.5141393142318782,1.5189010492317572,35708800
1992-09-17,1.5450886487960815,1.5522309611027805,1.5284240283885024,1.5331851824389426,23590400
1992-09-18,1.5212814807891846,1.5522307210233235,1.492712817212068,1.5474695677092782,71683200
1992-09-21,1.5069971084594727,1.5141394208466996,1.4903324878640034,1.4998553773032908,31811200
1992-09-22,1.4808095693588257,1.506997078879564,1.4760478341171246,1.5046165018742303,30777600
1992-09-23,1.5069971084594727,1.5189011561818657,1.47604786308955,1.480809598424716,37654400
1992-09-24,1.5284243822097778,1.5331855373623977,1.509378599136953,1.509378599136953,36953600
1992-09-25,1.499855399131775,1.5308046449521246,1.447479215837903,1.5284240678654177,41817600
1992-09-28,1.4665248394012451,1.4903323514355924,1.45224079716543,1.4570019508337047,52854400
1992-09-29,1.499855399131775,1.5046165533051887,1.466524994993665,1.466524994993665,39392000
1992-09-30,1.5331847667694092,1.5331847667694092,1.4998549537594277,1.5189007272596686,59843200
1992-10-01,1.516519546508789,1.5427076299797433,1.5141389701653036,1.5236618567701168,47804800
1992-10-02,1.499855399131775,1.5189011782875368,1.4855707741494268,1.5093782887096558,36803200
1992-10-05,1.556992530822754,1.556992530822754,1.442717870991028,1.4950934661317474,71347200
1992-10-06,1.5712770223617554,1.5903228044509887,1.547470085365785,1.5665158674550186,74316800
1992-10-07,1.5450886487960815,1.6046071430438535,1.5427080717708614,1.5712767397666183,58153600
1992-10-08,1.5879416465759277,1.6093679982868063,1.5569924073012216,1.566515294865049,59532800
1992-10-09,1.5688962936401367,1.5903226511168738,1.5522310906110803,1.5903226511168738,40182400
1992-10-12,1.597464919090271,1.5998454962471569,1.576038562216157,1.5807997165299288,34700800
1992-10-13,1.6046077013015747,1.6260340644450606,1.5855619160115335,1.614130593946595,86643200
1992-10-14,1.5903222560882568,1.6188909193712795,1.5807993683272494,1.6069874549777559,47456000
1992-10-15,1.6093686819076538,1.614130418327703,1.576038851892019,1.58556174350094,35942400
1992-10-16,1.626034140586853,1.6284147185517726,1.5950848833490954,1.6141306695309874,47644800
1992-10-19,1.6736478805541992,1.6807901925841997,1.6188911237092216,1.6188911237092216,83280000
1992-10-20,1.6736478805541992,1.709358859473186,1.6569826795612033,1.6807901925841997,84150400
1992-10-21,1.7141201496124268,1.7141201496124268,1.671267436487647,1.680790326207716,60396800
1992-10-22,1.709358811378479,1.7188817000735375,1.6807901452933038,1.7141199651105086,49174400
1992-10-23,1.6879314184188843,1.718881234212884,1.6807896897564307,1.718881234212884,46006400
1992-10-26,1.7141201496124268,1.7188818850879921,1.671267436487647,1.6855514804522196,40121600
1992-10-27,1.6760293245315552,1.7188826376494408,1.6665064306421715,1.7141209000890907,49116800
1992-10-28,1.6855521202087402,1.6903138574916379,1.6617451774880998,1.6807909641571253,36172800
1992-10-29,1.7141201496124268,1.7141201496124268,1.6855514804522196,1.6903132159277852,32774400
1992-10-30,1.6903127431869507,1.7141196702133532,1.6855510090431305,1.7117390937568928,24998400
1992-11-02,1.7069776058197021,1.714119917450157,1.6712672101293946,1.6950741405895997,31091200
1992-11-03,1.6807907819747925,1.7093594588817476,1.66888673067348,1.7045977221149786,35267200
1992-11-04,1.6855521202087402,1.709359644160663,1.6760292268742276,1.6807909641571253,23657600
1992-11-05,1.7498313188552856,1.7569736322183627,1.6807905062952062,1.695074551790236,90361600
1992-11-06,1.766496181488037,1.7760190703876193,1.7379275147892899,1.7474504036888723,61155200
1992-11-09,1.7498313188552856,1.7664965229587573,1.7236432240114197,1.7664965229587573,54796800
1992-11-10,1.7688769102096558,1.7760192228050466,1.7426888181805973,1.752211707897431,38710400
1992-11-11,1.7855422496795654,1.8093491851848655,1.756973578334541,1.7664964687828826,60748800
1992-11-12,1.7807807922363281,1.7950654207575658,1.7522121164250501,1.7855425288204732,46960000
1992-11-13,1.7760194540023804,1.785542344958878,1.7617348269520652,1.7807806088650604,25811200
1992-11-16,1.766496181488037,1.7807802242219046,1.7569732925884547,1.7712573353223222,19312000
1992-11-17,1.7141201496124268,1.790303267372979,1.6998361056478541,1.768876910810589,56649600
1992-11-18,1.7522112131118774,1.7617341001396594,1.7117390885515287,1.7236425520285317,33273600
1992-11-19,1.790303349494934,1.80934912980871,1.7569735245613707,1.7569735245613707,46857600
1992-11-20,1.809348464012146,1.809348464012146,1.7855415379958446,1.790302690706755,41113600
1992-11-23,1.6855521202087402,1.7474512174987138,1.6617451774880998,1.7188825374951757,309884800
1992-11-24,1.7426890134811401,1.7664965310568284,1.6998362955684787,1.7379278587046785,145513600
1992-11-25,1.7355461120605469,1.7617341981516141,1.718881494757986,1.752211310594038,53152000
1992-11-27,1.7474509477615356,1.7617349949427723,1.7331663193491058,1.7426892112136614,17593600
1992-11-30,1.773638367652893,1.7760195264124528,1.7474508523781866,1.761734898779739,35251200
1992-12-01,1.773638367652893,1.7807806814692497,1.7522120074349836,1.7664966350676974,33593600
1992-12-02,1.7284045219421387,1.7807801171244275,1.723642787163216,1.771257228797559,49881600
1992-12-03,1.7450690269470215,1.7617342257415003,1.723642674914657,1.728404409383482,26048000
1992-12-04,1.7474509477615356,1.7617349949427723,1.73792805589698,1.7426892112136614,23548800
1992-12-07,1.7783995866775513,1.780780163513538,1.7331657206388444,1.752211497788722,46422400
1992-12-08,1.7617346048355103,1.7903032741031133,1.7426888253237751,1.7855421198407115,26908800
1992-12-09,1.7522112131118774,1.776018721296781,1.7379271731856534,1.7474500602134353,26048000
1992-12-10,1.6950750350952148,1.747451239716611,1.685552141639624,1.7141208220063973,89296000
1992-12-11,1.6450788974761963,1.6950739096149794,1.6331754338680868,1.685551022482311,112934400
1992-12-14,1.6593632698059082,1.6807902060678004,1.6474598038144261,1.6522215389496313,51286400
1992-12-15,1.6450788974761963,1.6712669823987605,1.6284136996863006,1.661744095266092,45289600
1992-12-16,1.6569830179214478,1.6807905358060016,1.6236531903604343,1.6474601270138534,73792000
1992-12-17,1.7141201496124268,1.7188818850879921,1.6569828112920124,1.661744546767578,51859200
1992-12-18,1.7141201496124268,1.7188818850879921,1.6855514804522196,1.6950743701722886,74387200
1992-12-21,1.7236429452896118,1.752211612891097,1.6998360129038892,1.7093589021043842,64928000
1992-12-22,1.6712676286697388,1.7426890191676006,1.656983001831489,1.733166128352477,56928000
1992-12-23,1.6617441177368164,1.680789892259697,1.6379366089677592,1.676028158013521,59974400
1992-12-24,1.6617441177368164,1.6617441177368162,1.6379366089677592,1.6617441177368162,32723200
1992-12-28,1.6665055751800537,1.6712673102960771,1.637936908176967,1.6617444212950483,45731200
1992-12-29,1.6474593877792358,1.6665051610483599,1.6426982350773918,1.6617440083465158,60035200
1992-12-30,1.6355564594268799,1.6569828160508053,1.6236529925503729,1.652221661792628,50860800
1992-12-31,1.626034140586853,1.6426993488038255,1.6236535626219335,1.6379376116427187,30851200
1993-01-04,1.6212718486785889,1.6331758968925394,1.6093683816957074,1.6188912715282264,72646400
1993-01-05,1.6474593877792358,1.6522211217119538,1.6141295751737055,1.6188907278755498,71529600
1993-01-06,1.6950750350952148,1.6998367724386556,1.6522223051607001,1.6569834612728507,87440000
1993-01-07,1.6617441177368164,1.7117391305516507,1.65698238349064,1.695073932536402,58748800
1993-01-08,1.6593632698059082,1.6807902060678004,1.6426986499102414,1.661744427989021,43977600
1993-01-11,1.6974544525146484,1.699835610173894,1.6426982885080639,1.661744062396674,58348800
1993-01-12,1.709358811378479,1.7379274774636542,1.6903130339883623,1.6950741877203919,85129600
1993-01-13,1.737927794456482,1.7569735753204923,1.6807904518644514,1.7045973873289115,83696000
1993-01-14,1.737927794456482,1.7903034012169574,1.7236431681929216,1.7569735753204923,121264000
1993-01-15,1.709358811378479,1.7331657425006253,1.6569826329401582,1.6665055216352167,181958400
1993-01-18,1.699836015701294,1.709358904917461,1.6807902372689603,1.7045971696938618,50611200
1993-01-19,1.683171272277832,1.6998364782486992,1.6807906946337623,1.6950747417293701,52960000
1993-01-20,1.683171272277832,1.6950747417293701,1.671267802826294,1.6855518499219018,47968000
1993-01-21,1.7045972347259521,1.7141201243054267,1.6522216326543686,1.6712674118133177,73363200
1993-01-22,1.7022157907485962,1.7188809843333295,1.6903123301441114,1.70935809960359,49088000
1993-01-25,1.6855521202087402,1.7188825374951757,1.6712680708226124,1.6998367508261505,49609600
1993-01-26,1.6760293245315552,1.7141209000890907,1.6665064306421715,1.685552218420939,42345600
1993-01-27,1.6426979303359985,1.6712665849398354,1.6284133124186972,1.6665048518904797,64192000
1993-01-28,1.6569830179214478,1.659363595340563,1.6141302994528397,1.6426989721756233,77030400
1993-01-29,1.6474593877792358,1.6760280476829221,1.6331753484428295,1.6665051610483599,39424000
1993-02-01,1.6665055751800537,1.6760284641810825,1.6284140191759382,1.6426986432929904,42854400
1993-02-02,1.6950750350952148,1.7045979285508062,1.6617451986162912,1.6641257766723665,70371200
1993-02-03,1.683171272277832,1.718882261863636,1.6760289581144334,1.7045976335368387,71728000
1993-02-04,1.618891954421997,1.6712681612101303,1.6093690605724558,1.6712681612101303,124214400
1993-02-05,1.6950750350952148,1.7045979285508062,1.5665162640603802,1.6141307313383357,177216000
1993-02-08,1.6331760883331299,1.6950745888846992,1.6188914612943757,1.6855516979359086,92665600
1993-02-09,1.597464919090271,1.661744570943683,1.5903226063885427,1.6522216810850692,64550400
1993-02-10,1.628414273262024,1.642698899607947,1.5998456018012868,1.6093684922881992,39193600
1993-02-11,1.623652696609497,1.647459626023256,1.6141298085978018,1.6426984726328873,31635200
1993-02-12,1.592702865600586,1.6236526873859964,1.5855611355556032,1.6236526873859964,34752000
1993-02-16,1.5260424613952637,1.5950838264828353,1.5189007322324524,1.5784186293078435,91180800
1993-02-17,1.5284243822097778,1.5474701652826026,1.4712870329913035,1.54270842889881,121913600
1993-02-18,1.5546115636825562,1.5760385009548663,1.504616539175928,1.5474698324895007,138553600
1993-02-19,1.5189008712768555,1.5617535751001101,1.514139136834863,1.5593729984945817,97094400
1993-02-22,1.4617642164230347,1.5427085080182683,1.4617642164230347,1.5189015685718594,76256000
1993-02-23,1.5141394138336182,1.5331851926239783,1.4617638127756494,1.4855707456480782,105974400
1993-02-24,1.597464919090271,1.5998454962471569,1.4998554433472446,1.5046165976610164,77548800
1993-02-25,1.6069884300231934,1.6188919016391872,1.5712774339439168,1.5712774339439168,60806400
1993-02-26,1.5879416465759277,1.6188908858506337,1.5807993355953245,1.604606845120358,29833600
1993-03-01,1.5522310733795166,1.5950843690883563,1.54746991898469,1.5950843690883563,26432000
1993-03-02,1.6117494106292725,1.6141305696781572,1.54747032216525,1.5569932146670937,38380800
1993-03-03,1.6141297817230225,1.6284138228872613,1.5903222714746938,1.6141297817230225,42352000
1993-03-04,1.5950837135314941,1.6141294857454174,1.5569921691036475,1.6141294857454174,56659200
1993-03-05,1.576038122177124,1.618890823960628,1.5712763879617857,1.5903221623613226,35724800
1993-03-08,1.592702865600586,1.6093680648341218,1.56175362504613,1.5736570896853894,48022400
1993-03-09,1.6046077013015747,1.6188917496534851,1.595084808656554,1.599845964363444,41312000
1993-03-10,1.618891954421997,1.6331765858119658,1.5903232728733736,1.6093690605724558,26592000
1993-03-11,1.6474593877792358,1.6712668949810778,1.6188907278755498,1.6236524618082675,57779200
1993-03-12,1.6950750350952148,1.6998367724386556,1.6236536247939268,1.6379376743616685,73580800
1993-03-15,1.6688860654830933,1.6998358890529546,1.6569826001575247,1.6998358890529546,35347200
1993-03-16,1.6712676286697388,1.6903134102999857,1.656983001831489,1.6807905194848622,36336000
1993-03-17,1.626034140586853,1.6665062909155566,1.6236535626219335,1.6522222418947714,39644800
1993-03-18,1.623652696609497,1.6522213606445824,1.6188909619881706,1.6331755846211922,34406400
1993-03-19,1.6046077013015747,1.633176379236636,1.599845964363444,1.633176379236636,45404800
1993-03-22,1.5879416465759277,1.599845110722979,1.5712764480314974,1.5855610699927034,34083200
1993-03-23,1.5831804275512695,1.6188914128483514,1.580799850193096,1.5903227408569098,34409600
1993-03-24,1.6426979303359985,1.6522208152039441,1.5807988880789692,1.585560621128325,50576000
1993-03-25,1.6641252040863037,1.680790407207309,1.6450794237283233,1.6474600009652984,43833600
1993-03-26,1.6498405933380127,1.6807904226269839,1.6379371258128441,1.6760286868782592,28380800
1993-03-29,1.6569830179214478,1.6855516906442314,1.652221863083218,1.652221863083218,48262400
1993-03-30,1.7331657409667969,1.7379274759256118,1.6617443664325657,1.685551297533643,140777600
1993-03-31,1.7617346048355103,1.795065009596579,1.7284047813055057,1.7379276710613734,179660800
1993-04-01,1.7712572813034058,1.8045876820509563,1.7617343926942477,1.7617343926942477,100412800
1993-04-02,1.709358811378479,1.752211519890742,1.709358811378479,1.7474503661587126,73251200
1993-04-05,1.7426890134811401,1.7569736402727785,1.6760287779927905,1.6903134047844288,61187200
1993-04-06,1.709358811378479,1.771257297280859,1.6998359226834208,1.7474503661587126,55699200
1993-04-07,1.7188817262649536,1.723642880069531,1.6998359485846273,1.7141199912293679,39417600
1993-04-08,1.6950750350952148,1.7188825593498378,1.6807909855274734,1.7141208220063973,40185600
1993-04-12,1.7165007591247559,1.7379276973225304,1.6855515122582898,1.6903132478237086,48976000
1993-04-13,1.692693829536438,1.7569734818402318,1.690313252362872,1.7188819221388836,53337600
1993-04-14,1.6950750350952148,1.7188825593498378,1.6712680920718823,1.695075035095215,38592000
1993-04-15,1.6593632698059082,1.711739450138062,1.6379369147750364,1.6760284709325954,109152000
1993-04-16,1.6569830179214478,1.671267644898407,1.6284143451986643,1.6617447539908123,49600000
1993-04-19,1.6569830179214478,1.6617447539908123,1.6188914542910697,1.656983017921448,45673600
1993-04-20,1.652221918106079,1.666505964327596,1.6188915082039503,1.652221918106079,46009600
1993-04-21,1.6165109872817993,1.6522219759321704,1.6046075181420671,1.6522219759321704,92528000
1993-04-22,1.5855618715286255,1.618891704235509,1.5784195569374273,1.609368811857653,79872000
1993-04-23,1.549850583076477,1.5855615679641792,1.5379471151909474,1.5807998320712997,89296000
1993-04-26,1.5308045148849487,1.571276646844402,1.5189010492317572,1.552230869306894,65376000
1993-04-27,1.5712770223617554,1.5760387584996352,1.5284243032765517,1.5331854581832887,58208000
1993-04-28,1.637937307357788,1.6379373073577879,1.5760388043813585,1.5807999594267024,55372800
1993-04-29,1.628414273262024,1.6331760091210346,1.5998456018012868,1.6331760091210346,49660800
1993-04-30,1.628414273262024,1.6522217900948595,1.6188913827751115,1.6188913827751115,46825600
1993-05-03,1.6403175592422485,1.6569827610548717,1.6188912033294725,1.6284140927608222,38096000
1993-05-04,1.6760293245315552,1.685552218420939,1.6474606428634038,1.652222380423754,49664000
1993-05-05,1.699836015701294,1.7141200589100285,1.6665056128291944,1.6760285020453614,51868800
1993-05-06,1.6617441177368164,1.7093585540440186,1.6522212304753758,1.695073932536402,47244800
1993-05-07,1.6569830179214478,1.671267644898407,1.6474601270138534,1.6617447539908123,31798400
1993-05-10,1.6974544525146484,1.7141196499749054,1.6760281021976853,1.6855509891419902,69091200
1993-05-11,1.6712676286697388,1.6903134102999857,1.6617447378546153,1.6807905194848622,38220800
1993-05-12,1.6426979303359985,1.6760277367584253,1.633175045468053,1.6665048518904797,48272000
1993-05-13,1.6331760883331299,1.6379372431919565,1.6093685703455851,1.6331760883331297,43708800
1993-05-14,1.628414273262024,1.6522217900948595,1.6141302281472099,1.6379371637489364,49116800
1993-05-17,1.6474593877792358,1.649839964130158,1.6236524618082675,1.6331753484428295,27763200
1993-05-18,1.6855521202087402,1.6903138574916379,1.6474605468706895,1.6522222841535872,84185600
1993-05-19,1.7617346048355103,1.771257494591378,1.7045972663003046,1.7284047813055057,181017600
1993-05-20,1.7926836013793945,1.8141105362670202,1.7522114708655183,1.7569732056953185,150256000
1993-05-21,1.7617346048355103,1.795065009596579,1.7522117150796428,1.7807803843472456,75500800
1993-05-24,1.754591703414917,1.7903026733235021,1.7522111270825764,1.7569728609781268,64252800
1993-05-25,1.737927794456482,1.752211839488937,1.7141202777609166,1.7474506848884872,36716800
1993-05-26,1.8141107559204102,1.81411075592041,1.7379276392671865,1.7426887934424862,87484800
1993-05-27,1.7926836013793945,1.818871689865837,1.7712572477227522,1.80934880143722,95052800
1993-05-28,1.7641149759292603,1.7855419113007303,1.747450356726112,1.7807801763634048,35136000
1993-06-01,1.833155632019043,1.8664854385200897,1.7664954377861828,1.7712565896160035,173088000
1993-06-02,1.8236336708068848,1.8569634941896294,1.8141107810930917,1.8236336708068848,70710400
1993-06-03,1.8022065162658691,1.8283946051367739,1.799825939431512,1.8236334514680594,23936000
1993-06-04,1.790303349494934,1.799826239651822,1.7807804593380463,1.7903033494949343,32652800
1993-06-07,1.7760194540023804,1.8236339087848685,1.7712577179085627,1.7950652359153756,52761600
1993-06-08,1.756973147392273,1.7760189236174957,1.728404483054439,1.771257188945708,48131200
1993-06-09,1.7331657409667969,1.77125729571332,1.728404587238981,1.766496141985504,62480000
1993-06-10,1.7355461120605469,1.7617341981516141,1.7045968728061565,1.7379272698731385,56544000
1993-06-11,1.7022157907485962,1.7617336750017778,1.6950734818936024,1.7474496385225473,67542400
1993-06-14,1.756973147392273,1.756973147392273,1.7188815949418277,1.7331656364952628,40489600
1993-06-15,1.7617346048355103,1.771257494591378,1.7426888253237751,1.771257494591378,42345600
1993-06-16,1.737927794456482,1.7760193561845024,1.6998362327284617,1.7664964657524973,66966400
1993-06-17,1.7307851314544678,1.7474503316494598,1.723642819766473,1.7426885967804673,28083200
1993-06-18,1.6665055751800537,1.7379275333032793,1.6569826861790249,1.7236429091862269,75910400
1993-06-21,1.6879314184188843,1.6998354619846574,1.6569821838557262,1.690312575870544,68102400
1993-06-22,1.6760293245315552,1.709359743760057,1.6617452743131378,1.699836849870673,41062400
1993-06-23,1.6879314184188843,1.6998354619846574,1.6712668036423173,1.676027956083953,33129600
1993-06-24,1.6855521202087402,1.7045979068777655,1.6617451774880998,1.6807909641571253,35782400
1993-06-25,1.6855521202087402,1.6998367508261505,1.6522222841535872,1.6855521202087402,45484800
1993-06-28,1.7188817262649536,1.7188817262649536,1.6855513247088783,1.690313059744464,52224000
1993-06-29,1.6950750350952148,1.747451239716611,1.685552141639624,1.7188825593498378,42361600
1993-06-30,1.6760293245315552,1.7188826376494408,1.6617452743131378,1.699836849870673,56422400
1993-07-01,1.6593632698059082,1.6855513599719851,1.6474598038144261,1.6807902060678004,57907200
1993-07-02,1.6617441177368164,1.6665052707520807,1.6474594962291995,1.6617441177368162,25404800
1993-07-06,1.637937307357788,1.6712677175998345,1.6236532609905965,1.6522219349561393,47721600
1993-07-07,1.5879416465759277,1.604606845120358,1.5474695197373944,1.5641341370508943,182569600
1993-07-08,1.6165109872817993,1.6284144564215315,1.5998457817474696,1.5998457817474696,70105600
1993-07-09,1.6117494106292725,1.6188917253134631,1.5903230478079315,1.6188917253134631,50000000
1993-07-12,1.5950837135314941,1.6141294857454174,1.5903219798625925,1.6141294857454174,26540800
1993-07-13,1.576038122177124,1.599845049561091,1.5712763879617857,1.599845049561091,36476800
1993-07-14,1.6046077013015747,1.6284146422985055,1.5712772864283826,1.580800179073403,43491200
1993-07-15,1.5903222560882568,1.6046068783452394,1.576038215062217,1.6046068783452394,34432000
1993-07-16,1.5450886487960815,1.5855613643800157,1.5379469177204212,1.5855613643800157,86217600
1993-07-19,1.499855399131775,1.5284240678654177,1.4855707741494268,1.5141394428830697,122435200
1993-07-20,1.5331847667694092,1.5331847667694092,1.4855703330188064,1.5093778405095482,74822400
1993-07-21,1.5046164989471436,1.5046164989471436,1.4617637880103678,1.495093609713301,178963200
1993-07-22,1.478428602218628,1.5569928846288699,1.4617639797962512,1.5379471036623462,147584000
1993-07-23,1.478428602218628,1.4903326512460369,1.4617639797962512,1.4665251344223278,92790400
1993-07-26,1.4903324842453003,1.5093782630776296,1.4808095948291355,1.4903324842453003,65801600
1993-07-27,1.4379559755325317,1.4998550333066727,1.4379559755325317,1.4950932990636256,112220800
1993-07-28,1.4903324842453003,1.5141394171701903,1.4236722583321473,1.4474791912570373,113459200
1993-07-29,1.5046164989471436,1.5379469018811092,1.4760478312456156,1.4855707204794582,96534400
1993-07-30,1.4093884229660034,1.414150160956573,1.3712968439669222,1.3903426334664628,287936000
1993-08-02,1.3855798244476318,1.4427171248118502,1.3760569410535954,1.4236713580237774,148208000
1993-08-03,1.390342116355896,1.395103852575431,1.3712963339400617,1.390342116355896,85136000
1993-08-04,1.390342116355896,1.404626743783348,1.3665351789516795,1.395103852575431,94416000
1993-08-05,1.4236726760864258,1.4284338315760725,1.3951039994549044,1.399865154944551,67910400
1993-08-06,1.3951036930084229,1.4450987208239456,1.3855808028897,1.4236723633645911,71760000
1993-08-09,1.390342116355896,1.40938789877173,1.3760580701595966,1.395103852575431,70876800
1993-08-10,1.3522499799728394,1.395103262911376,1.3403465163019321,1.3903415287044687,192028800
1993-08-11,1.3784384727478027,1.390341939939515,1.3546309571332988,1.3570121155565045,95974400
1993-08-12,1.4093884229660034,1.4189113177157737,1.376058581957492,1.3808197387166925,77366400
1993-08-13,1.4331955909729004,1.4427184833340785,1.3903422847319877,1.409388069454344,61900800
1993-08-16,1.4808095693588257,1.4903324586111941,1.4379562771076504,1.4427180123493515,78451200
1993-08-17,1.471286654472351,1.4950935865729693,1.4474791411407093,1.4855706974865173,54272000
1993-08-18,1.471286654472351,1.509378210818159,1.4570020302271613,1.4808095435588031,66012800
1993-08-19,1.4141490459442139,1.4831898331357016,1.4046261587029427,1.4712863693918405,114742400
1993-08-20,1.4522405862808228,1.4617634734655138,1.3951032631726772,1.399864416149569,73683200
1993-08-23,1.4665248394012451,1.4903323514355924,1.4379561736986235,1.4379561736986235,59472000
1993-08-24,1.445098638534546,1.4665249947738026,1.442718061448196,1.4570021051973492,39417600
1993-08-25,1.4141490459442139,1.4474788606732074,1.3879609607229906,1.4284330861906651,68800000
1993-08-26,1.373677372932434,1.4046272156793826,1.3617739002312566,1.399865477860103,136256000
1993-08-27,1.3689154386520386,1.3808189045907562,1.357011972713321,1.3760577507076763,67763200
1993-08-30,1.3831998109817505,1.3951038609867832,1.3665351871907858,1.3808192334732063,54012800
1993-08-31,1.430814504623413,1.4379568195648262,1.3998652481856255,1.4046269852236521,93020800
1993-09-01,1.4617642164230347,1.4712871084478387,1.4284338037206188,1.4331955403486223,86035200
1993-09-02,1.4593827724456787,1.4950937558713984,1.4498598822808928,1.471286821074978,55497600
1993-09-03,1.4427177906036377,1.4617635661810393,1.4331949028149369,1.4570018316712168,26800000
1993-09-07,1.4236726760864258,1.4522413527179474,1.4141497838759187,1.4427184605074401,38659200
1993-09-08,1.4189107418060303,1.4236724778638987,1.3951038052100861,1.409387850921426,54777600
1993-09-09,1.4522405862808228,1.4570017392577146,1.418910190518951,1.4284330777036418,29856000
1993-09-10,1.485571026802063,1.4903327630163636,1.452241198226567,1.4665252444071648,56540800
1993-09-13,1.4546211957931519,1.4950933219391895,1.4522406192506603,1.4950933219391895,33481600
1993-09-14,1.4331955909729004,1.4522413756952564,1.4141498062505444,1.4474796388990558,57756800
1993-09-15,1.4570016860961914,1.4617634201302494,1.4165295623456853,1.4427176464557894,60428800
1993-09-16,1.4474785327911377,1.4712860361169078,1.4427173808644511,1.4617631510327556,25641600
1993-09-17,1.4474785327911377,1.45700141787529,1.433194495780299,1.4379556477069855,25286400
1993-09-20,1.4403374195098877,1.4808101506430875,1.4284339485795403,1.4522414716714969,34691200
1993-09-21,1.4474785327911377,1.473666612080251,1.4236716106961467,1.4379556477069855,57846400
1993-09-22,1.471286654472351,1.4855706974865173,1.4331950981265429,1.4474791411407093,72051200
1993-09-23,1.499855399131775,1.5093782887096558,1.4617638408202511,1.471286730398132,72214400
1993-09-24,1.523661732673645,1.5379463520328729,1.4950930751860143,1.4950930751860143,91481600
1993-09-27,1.5665159225463867,1.5712770776205642,1.5474701397873496,1.556993031166868,73472000
1993-09-28,1.5998456478118896,1.604607383807845,1.5665158207647047,1.5665158207647047,84012800
1993-09-29,1.5807996988296509,1.5998454783336225,1.5379469855612464,1.5950843240731616,87529600
1993-09-30,1.5712770223617554,1.585561649544252,1.5665158674550186,1.5760387584996352,38400000
1993-10-01,1.5617543458938599,1.5855618673919996,1.5617543458938599,1.5712772382468712,46048000
1993-10-04,1.5736572742462158,1.5998453645087274,1.5712766972853573,1.5712766972853573,40505600
1993-10-05,1.5855618715286255,1.6141305486621933,1.5712772423462293,1.5760389791507694,86931200
1993-10-06,1.6165109872817993,1.6284144564215315,1.5807999986314283,1.5855617350260258,77321600
1993-10-07,1.6022264957427979,1.6331763318648156,1.5950847623896154,1.6188917026960037,41596800
1993-10-08,1.6093686819076538,1.614130418327703,1.5665159602830978,1.604607526718782,38086400
1993-10-11,1.5998456478118896,1.61413027456863,1.5665158207647047,1.6093685385726746,36457600
1993-10-12,1.6046077013015747,1.6236534865916157,1.5665161307214925,1.6046077013015745,79296000
1993-10-13,1.5855618715286255,1.6046076562843372,1.5474703020172016,1.5950847639064814,62409600
1993-10-14,1.5641348361968994,1.5998458258312882,1.561754258549591,1.5950846705366712,63257600
1993-10-15,1.5379470586776733,1.5807997739833635,1.5284241684729545,1.5665157292918306,126425600
1993-10-18,1.5807996988296509,1.5855614343211757,1.5379469855612464,1.5427081398217075,67750400
1993-10-19,1.5284243822097778,1.5998457781172846,1.514139754289573,1.561754211971635,91392000
1993-10-20,1.5427078008651733,1.5569924229701337,1.509377984671826,1.5331849132055118,81590400
1993-10-21,1.5141394138336182,1.5236623032287984,1.4855707456480782,1.4998553703563693,127142400
1993-10-22,1.5308045148849487,1.537946826769265,1.5093781604630032,1.5093781604630032,47625600
1993-10-25,1.5331847667694092,1.5474693875100303,1.5046161065190475,1.5331847667694092,48553600
1993-10-26,1.5141394138336182,1.5379469279370894,1.5093782597515493,1.5331851926239783,66944000
1993-10-27,1.5212814807891846,1.5331849453052457,1.5141391695871682,1.5141391695871682,45564800
1993-10-28,1.5046164989471436,1.5331851666486715,1.4998553449457384,1.5189011234134238,56009600
1993-10-29,1.5260424613952637,1.5284236190137503,1.5093778454511544,1.514138998226362,39843200
1993-11-01,1.540327548980713,1.552231015756974,1.518901192537231,1.5284240822044517,30163200
1993-11-02,1.5284243822097778,1.5522313204352225,1.514139754289573,1.5474701652826026,42422400
1993-11-03,1.4950939416885376,1.533185507081876,1.4808098952816162,1.5236626157335413,56796800
1993-11-04,1.4570016860961914,1.5046161202823414,1.4570016860961914,1.4998549674791695,63177600
1993-11-05,1.499855399131775,1.5046165533051887,1.447479215837903,1.4522409512423702,56432000
1993-11-08,1.4950939416885376,1.5141397243852068,1.4808098952816162,1.504616833036872,28819200
1993-11-09,1.4903324842453003,1.523662306586355,1.485570748921696,1.5046165277540255,36320000
1993-11-10,1.549850583076477,1.5546117377382438,1.5046167076341286,1.5236624887434214,57177600
1993-11-11,1.5546115636825562,1.5712767655951148,1.542708097129749,1.5474698324895007,31158400
1993-11-12,1.5593727827072144,1.5712762453185807,1.5569922064311121,1.5569922064311121,34339200
1993-11-15,1.5331847667694092,1.5617534270197708,1.5331847667694092,1.5617534270197708,29244800
1993-11-16,1.5665159225463867,1.5760388139259052,1.53318551210249,1.5427084034820087,47664000
1993-11-17,1.5379470586776733,1.5807997739833635,1.5379470586776736,1.5760386194965497,72217600
1993-11-18,1.5284243822097778,1.5522313204352225,1.5236626458259852,1.5379472737461903,48438400
1993-11-19,1.5260424613952637,1.5284236190137503,1.514138998226362,1.5189007322324524,38403200
1993-11-22,1.4665248394012451,1.518901017138214,1.4570019508337047,1.518901017138214,80355200
1993-11-23,1.4736676216125488,1.495093982422271,1.4712870440183967,1.480809935626182,98256000
1993-11-24,1.499855399131775,1.5189011782875368,1.476047884571546,1.476047884571546,32467200
1993-11-26,1.5046164989471436,1.5093782341795812,1.4998553449457384,1.5046164989471436,6403200
1993-11-29,1.5141394138336182,1.5236623032287984,1.5046165244384382,1.5046165244384382,32105600
1993-11-30,1.523661732673645,1.5331846185028555,1.4903319228868215,1.4950930751860143,44153600
1993-12-01,1.5522310733795166,1.5665156990261566,1.53318529333805,1.53318529333805,58886400
1993-12-02,1.5784190893173218,1.5807996663987134,1.5569927331226927,1.561753887285476,51936000
1993-12-03,1.6331760883331299,1.6474601341407469,1.5903227884480042,1.595084524537968,114502400
1993-12-06,1.6165109872817993,1.6284144564215315,1.5998457817474696,1.618891564863511,59337600
1993-12-07,1.628414273262024,1.6379371637489364,1.6188913827751115,1.6188913827751115,32780800
1993-12-08,1.5903222560882568,1.595083990584232,1.5665153273012093,1.5807993683272494,105900800
1993-12-09,1.5450886487960815,1.590322518430456,1.5331851824389426,1.590322518430456,61465600
1993-12-10,1.5593727827072144,1.5665150927663762,1.537946433760584,1.547469320095848,19916800
1993-12-13,1.549850583076477,1.561754050962007,1.5379471151909474,1.5522311604073604,20112000
1993-12-14,1.523661732673645,1.552230390161276,1.509377694545242,1.5427075043320657,47414400
1993-12-15,1.5189008712768555,1.5427077997940113,1.5189008712768555,1.5236620244879124,35219200
1993-12-16,1.523661732673645,1.5427075043320657,1.5189005803744522,1.523661732673645,29113600
1993-12-17,1.5331847667694092,1.5331847667694092,1.5189007272596686,1.5331847667694092,26112000
1993-12-20,1.5617543458938599,1.5617543458938599,1.5331856688348258,1.542708561187837,35462400
1993-12-21,1.5712770223617554,1.5712770223617554,1.552231240272522,1.5617541313171388,31008000
1993-12-22,1.5450886487960815,1.5712767397666183,1.5427080717708614,1.5665155857161779,24169600
1993-12-23,1.540327548980713,1.5665156408733345,1.5379469718716725,1.5427081260897535,31820800
1993-12-27,1.5331847667694092,1.5474693875100303,1.5189007272596686,1.5379465007599098,24537600
1993-12-28,1.576038122177124,1.5807992751615543,1.533184839162712,1.533184839162712,27776000
1993-12-29,1.5522310733795166,1.5903226334624494,1.53318529333805,1.5760385890468898,48988800
1993-12-30,1.547470211982727,1.5665159956303227,1.5379473201589295,1.556993103806525,25328000
1993-12-31,1.5355653762817383,1.5522305737617503,1.528423646988213,1.5427076868061569,22995200
1994-01-03,1.5260424613952637,1.537946505795048,1.5093778454511544,1.533184771788958,36646400
1994-01-04,1.5331847667694092,1.5379465007599098,1.5093778405095482,1.5284236140097893,45302400
1994-01-05,1.5665159225463867,1.5712770776205642,1.5236626207229715,1.5284243570283125,53974400
1994-01-06,1.6117494106292725,1.6141305696781572,1.5712772628042437,1.5736578406218968,82006400
1994-01-07,1.623652696609497,1.6331755846211922,1.5855611445627165,1.6046069205861067,70832000
1994-01-10,1.6331760883331299,1.6474601341407469,1.6188914612943757,1.6188914612943757,74185600
1994-01-11,1.623652696609497,1.6379367380115608,1.606987497281291,1.6188909619881706,35360000
1994-01-12,1.628414273262024,1.6331760091210346,1.595084447173385,1.6188913827751115,39488000
1994-01-13,1.626034140586853,1.6284147185517726,1.5998460392789344,1.6141306695309874,40755200
1994-01-14,1.6307944059371948,1.6379367171627934,1.6141297880520653,1.6284138292723123,45216000
1994-01-17,1.6141297817230225,1.6379367107404033,1.6093680471809775,1.6236526695761644,30755200
1994-01-18,1.6117494106292725,1.6284146178153072,1.5998459403097753,1.6236534621800012,43686400
1994-01-19,1.5855618715286255,1.6046076562843372,1.5712772423462293,1.5950847639064814,76563200
1994-01-20,1.6426979303359985,1.6450785062452935,1.585560621128325,1.585560621128325,145004800
1994-01-21,1.6426979303359985,1.656981967022534,1.6188904275507516,1.6426979303359985,99078400
1994-01-24,1.623652696609497,1.656982514034951,1.6188909619881706,1.6379367380115608,38374400
1994-01-25,1.6212718486785889,1.6260335842103828,1.5998454918631884,1.6236530070600204,70361600
1994-01-26,1.6046077013015747,1.6188917496534851,1.599845964363444,1.6188917496534851,50489600
1994-01-27,1.6046077013015747,1.614130593946595,1.5855619160115335,1.599845964363444,51129600
1994-01-28,1.6165109872817993,1.6284144564215315,1.6046075181420671,1.6093686733054904,41875200
1994-01-31,1.6212718486785889,1.6355564740429018,1.6141301172275013,1.6236530070600204,62566400
1994-02-01,1.6212718486785889,1.6331758968925394,1.6093683816957074,1.6188912715282264,44003200
1994-02-02,1.5998456478118896,1.628414320094245,1.5998456478118896,1.61413027456863,40924800
1994-02-03,1.6093686819076538,1.6093686819076538,1.5903228986898117,1.604607526718782,31792000
1994-02-04,1.547470211982727,1.6093687182218173,1.5474702119827273,1.5998458263980195,78217600
1994-02-07,1.5379470586776733,1.5474699488823924,1.5141395425503301,1.5189012782682354,118851200
1994-02-08,1.499855399131775,1.5331852220388313,1.4855707741494268,1.5331852220388313,149875200
1994-02-09,1.516519546508789,1.5284235906879593,1.485570310350864,1.495093196955677,98585600
1994-02-10,1.5117589235305786,1.5379470161776403,1.504616610766639,1.5189012362945182,66620800
1994-02-11,1.499855399131775,1.5141394428830697,1.4855707741494268,1.5093782887096558,53747200
1994-02-14,1.5069971084594727,1.5141394208466996,1.4998553773032908,1.5046165314074122,55270400
1994-02-15,1.5189008712768555,1.528423758929905,1.5093779836238062,1.5189008712768555,28876800
1994-02-16,1.499855399131775,1.5284240678654177,1.499855399131775,1.5284240678654177,43731200
1994-02-17,1.4974743127822876,1.5141395156522683,1.4855708455456218,1.5046166256167195,85017600
1994-02-18,1.523661732673645,1.5379463520328729,1.4950930751860143,1.4950930751860143,79465600
1994-02-22,1.5141394138336182,1.5284240385419094,1.4950936350432582,1.5236623032287984,63235200
1994-02-23,1.5427078008651733,1.5617535761844965,1.4903322093525029,1.5189008723314876,139462400
1994-02-24,1.5212814807891846,1.5379466798502395,1.509378016273123,1.523662057446207,82553600
1994-02-25,1.5427078008651733,1.5474695353104724,1.5189008723314876,1.5284237599911492,52995200
1994-02-28,1.5712770223617554,1.5807999134063722,1.5427083492279052,1.547470085365785,55494400
1994-03-01,1.5855618715286255,1.5855618715286255,1.5665160867729135,1.5808001347240852,48070400
1994-03-02,1.576038122177124,1.5807992751615543,1.5427077263624807,1.5569923477775873,68499200
1994-03-03,1.5427078008651733,1.5855610859491185,1.5331849132055118,1.5807993515038197,31564800
1994-03-04,1.5427078008651733,1.552230688524835,1.5331849132055118,1.5427078008651733,25705600
1994-03-07,1.547470211982727,1.5665159956303227,1.5379473201589295,1.5474702119827273,30540800
1994-03-08,1.5427078008651733,1.5474695353104724,1.5189008723314876,1.5474695353104724,24723200
1994-03-09,1.540327548980713,1.556992751206114,1.523662346755312,1.547469861538893,37024000
1994-03-10,1.540327548980713,1.5665156408733345,1.5331852364225327,1.552231015756974,46588800
1994-03-11,1.556992530822754,1.5665154191420645,1.537946754184133,1.5427079077283,34857600
1994-03-14,1.597464919090271,1.604607231791999,1.5665156723575429,1.5712768266713146,69203200
1994-03-15,1.6165109872817993,1.6236533012581085,1.590322890189449,1.5998457817474696,62934400
1994-03-16,1.6141297817230225,1.6236526695761644,1.6093680471809775,1.6188909350341194,41286400
1994-03-17,1.6093686819076538,1.623653309936624,1.6093686819076538,1.614130418327703,30992000
1994-03-18,1.6141297817230225,1.6188909350341194,1.5903222714746938,1.6093680471809775,36857600
1994-03-21,1.5855618715286255,1.626034018826707,1.5808001347240852,1.618891704235509,65078400
1994-03-22,1.6141297817230225,1.6331755574293063,1.566515342457313,1.566515342457313,89024000
1994-03-23,1.6426979303359985,1.6665048518904797,1.6188904275507516,1.6236521606001073,116441600
1994-03-24,1.6617441177368164,1.6617441177368162,1.6188908344448782,1.633175455952495,60166400
1994-03-25,1.6665055751800537,1.6998359772991638,1.6569826861790249,1.6569826861790249,102051200
1994-03-28,1.6450788974761963,1.6760281353496427,1.595083885337413,1.6665052482169742,118403200
1994-03-29,1.5712770223617554,1.647460150718689,1.5712770223617554,1.647460150718689,78339200
1994-03-30,1.592702865600586,1.6188909527917201,1.5712765130037283,1.5760382475980048,86860800
1994-03-31,1.6141297817230225,1.6331755574293063,1.57127649576841,1.5903222714746938,72297600
1994-04-04,1.6093686819076538,1.633176201545545,1.5617542238630486,1.5712771154719698,73996800
1994-04-05,1.6712676286697388,1.6712676286697388,1.6188914385709952,1.6236531745941214,101878400
1994-04-06,1.6950750350952148,1.6998367724386556,1.6617451986162912,1.6665063547284418,80780800
1994-04-07,1.709358811378479,1.7165005419765234,1.6903130339883623,1.6998359226834208,76630400
1994-04-08,1.6569830179214478,1.714120363367015,1.652221863083218,1.709359208528785,118710400
1994-04-11,1.6569830179214478,1.6617447539908123,1.6379372361062587,1.656983017921448,40400000
1994-04-12,1.6141297817230225,1.65222133313559,1.5998451593278358,1.65222133313559,84969600
1994-04-13,1.6165109872817993,1.6284144564215315,1.5807999986314283,1.6141304097000877,69644800
1994-04-14,1.6022264957427979,1.6236534394960156,1.5950847623896154,1.6093688103272037,53088000
1994-04-15,1.6165109872817993,1.6236533012581085,1.590322890189449,1.590322890189449,35241600
1994-04-18,1.5807996988296509,1.633175883081105,1.5665156548172041,1.6141301035771332,78006400
1994-04-19,1.6784090995788574,1.7045971905515147,1.6331758111718586,1.6569827438880647,291273600
1994-04-20,1.7045972347259521,1.7069778118130574,1.6569827868285791,1.685551455567003,104732800
1994-04-21,1.7426890134811401,1.7474507494887286,1.6998362955684787,1.7045974503449404,141980800
1994-04-22,1.7474509477615356,1.7664967314906466,1.7284051640324245,1.752212103078217,66060800
1994-04-25,1.7855422496795654,1.7950651401279067,1.742688952046476,1.7522118424948172,142745600
1994-04-26,1.808159589767456,1.8141115436482242,1.7903040187408052,1.7998269124575117,113193600
1994-04-28,1.754591703414917,1.814110180339515,1.7474499744178953,1.814110180339515,141382400
1994-04-29,1.7617346048355103,1.7807803843472456,1.7379276710613734,1.7522117150796428,56803200
1994-05-02,1.818871259689331,1.8200614751536677,1.7522110564546436,1.7664956763346424,79260800
1994-05-03,1.7807807922363281,1.8188723599846988,1.7760196368833805,1.8141112046317511,41929600
1994-05-04,1.8117293119430542,1.814110469886316,1.7664960294855065,1.7855418056458303,68889600
1994-05-05,1.7974450588226318,1.8331560302266778,1.790302748295644,1.814110256308639,56374400
1994-05-06,1.7617346048355103,1.795065009596579,1.7307853584367066,1.7760192300848439,96403200
1994-05-09,1.756973147392273,1.7831606537787312,1.745069101328286,1.7474502592796617,47600000
1994-05-10,1.790303349494934,1.799826239651822,1.7664964147182587,1.7712575691811583,65305600
1994-05-11,1.7807807922363281,1.7950654207575658,1.7664967449462878,1.7903036841734208,57433600
1994-05-12,1.7998263835906982,1.815003345684225,1.7760194469100927,1.7807806017537597,58998400
1994-05-13,1.8379186391830444,1.8569644281901228,1.7998270611688882,1.8569644281901228,179920000
1994-05-16,1.809348464012146,1.8426788579120175,1.8045873113012356,1.8331559712593222,56633600
1994-05-17,1.8022065162658691,1.8141105628996388,1.7807801622946704,1.8093488279999326,122464000
1994-05-18,1.8486305475234985,1.8569632201009263,1.8045876250212598,1.8141105133294697,96953600
1994-05-19,1.8736287355422974,1.8855322026248373,1.8474406429758508,1.8522023785475108,89651200
1994-05-20,1.861724853515625,1.8902935168849369,1.8522019657258546,1.8664860067950384,78140800
1994-05-23,1.9260038137435913,1.9426690118490446,1.8474401387191897,1.8664859133451606,74947200
1994-05-24,1.94743013381958,1.975998786776121,1.9140997480882493,1.9521912853636374,85144000
1994-05-25,1.9998070001602173,2.0093298906371704,1.9141009858676366,1.9426696572984967,86003200
1994-05-26,1.980762243270874,2.009330929471896,1.9521935570698516,2.009330929471896,64296000
1994-05-27,1.995045781135559,2.0093298257743344,1.9521924847570546,1.971238265096148,47544000
1994-05-31,2.0474209785461426,2.0480164496786486,1.9759996071193222,1.9902836489122968,76000000
1994-06-01,2.018852949142456,2.037898731681536,1.9950460115841846,2.037898731681536,100764800
1994-06-02,1.9902838468551636,2.0331371389579918,1.980760957635761,2.0283754037327744,60291200
1994-06-03,2.014091730117798,2.0378986669195127,1.9902842120849447,1.9998071030518583,86841600
1994-06-06,2.0759902000427246,2.0807519360712314,1.971238400958,2.004568809464159,764504000
1994-06-07,2.0426602363586426,2.0664671712179583,2.037898500648125,2.056944281028014,166171200
1994-06-08,1.980762243270874,2.0426613539887932,1.9664781907860671,2.0426613539887932,203835200
1994-06-09,1.9902838468551636,2.002187313071659,1.9712380684163584,1.9759998036415753,79356800
1994-06-10,2.0021884441375732,2.0188536549937104,1.9760009199137691,1.9902849711966297,53726400
1994-06-13,2.014091730117798,2.033137512051625,1.9760001662501434,2.0045688391508842,56628800
1994-06-14,2.040278911590576,2.0617058486948214,2.0188525557173747,2.0236142910397765,59249600
1994-06-15,2.0664680004119873,2.080752632044322,2.0283764243675266,2.0426610559998615,58860800
1994-06-16,2.040278911590576,2.0664670027861805,2.037898334544897,2.0664670027861805,48478400
1994-06-17,2.018852949142456,2.042660467931884,2.0140917941232646,2.037898731681536,47622400
1994-06-20,2.037897825241089,2.037897825241089,1.9950451242042722,1.9998062771057417,45668800
1994-06-21,2.0045688152313232,2.033137487791168,1.980761297482554,1.9855230335247602,86995200
1994-06-22,1.9617146253585815,2.018851944543783,1.9521917388277146,2.009329058012916,82924800
1994-06-23,1.9093393087387085,1.9902835650262138,1.9045775741877644,1.9617149014133972,85979200
1994-06-24,1.8855317831039429,1.9188621809965047,1.8760088953104885,1.9045775586908513,81454400
1994-06-27,1.976000189781189,1.9855230808615054,1.8807712789780269,1.8950553249829287,76161600
1994-06-28,1.9545729160308838,2.0093296757245023,1.911720204083562,1.9807610073492725,99417600
1994-06-29,1.956953763961792,1.9759995398581065,1.9379079880654775,1.956953763961792,53435200
1994-06-30,1.9664770364761353,1.9855228160970613,1.9426695213344443,1.9712381907658332,40827200
1994-07-01,1.9141005277633667,1.971237856950333,1.899221014954261,1.9664767034669037,66622400
1994-07-05,1.8712482452392578,1.9426696322811008,1.866486509446548,1.9188626970108533,40430400
1994-07-06,1.8402979373931885,1.8664860243693737,1.818871584972196,1.849820825272624,89254400
1994-07-07,1.918862223625183,1.9236233770122098,1.826013920268587,1.8474402729721222,89667200
1994-07-08,1.8855317831039429,1.9379079565834134,1.8712477420292335,1.8998164054095963,48945600
1994-07-11,1.8426796197891235,1.8902940727393447,1.8188721026984551,1.8902940727393447,85406400
1994-07-12,1.828394889831543,1.837917779882749,1.7855421752166574,1.837917779882749,83752000
1994-07-13,1.8855317831039429,1.8855317831039426,1.8236333030619623,1.8379173441366714,82956800
1994-07-14,1.8569635152816772,1.890293920274062,1.8426794711642756,1.8807710304521048,81446400
1994-07-15,1.8522017002105713,1.8807703594845322,1.8283941935335064,1.8569628528074675,45520000
1994-07-18,1.92362380027771,1.9712382507796335,1.8855322398761711,1.9617153606792488,150499200
1994-07-19,1.9093393087387085,1.9283850844805859,1.8902935329968307,1.9283850844805859,70126400
1994-07-20,1.8426796197891235,1.9045781180088535,1.823633838609035,1.9045781180088535,112604800
1994-07-21,1.818871259689331,1.8617245380984817,1.8093483735129472,1.8522016519220978,85740800
1994-07-22,1.9260038137435913,1.9331461245360593,1.799825702154262,1.8474401387191897,152916800
1994-07-25,1.9498112201690674,1.9664764173986802,1.914100249314435,1.9283848701486417,51513600
1994-07-26,1.918862223625183,1.9521920410272426,1.895054712997177,1.9474308876402158,54308800
1994-07-27,1.8855317831039429,1.9188621809965047,1.8855317831039426,1.9188621809965047,29291200
1994-07-28,1.8855317831039429,1.9141004464843054,1.8760088953104885,1.8855317831039426,39899200
1994-07-29,1.9617146253585815,1.9664763592394485,1.8902932669925134,1.8998161535233802,67064000
1994-08-01,2.033137798309326,2.042660690617025,1.9617158153859744,1.9664775521554336,83934400
1994-08-02,2.0117101669311523,2.0807515484815524,2.0045684360654046,2.0474211461839773,95249600
1994-08-03,2.033137798309326,2.0569447384629633,2.0236149060016273,2.0474218461552645,58771200
1994-08-04,2.0093295574188232,2.0426599591763477,2.0093295574188232,2.0378982241119816,40192000
1994-08-05,1.9998070001602173,2.014091626491201,1.9902841096832637,2.004568736014248,31204800
1994-08-08,2.018852949142456,2.018852949142456,1.9807613840642966,1.9950460115841846,34537600
1994-08-09,2.037897825241089,2.0521824464072935,2.0093291641395785,2.018852051173415,40198400
1994-08-10,2.0617048740386963,2.0712277589505823,2.0283744862317112,2.0378973711435973,48646400
1994-08-11,2.1045589447021484,2.133127618159644,2.052183333978982,2.052183333978982,81428800
1994-08-12,2.1045589447021484,2.118843572046471,2.0902748985889756,2.1093206808939726,38088000
1994-08-15,2.0736083984375,2.1140805152459996,2.071227822444244,2.1140805152459996,36113600
1994-08-16,2.0902745723724365,2.0997974620387554,2.056944167924793,2.0902745723724365,56779200
1994-08-17,2.1283652782440186,2.1426493164046367,2.099796620691957,2.109319506542644,79790400
1994-08-18,2.1140806674957275,2.147411058724813,2.1093195151663315,2.1283652869455723,61276800
1994-08-19,2.0902745723724365,2.1331272852553407,2.085512836923748,2.1283661310377107,74761600
1994-08-22,2.0807509422302246,2.0950349810309183,2.075989208476092,2.0950349810309183,62835200
1994-08-23,2.1140806674957275,2.147411058724813,2.075989123937246,2.0807508574974705,58363200
1994-08-24,2.1236047744750977,2.133127665840457,2.1140818831097383,2.1140818831097383,35246400
1994-08-25,2.1402695178985596,2.161695873539985,2.1236043162969898,2.1283660515678826,55174400
1994-08-26,2.1664576530456543,2.199787475698286,2.1426501386671615,2.1474118740352797,60961600
1994-08-29,2.173600196838379,2.214072928289195,2.17121961887988,2.185504249093407,56625600
1994-08-30,2.223594903945923,2.2283560578985693,2.1569346799916924,2.171218723080657,39851200
1994-08-31,2.21407151222229,2.256924212992782,2.1997868911448633,2.223594399196943,60968000
1994-09-01,2.1378891468048096,2.171218971987314,2.123604520847241,2.171218971987314,115568000
1994-09-02,2.1331264972686768,2.152172269565719,2.123603611120156,2.152172269565719,46964800
1994-09-06,2.1331264972686768,2.142649383417198,2.121223034890737,2.1283653448098385,28804800
1994-09-07,2.1664576530456543,2.2021680527668206,2.1378889845300924,2.1426501386671615,43588800
1994-09-08,2.206930637359619,2.2093112153441976,2.1712196426658497,2.1712196426658497,28377600
1994-09-09,2.1664576530456543,2.204549211066404,2.128366095024905,2.1378889845300924,60800000
1994-09-12,2.1378891468048096,2.175980707716868,2.128366256576795,2.175980707716868,36238400
1994-09-13,2.1926445960998535,2.2045486408254575,2.147411318573794,2.147411318573794,41134400
1994-09-14,2.1950252056121826,2.214070974939704,2.1902634726649257,2.199786357328686,29968000
1994-09-15,2.218832492828369,2.218832492828369,2.1855026816201915,2.1950255678555064,40640000
1994-09-16,2.1664576530456543,2.2140721005715913,2.161695917677536,2.209310365203473,52921600
1994-09-19,2.1664576530456543,2.180741696687911,2.156934763540467,2.175980542550842,48350400
1994-09-20,2.1331264972686768,2.175979775552443,2.130745921039258,2.1664568894039222,40276800
1994-09-21,2.180742025375366,2.1855037614611867,2.0950360069108322,2.1450310390406933,82948800
1994-09-22,2.1712183952331543,2.1902641706299364,2.156934354301037,2.1807412829315456,44320000
1994-09-23,2.1331264972686768,2.190263814159802,2.1331264972686768,2.1664568894039222,48371200
1994-09-26,2.1164631843566895,2.13312839525244,2.1045597113874517,2.13312839525244,29921600
1994-09-27,2.1521732807159424,2.1521732807159424,2.0902747822843613,2.114081718225395,50585600
1994-09-28,2.1712183952331543,2.1902641706299364,2.152172619836372,2.156934354301037,33355200
1994-09-29,2.1521732807159424,2.180741952583853,2.1474121260201824,2.1664579072654564,27105600
1994-09-30,2.1378891468048096,2.190264752443343,2.1378891468048096,2.152173191531285,34608000
1994-10-03,2.1283652782440186,2.147411049945393,2.1140806588525747,2.137888164094706,28833600
1994-10-04,2.0950348377227783,2.1378881136552415,2.0902736855251782,2.133126380226829,42622400
1994-10-05,2.1140806674957275,2.1283652869455723,2.0617050857182297,2.090273743387091,50985600
1994-10-06,2.0759902000427246,2.1283663902006515,2.0664673092168404,2.114081763346261,40790400
1994-10-07,2.071228504180908,2.0902742808573715,2.0521827275044444,2.08075139251914,51518400
1994-10-10,2.085512399673462,2.109319909463285,2.071228358784318,2.071228358784318,39480000
1994-10-11,2.1259849071502686,2.156934733534864,2.09979739729859,2.09979739729859,55692800
1994-10-12,2.142650604248047,2.1521734958224825,2.123604821099175,2.128366557501981,27912000
1994-10-13,2.180742025375366,2.199787807256374,2.156935088639675,2.156935088639675,63033600
1994-10-14,2.130746841430664,2.1855036057449477,2.1021781706446587,2.1807418699983994,99878400
1994-10-17,2.099796772003174,2.1426494708038164,2.095035038119287,2.1331265842669107,31160000
1994-10-18,2.1569347381591797,2.161695892240223,2.0974162435288437,2.1045585558814506,52686400
1994-10-19,2.1950252056121826,2.2093092419924467,2.142649049346123,2.1569336669571406,59488000
1994-10-20,2.271209478378296,2.28073236805445,2.204549250645217,2.2188332945439186,136558400
1994-10-21,2.2616870403289795,2.27120993190672,2.2235954740180173,2.2569253039245214,67099200
1994-10-24,2.242640733718872,2.266447666490861,2.2235949550088647,2.266447666490861,57145600
1994-10-25,2.273590087890625,2.2759706650358247,2.223595061686099,2.237879105788363,44780800
1994-10-26,2.32358455657959,2.3283462909585366,2.2759701189447625,2.2807318533237093,97904000
1994-10-27,2.3473920822143555,2.3473920822143555,2.314061685024463,2.328346307028969,41238400
1994-10-28,2.3664376735687256,2.3759605604216567,2.3378690130099335,2.3473918998628642,58414400
1994-10-31,2.3997690677642822,2.4283377471424283,2.361677495260087,2.3712003883861357,59932800
1994-11-01,2.3902461528778076,2.3950078900131166,2.3664392108950554,2.3902461528778076,39624000
1994-11-02,2.3997690677642822,2.4426223774471363,2.380723281512185,2.3902461746382335,61408000
1994-11-03,2.3854851722717285,2.40929211600394,2.3759622785325827,2.3997692222647937,63441600
1994-11-04,2.34263014793396,2.404529202620827,2.335487837541075,2.3854834290603883,46947200
1994-11-07,2.3569157123565674,2.361676867037456,2.3188241499849953,2.34263108585167,47094400
1994-11-08,2.423574686050415,2.4330975716906313,2.3497721770310367,2.3569144865689022,43328000
1994-11-09,2.428337574005127,2.4616679881855172,2.404530633503044,2.447383358899285,60206400
1994-11-10,2.425956964492798,2.452145063687782,2.418814649943035,2.418814649943035,24689600
1994-11-11,2.371198892593384,2.3878640903590953,2.31406156988029,2.371198892593384,132899200
1994-11-14,2.4569053649902344,2.4569053649902344,2.3902451419091038,2.3902451419091038,48934400
1994-11-15,2.459287166595459,2.4807142600387087,2.447383839315626,2.4569067336320294,52544000
1994-11-16,2.461668014526367,2.471190907075345,2.4569062776362607,2.4664291701852386,30196800
1994-11-17,2.4473817348480225,2.466427507103649,2.433097696271724,2.4616663546551636,33232000
1994-11-18,2.442622184753418,2.4664291250748214,2.4378604479504027,2.442622184753418,25694400
1994-11-21,2.4188144207000732,2.4664288778004684,2.4140532656056166,2.4569059863803897,35560000
1994-11-22,2.3616764545440674,2.433098412131673,2.3569153006947676,2.409290899192133,56358400
1994-11-23,2.34263014793396,2.364056497881733,2.3259649507608553,2.3473918819395108,87507200
1994-11-25,2.371198892593384,2.37596062676826,2.3473919654117132,2.352153118355686,12563200
1994-11-28,2.414052963256836,2.4188141177549802,2.3711996666180712,2.380722556845453,43449600
1994-11-29,2.442622184753418,2.452145077128224,2.41881466320079,2.4235764000038054,37673600
1994-11-30,2.3950068950653076,2.4473824944079428,2.3902451599081465,2.4473824944079428,40934400
1994-12-01,2.3831028938293457,2.415243081029695,2.3807223168202842,2.3854840520694416,43096000
1994-12-02,2.4092915058135986,2.4092915058135986,2.3616770491769663,2.390245723158946,37715200
1994-12-05,2.4116716384887695,2.4473826196869055,2.4045299072339845,2.4140527968047505,38166400
1994-12-06,2.414052963256836,2.4426216339389812,2.3997683373002165,2.4092912275275986,38830400
1994-12-07,2.3997690677642822,2.4330994843210876,2.3997690677642822,2.4188148540163796,36744000
1994-12-08,2.3807218074798584,2.4283362436294555,2.371198920249939,2.404529316170112,41934400
1994-12-09,2.4045307636260986,2.4092919194916775,2.3712003476420067,2.3807232406044245,79956800
1994-12-12,2.4045307636260986,2.4188148124540954,2.347393405851592,2.4045307636260986,65313600
1994-12-13,2.3902461528778076,2.418814831995869,2.3712003667991,2.4140536760918243,30219200
1994-12-14,2.4092915058135986,2.4235761334201684,2.380722831831619,2.380722831831619,33641600
1994-12-15,2.4188144207000732,2.442621939865854,2.3997686378599155,2.4140532656056166,28854400
1994-12-16,2.414052963256836,2.4473827884371255,2.407505540302191,2.4235758534842176,54020800
1994-12-19,2.3854851722717285,2.4235767472283127,2.380723434786502,2.4140538534891665,31507200
1994-12-20,2.2807321548461914,2.3902450852689054,2.2378788646939953,2.385483931491442,253456000
1994-12-21,2.34263014793396,2.3473918819395108,2.2902545612581946,2.295015714032863,69395200
1994-12-22,2.3093011379241943,2.3616767428146215,2.29501651217066,2.3426309626306323,57355200
1994-12-23,2.318824529647827,2.3378703139519934,2.2997787453436613,2.3093016374957442,19486400
1994-12-27,2.3140621185302734,2.347392521964131,2.30930096445746,2.3235850079069413,20566400
1994-12-28,2.32358455657959,2.32358455657959,2.285493006471728,2.3140616690526246,34961600
1994-12-29,2.3545334339141846,2.3569145913532106,2.3093001610352752,2.3188230470988622,23446400
1994-12-30,2.3283467292785645,2.3569153972376204,2.3283467292785645,2.3569153972376204,20686400
1995-01-03,2.292635917663574,2.3426309449616936,2.2902553404663015,2.3426309449616936,39545600
1995-01-04,2.3093011379241943,2.314062292354649,2.266447841894677,2.29501651217066,51611200
1995-01-05,2.271209478378296,2.3235850809816143,2.261686588702142,2.318823926759067,39824000
1995-01-06,2.3093011379241943,2.333108072538638,2.2759707319866713,2.280732467648211,46681600
1995-01-09,2.295016288757324,2.3235849562522284,2.275970510427388,2.3188238022852588,46000000
1995-01-10,2.32358455657959,2.342630331633521,2.304538781525659,2.3093005159046056,42184000
1995-01-11,2.3378703594207764,2.352154407311103,2.3140628379619357,2.3283474670834843,31512000
1995-01-12,2.3331072330474854,2.3664376269921727,2.323584346381985,2.3331072330474854,26996800
1995-01-13,2.3902461528778076,2.3997690459171612,2.3569163178557013,2.361677473759746,41307200
1995-01-16,2.442622184753418,2.4569062327000153,2.3997688784511775,2.409291770825984,74648000
1995-01-17,2.461668014526367,2.4807137996243225,2.4521451219773893,2.4664291701852386,73932800
1995-01-18,2.4783308506011963,2.4854733058887146,2.44738176097088,2.4711892671599514,50504000
1995-01-19,2.4188144207000732,2.4759517692205475,2.416433843152845,2.4569059863803897,67108800
1995-01-20,2.3473920822143555,2.418813448544089,2.3331074602098494,2.3950065201778217,82388800
1995-01-23,2.3926262855529785,2.3997685993110984,2.3045396866400227,2.323585469174238,53843200
1995-01-24,2.362272262573242,2.404530088224287,2.3616767913147214,2.399768352464959,36739200
1995-01-25,2.35215425491333,2.371200038353924,2.3235855797524394,2.347393099668774,52459200
1995-01-26,2.2807321548461914,2.3235848637673824,2.275970419837723,2.318823709989919,80836800
1995-01-27,2.2807321548461914,2.2950161974095864,2.275970419837723,2.290255043632123,58376000
1995-01-30,2.2474026679992676,2.2902559755894507,2.2426415122843815,2.2902559755894507,55164800
1995-01-31,2.2616870403289795,2.2759710870800025,2.218833737613559,2.252164148751239,59945600
1995-02-01,2.2521636486053467,2.3140621394990575,2.2468064420513856,2.2616865380683056,66705600
1995-02-02,2.2474026679992676,2.261687297606409,2.223595726962354,2.237879775338254,46312000
1995-02-03,2.290255546569824,2.3045395922699807,2.256925137884237,2.266448028761386,60332800
1995-02-06,2.318824529647827,2.3283474217999105,2.290255853191578,2.290255853191578,48345600
1995-02-07,2.32358455657959,2.3283462909585366,2.3093005159046056,2.3140616690526246,33152000
1995-02-08,2.3569157123565674,2.361676867037456,2.323585304665884,2.3331081952587773,49150400
1995-02-09,2.3569157123565674,2.380722648223242,2.3521539764445634,2.36643860294946,42398400
1995-02-10,2.3616764545440674,2.3854839674836072,2.342630676684841,2.3616764545440674,49862400
1995-02-13,2.3616764545440674,2.390245121332907,2.3473924117651546,2.3616764545440674,38160000
1995-02-14,2.3569157123565674,2.371199757630349,2.34263108585167,2.36643860294946,31121600
1995-02-15,2.3140621185302734,2.3378696325874633,2.271209406950789,2.2902551857041247,147001600
1995-02-16,2.318824529647827,2.3283474217999105,2.2950170086520143,2.318824529647827,56744000
1995-02-17,2.299778938293457,2.318824724195551,2.295017201202304,2.3140629871043976,37824000
1995-02-21,2.2759714126586914,2.3140629844186695,2.266448519718697,2.304540091478675,55392000
1995-02-22,2.34263014793396,2.3616759214943985,2.271208787697756,2.2759699404724243,60902400
1995-02-23,2.3473920822143555,2.366437857399742,2.3235845726171562,2.3331074602098494,59939200
1995-02-24,2.3331072330474854,2.3569147403266726,2.3331072330474854,2.3378689669956727,34177600
1995-02-27,2.35215425491333,2.3616771466336273,2.32834731622818,2.3378702079484768,28592000
1995-02-28,2.3997690677642822,2.409291960890331,2.3521546021340383,2.3569163393126975,52544000
1995-03-01,2.4092915058135986,2.437860179795578,2.390245723158946,2.4045303507655156,52032000
1995-03-02,2.428337574005127,2.428337574005127,2.404530633503044,2.409291789110969,26038400
1995-03-03,2.423574686050415,2.4330975716906313,2.404528914769983,2.423574686050415,31776000
1995-03-06,2.4497628211975098,2.4521441245974227,2.395006792543475,2.4092908349414626,45156800
1995-03-07,2.4890449047088623,2.514638250980299,2.447382554560941,2.4521442898351387,91750400
1995-03-08,2.60927152633667,2.6140332613432977,2.504519749731913,2.504519749731913,140096000
1995-03-09,2.5854644775390625,2.618794296147266,2.547372924140557,2.6092714077976398,58238400
1995-03-10,2.6116530895233154,2.6187955498202715,2.5330895136443354,2.5854657152563694,44324800
1995-03-13,2.628317356109619,2.6545055913965094,2.599748689195384,2.61403331326801,34550400
1995-03-14,2.733069896697998,2.7425927883241235,2.6378409804367435,2.6426027168653956,78643200
1995-03-15,2.6854538917541504,2.737830056144919,2.680692739299086,2.733068322459011,57294400
1995-03-16,2.6711699962615967,2.6854540356228767,2.6521242229593067,2.666408262320587,47510400
1995-03-17,2.6640281677246094,2.7330688140494077,2.661647445761152,2.6854543747802544,59868800
1995-03-20,2.7092630863189697,2.723547133817796,2.66640978136008,2.671171518013826,37772800
1995-03-21,2.6830742359161377,2.7235462230913248,2.680693513693156,2.714023334199397,74772800
1995-03-22,2.702119827270508,2.704500258713749,2.661647552272151,2.685454482243934,52464000
1995-03-23,2.7711594104766846,2.790205179620854,2.7140221030441753,2.7187838359455916,105286400
1995-03-24,2.8140149116516113,2.8235378037701766,2.785446235295916,2.790207390739594,65683200
1995-03-27,2.780684232711792,2.8140146425550783,2.766400186515493,2.7711613415038747,61008000
1995-03-28,2.8044896125793457,2.8187736478823133,2.7759209607427007,2.7759209607427007,47603200
1995-03-29,2.752114772796631,2.81877499220693,2.744972315815748,2.804490950091645,65763200
1995-03-30,2.7473552227020264,2.7711621671997633,2.6806949643845064,2.7616392731544033,75011200
1995-03-31,2.7092630863189697,2.747354654624114,2.685455565512652,2.733070025894082,63080000
1995-04-03,2.666409730911255,2.718785926955466,2.6473639471190316,2.7045012984957015,65617600
1995-04-04,2.661647081375122,2.723545553335495,2.656885347484626,2.675931120584874,66689600
1995-04-05,2.690216302871704,2.690216302871704,2.618794348214009,2.6616476372548243,65792000
1995-04-06,2.666409730911255,2.699740143163243,2.644983514760601,2.690217251267131,35414400
1995-04-07,2.6521248817443848,2.694977591703669,2.647363146620565,2.6759318136704273,43148800
1995-04-10,2.702119827270508,2.714023146948657,2.6426017758023357,2.647362929304304,43169600
1995-04-11,2.7473552227020264,2.7479501129641983,2.7092636465205864,2.7283094346113064,43624000
1995-04-12,2.7283082008361816,2.7902066935240857,2.694977796134185,2.747353980314162,40430400
1995-04-13,2.7616384029388428,2.7616384029388428,2.7092627928090223,2.733069729804993,32814400
1995-04-17,2.9473352432250977,2.975903918048453,2.8759132655511204,2.8759132655511204,187913600
1995-04-18,2.923527717590332,2.9520963923550583,2.894959042825606,2.9473352371765253,75609600
1995-04-19,2.8997201919555664,2.9330500151485435,2.875912677191104,2.9187659712747127,59163200
1995-04-20,2.8663902282714844,2.928289311191924,2.818775772652357,2.9140046838906124,83913600
1995-04-21,2.8568668365478516,2.8901972402564327,2.852105682435795,2.8806743508012733,53555200
1995-04-24,2.961618661880493,2.962214133095273,2.8616286118215988,2.871151501409639,68089600
1995-04-25,3.04732346534729,3.052085198877308,2.9568563405852046,2.9568563405852046,69371200
1995-04-26,3.0330395698547363,3.0568464949319263,3.013993797300643,3.0378007223778334,44305600
1995-04-27,2.9949488639831543,3.0663702404590856,2.909242863473428,3.0330404197652547,128844800
1995-04-28,3.1139843463897705,3.1282689688694196,2.9949485381371357,3.004471426046585,92104000
1995-05-01,3.128270149230957,3.1901686533824947,3.1139855213614203,3.118747257728323,65550400
1995-05-02,3.030658721923828,3.133030055382338,3.0282782906127155,3.128268902144643,78099200
1995-05-03,3.080655097961426,3.085416252179507,3.0568475831778446,3.0568475831778446,61566400
1995-05-04,3.104462146759033,3.1711223769041657,3.0854163667175665,3.104462146759033,66524800
1995-05-05,3.04732346534729,3.1092225138525693,3.0425623130480974,3.0996996280233593,43707200
1995-05-08,3.042562961578369,3.0616087372964467,3.0139942980012524,3.0425629615783687,43988800
1995-05-09,3.04018235206604,3.061609435868878,3.0139949857094175,3.0473248102054997,36748800
1995-05-10,3.018756628036499,3.0616099307220055,3.004472581295447,3.052087039150912,38688000
1995-05-11,3.099701166152954,3.104462320814721,3.009233415268257,3.013995151161137,38673600
1995-05-12,3.0758931636810303,3.1330304979908945,3.061609120719075,3.099700676925651,36192000
1995-05-15,3.0973193645477295,3.123507599980146,3.0425633338888534,3.071132000961842,35232000
1995-05-16,3.2330219745635986,3.2383786010649853,3.104462647914733,3.104462647914733,86708800
1995-05-17,3.275874614715576,3.3092050249576226,3.2425447857046894,3.2473059407500333,66515200
1995-05-18,3.2234997749328613,3.3044440799352217,3.2234997749328618,3.261591349341337,58326400
1995-05-19,3.252068281173706,3.256829437103545,3.199692078557869,3.209214971648815,45190400
1995-05-22,3.323488235473633,3.333011124400491,3.1996906794244717,3.2520668591377007,91382400
1995-05-23,3.3711042404174805,3.3711042404174805,3.277065668739168,3.3330126670794296,55516800
1995-05-24,3.3330111503601074,3.4091942623683384,3.3139653723580498,3.394910219482304,68684800
1995-05-25,3.3996715545654297,3.4044332899352474,3.318727284357968,3.347295952883728,43440000
1995-05-26,3.3330111503601074,3.3996713733673096,3.3139653723580498,3.397290941732561,52934400
1995-05-30,3.1615993976593018,3.3663418179425295,3.1473153536468548,3.352057192699019,99612800
1995-05-31,3.2258787155151367,3.2282591469844446,3.085415821896637,3.171121816949322,119756800
1995-06-01,3.204453706741333,3.2615910633438716,3.194930813974243,3.237783540810523,61153600
1995-06-02,3.1663613319396973,3.2044528933390852,3.147315551240003,3.190168267198765,55556800
1995-06-05,3.228259325027466,3.25206683780394,3.113984658654812,3.147315060295674,55852800
1995-06-06,3.1663613319396973,3.276469751609804,3.1663613319396973,3.2330215643886264,49036800
1995-06-07,3.1996912956237793,3.2282599679061343,3.128269905533454,3.1568385778158095,64590400
1995-06-08,3.204453706741333,3.2234994922755122,3.1854079212071533,3.2044537067413326,29320000
1995-06-09,3.2330219745635986,3.2711135407956813,3.147315950541413,3.1901686719369184,81214400
1995-06-12,3.190166711807251,3.2282582546348,3.171120940393476,3.223497102396765,45832000
1995-06-13,3.194929838180542,3.2282596620701556,3.1758840584633137,3.204452728039156,37691200
1995-06-14,3.19254732131958,3.2044515103503364,3.1520753454153216,3.1758828516305604,43096000
1995-06-15,3.2330219745635986,3.237783129727022,3.194930408331516,3.199691563494939,43912000
1995-06-16,3.3139660358428955,3.3330118176580847,3.2330217537439094,3.2377829085821395,92278400
1995-06-19,3.4210970401763916,3.424073233132488,3.3092036933995117,3.323487734019088,78982400
1995-06-20,3.4806175231933594,3.4806175231933594,3.418718430903992,3.4425259529325904,56670400
1995-06-21,3.4472858905792236,3.5187078501984517,3.428240112178233,3.4996620717974616,57224000
1995-06-22,3.4996626377105713,3.504423792465207,3.4520481840085986,3.4520481840085986,46296000
1995-06-23,3.471092700958252,3.51156497186074,3.437762304893688,3.456808079436035,46356800
1995-06-26,3.4187166690826416,3.4710928418149747,3.4091937814250297,3.4663311073707006,41048000
1995-06-27,3.3092026710510254,3.447284206381888,3.304440938161644,3.409192668189823,66004800
1995-06-28,3.3472957611083984,3.39014847082637,3.2330210935524533,3.3044424701594113,107286400
1995-06-29,3.4044315814971924,3.4187156179764226,3.3520554248682473,3.3520554248682473,57643200
1995-06-30,3.442526340484619,3.466333283962115,3.4139576595728434,3.4139576595728434,53342400
1995-07-03,3.463951826095581,3.4710939942099728,3.442525321752406,3.4615711033907837,16763200
1995-07-05,3.45442795753479,3.5044228295694153,3.442524347380003,3.4901387879991526,48547200
1995-07-06,3.532991647720337,3.5425145362586665,3.442524497221699,3.452047385760029,47070400
1995-07-07,3.642505407333374,3.642505407333374,3.5329918909864726,3.537753626199004,66699200
1995-07-10,3.7663018703460693,3.7996316822061313,3.647265499461023,3.6567883858825923,111982400
1995-07-11,3.675837278366089,3.7758279612689267,3.6758372783660893,3.7710662234014802,78227200
1995-07-12,3.8043956756591797,3.8091568310824298,3.6853592340722505,3.6853592340722505,94675200
1995-07-13,3.8139164447784424,3.866292031436151,3.7377333505629515,3.8139164447784424,84811200
1995-07-14,3.947237491607666,3.947237491607666,3.732972214207319,3.7424951025088684,89905600
1995-07-17,4.151980400085449,4.161503290911334,4.056751491826609,4.104365945956029,155830400
1995-07-18,3.88057804107666,4.080558734965454,3.856770524998163,4.075796999257318,289624000
1995-07-19,3.5996527671813965,3.7615419127953746,3.371103385138133,3.6948816763660894,305092800
1995-07-20,3.6615521907806396,3.709166649820497,3.580607319797287,3.6282217788371445,177848000
1995-07-21,3.504422426223755,3.6567886186682657,3.494899539195973,3.5806055224460103,169257600
1995-07-24,3.566321611404419,3.571082764474926,3.50918428717282,3.528230061916686,94811200
1995-07-25,3.671074628829956,3.718689081984488,3.6186984397444126,3.6377442210062254,109422400
1995-07-26,3.656789779663086,3.737734635713878,3.6139370650482006,3.718688855611466,77470400
1995-07-27,3.675837278366089,3.718690594247692,3.66631438386255,3.6758372783660893,52916800
1995-07-28,3.5282304286956787,3.656789130965702,3.504422917175465,3.656789130965702,158468800
1995-07-31,3.4472858905792236,3.5615605609851646,3.428240112178233,3.5472765177999372,101435200
1995-08-01,3.4091944694519043,3.462165542737732,3.347295977800846,3.456808917349277,166144000
1995-08-02,3.3901500701904297,3.528232315912146,3.3520584963680657,3.466333217835159,129804800
1995-08-03,3.471092700958252,3.4806155882294254,3.3330105449107776,3.352056319453125,113536000
1995-08-04,3.5758440494537354,3.5758440494537354,3.4758534539972943,3.480615187700385,77705600
1995-08-07,3.566321611404419,3.637742976078458,3.494899665499461,3.5996514265907256,64273600
1995-08-08,3.5615615844726562,3.6139377807422646,3.5568004291197086,3.5853691049309866,43913600
1995-08-09,3.675837278366089,3.73773638325477,3.656791489359011,3.7234517508837848,144384000
1995-08-10,3.5853676795959473,3.6996423374120577,3.5758447914446045,3.6948806027209034,71883200
1995-08-11,3.675837278366089,3.680599016233536,3.509186915169832,3.6091770168413158,97195200
1995-08-14,3.761542558670044,3.780588343777234,3.6472678480269036,3.6901211551336988,88872000
1995-08-15,3.7472574710845947,3.7853490307335815,3.6901201316111147,3.7805872951619213,63267200
1995-08-16,3.761542558670044,3.766304295562459,3.699644047687294,3.7472585104552687,38118400
1995-08-17,3.775825262069702,3.8377237414780727,3.7573743765432805,3.7663023743737267,74564800
1995-08-18,3.699643135070801,3.799633191602694,3.6948813993529956,3.7972527596671104,77502400
1995-08-21,3.5996527671813965,3.742496130958436,3.5948916123377295,3.7139274582030284,110491200
1995-08-22,3.7829668521881104,3.7853481553465538,3.5948904011462477,3.6234590642762936,94320000
1995-08-23,3.728212594985962,3.828202672686801,3.7139279660394338,3.8091568882455733,111188800
1995-08-24,3.6615521907806396,3.7377353252444117,3.637744670645116,3.7377353252444117,95275200
1995-08-25,3.5948901176452637,3.685357253140501,3.5948901176452637,3.6710732133174186,73489600
1995-08-28,3.4306206703186035,3.59489109631333,3.4234790843860172,3.59489109631333,112622400
1995-08-29,3.4996626377105713,3.4996626377105717,3.313965977657315,3.4330024025278094,163929600
1995-08-30,3.5520381927490234,3.5710839739433884,3.4853779585687468,3.537754147468808,79499200
1995-08-31,3.5234692096710205,3.5806065482062266,3.4853776506475502,3.5567996144320895,38764800
1995-09-01,3.4187166690826416,3.5044226580011477,3.404432628211692,3.494899770343536,80262400
1995-09-05,3.618696928024292,3.623458661966077,3.4377620816230774,3.4615695888702533,92052800
1995-09-06,3.5615615844726562,3.6758362877177686,3.542515800598471,3.628221828032305,100265600
1995-09-07,3.6044135093688965,3.6805966157097876,3.5520373331440465,3.590128886314492,93932800
1995-09-08,3.637742519378662,3.642504253082277,3.552036543791207,3.571082316143975,64417600
1995-09-11,3.7186882495880127,3.728211138087302,3.6186976297299798,3.632982253094408,77408000
1995-09-12,3.6663103103637695,3.723447613901906,3.6425033911715663,3.723447613901906,71155200
1995-09-13,3.6615521907806396,3.694882021492945,3.6234606235487536,3.6615521907806396,61208000
1995-09-14,3.613935708999634,3.675834180490914,3.609173975145224,3.6615501413894123,54230400
1995-09-15,3.559180974960327,3.6329833837995826,3.5234698413580063,3.609175864526174,88316800
1995-09-18,3.504422426223755,3.5567985954920043,3.461569725214185,3.5520368613626645,76827200
1995-09-19,3.5544192790985107,3.599653308377597,3.4853786001751335,3.504424384875544,58011200
1995-09-20,3.5472776889801025,3.6044150430477186,3.5282319042908976,3.5615617368813957,44652800
1995-09-21,3.4520461559295654,3.5448937048693017,3.4472844227413266,3.4758530781784094,83836800
1995-09-22,3.4187166690826416,3.4568082197130887,3.390148006109806,3.4234784035269152,99899200
1995-09-25,3.437168598175049,3.4520486984053536,3.371103824434678,3.447286961710038,57878400
1995-09-26,3.3615810871124268,3.499663320399802,3.356819931429019,3.442525964811489,76548800
1995-09-27,3.3758630752563477,3.380624227214498,3.175882487167603,3.3520555717732483,140756800
1995-09-28,3.4853780269622803,3.4853780269622803,3.3853879643453193,3.3901491191217805,105510400
1995-09-29,3.4472858905792236,3.5329918933836795,3.430620543862842,3.4901391825969665,95158400
1995-10-02,3.3615810871124268,3.4615717500075935,3.356819931429019,3.447287120494896,67731200
1995-10-03,3.385387659072876,3.3996717033453443,3.3234885839426473,3.3568189892968645,80736000
1995-10-04,3.2806360721588135,3.356819196258512,3.2568285552621026,3.356819196258512,73473600
1995-10-05,3.3330111503601074,3.3330111503601074,3.2377822603498183,3.275873816353934,101289600
1995-10-06,3.2711129188537598,3.390148750080958,3.2568282936171005,3.3330114115964475,76616000
1995-10-09,3.1663613319396973,3.266351389997541,3.1520767057993764,3.2330215643886264,108614400
1995-10-10,3.190166711807251,3.2044513309829905,3.0616080453796806,3.0949378547383777,157644800
1995-10-11,3.2996816635131836,3.328250333408401,3.237782588124673,3.2711129936179657,107009600
1995-10-12,3.337773084640503,3.356818863779019,3.2996815263634702,3.313965570101831,78700800
1995-10-13,3.285395622253418,3.380624480869459,3.2758727363918134,3.371101595007855,68644800
1995-10-16,3.304443836212158,3.328251359077153,3.256829371713424,3.266352264613171,61067200
1995-10-17,3.471092700958252,3.485376741249556,3.304441883097257,3.3234876576396037,123140800
1995-10-18,3.642505407333374,3.7567800776617775,3.6139367397512734,3.742495453255212,294329600
1995-10-19,3.685359001159668,3.6948818926355327,3.60917586935275,3.6282216523044792,95840000
1995-10-20,3.637742519378662,3.690118683964197,3.6139355945531255,3.675834064084198,79984000
1995-10-23,3.671074628829956,3.699643300722675,3.5996526584826,3.6186984397444126,93473600
1995-10-24,3.7139270305633545,3.737734545733782,3.671074316980081,3.671074316980081,68681600
1995-10-25,3.652029037475586,3.723450430305775,3.652029037475586,3.7186892753582983,60211200
1995-10-26,3.73297381401062,3.7377355508175722,3.6329837346080907,3.6472677825664985,82841600
1995-10-27,3.8091561794281006,3.814512805305421,3.709166120333666,3.713927274942398,130683200
1995-10-30,3.913907051086426,3.937714562207302,3.7520179516497607,3.780586616256231,125464000
1995-10-31,3.8091561794281006,3.937715491099352,3.79963328897953,3.9234308648109435,91958400
1995-11-01,3.7472574710845947,3.847247524547648,3.7424957355129345,3.8139177004703213,72819200
1995-11-02,3.8091561794281006,3.8234408057165092,3.7424959462881087,3.7567805725765173,63504000
1995-11-03,3.790111780166626,3.8139193055823273,3.7615430984065763,3.8091575680066594,40635200
1995-11-06,3.7091665267944336,3.7663038757471248,3.6901207438102035,3.6948818989406758,87729600
1995-11-07,3.5425145626068115,3.7091654038825754,3.53775340891773,3.675835003135025,115921600
1995-11-08,3.628221035003662,3.6377439248593144,3.556799651701802,3.5758454314131076,71280000
1995-11-09,3.7710635662078857,3.7716590373104486,3.6567889126864346,3.675834688273343,99814400
1995-11-10,3.690120220184326,3.7710644957657746,3.680001858794158,3.7520187154841294,60819200
1995-11-13,3.6686928272247314,3.704403952861408,3.659169937885756,3.6805970201294893,59003200
1995-11-14,3.580606698989868,3.6567898202449722,3.575845544526969,3.652028665782072,75657600
1995-11-15,3.580606698989868,3.604414214997633,3.4996624232718654,3.5948913248407446,108686400
1995-11-16,3.423478841781616,3.498471010454453,3.4139559529049377,3.447285773357809,195126400
1995-11-17,3.3282504081726074,3.4520479804994793,3.3282504081726074,3.428240464436459,143803200
1995-11-20,3.275874614715576,3.4044339381760986,3.2663517233937283,3.366342372888708,115296000
1995-11-21,3.3520586490631104,3.380627330731262,3.209215240722353,3.2711143416190063,130163200
1995-11-22,3.3282504081726074,3.4091946840784786,3.323488672467567,3.366341968888568,65428800
1995-11-24,3.3520586490631104,3.3615815429524942,3.328251704955309,3.337774598844693,15014400
1995-11-27,3.323488235473633,3.4091942358153595,3.319321971568132,3.3758644151868618,79100800
1995-11-28,3.4853780269622803,3.4853780269622803,3.294920211281281,3.313965992849381,86537600
1995-11-29,3.4187166690826416,3.5234684333163715,3.399670893767418,3.49966150478781,91067200
1995-11-30,3.318727493286133,3.4187175488055717,3.309204603178039,3.409194658697478,93512000
1995-12-01,3.285395622253418,3.3472946709692577,3.271111584076425,3.3187260133844454,96124800
1995-12-04,3.3472957611083984,3.4139559838493665,3.247305136381439,3.2806355383674304,130436800
1995-12-05,3.275874614715576,3.3568194815668604,3.2425447857046894,3.347296590245013,104528000
1995-12-06,3.4520461559295654,3.4663301930327153,3.2758724901188296,3.2806342233070684,145272000
1995-12-07,3.4472858905792236,3.504423225782194,3.3847919302009744,3.4710934041959765,132876800
1995-12-08,3.5996527671813965,3.6044145032561987,3.513351277617201,3.5282313759084443,147041600
1995-12-11,3.5472776889801025,3.609176198604409,3.5425159521921903,3.5996533062598064,61924800
1995-12-12,3.4806175231933594,3.5472777711497048,3.4710946306281674,3.5425160342514905,44739200
1995-12-13,3.494901418685913,3.5091860475250303,3.4472869579408734,3.4710944789289986,39577600
1995-12-14,3.3806252479553223,3.5615601203811003,3.375864094559597,3.5139456802690536,92822400
1995-12-15,3.366342544555664,3.4187181588811457,3.323489240806462,3.3949112199780695,115470400
1995-12-18,3.3139660358428955,3.390149163103652,3.2520675355590987,3.366342226450233,99460800
1995-12-19,3.4615702629089355,3.4669268876941217,3.3282498238109763,3.3282498238109763,84340800
1995-12-20,3.318727493286133,3.4806166251237225,3.313965757616543,3.4710937350156286,84980800
1995-12-21,3.4282402992248535,3.4282402992248535,3.3282502477796596,3.342534291744232,60593600
1995-12-22,3.4472858905792236,3.4615705149954814,3.3949102905920157,3.433001847393996,36057600
1995-12-26,3.437763214111328,3.4758547732704566,3.4234791700421883,3.437763214111328,34707200
1995-12-27,3.385387659072876,3.4520478885502355,3.3663418792222015,3.4425249986248985,40539200
1995-12-28,3.3282504081726074,3.371103123362518,3.323488672467567,3.361580233183528,49777600
1995-12-29,3.3425347805023193,3.3806263449524883,3.285397433827066,3.323488998277235,52342400
1996-01-02,3.4187166690826416,3.4187166690826416,3.3282495269507972,3.347295302266021,57779200
1996-01-03,3.3092026710510254,3.433000170175237,3.304440938161644,3.3949086319831716,62857600
1996-01-04,3.3282504081726074,3.3330115626465573,3.2330215063827055,3.323488672467567,102353600
1996-01-05,3.2901577949523926,3.3377722306157347,3.280634907819724,3.2853960607706063,62083200
1996-01-08,3.285395622253418,3.3377717851076536,3.280634469938029,3.2949185081150216,11377600
1996-01-09,3.0544674396514893,3.2758743546948113,3.0425638264440225,3.2758743546948113,177424000
1996-01-10,3.1377925872802734,3.171122412107299,3.065775149467921,3.0663706207163672,181571200
1996-01-11,3.2996816635131836,3.309204553478256,3.1663612040021674,3.180645248334238,116617600
1996-01-12,3.2663516998291016,3.3092050010838365,3.194930306046084,3.29492037358854,80544000
1996-01-15,3.1425540447235107,3.271113364441408,3.1187471077275406,3.271113364441408,84572800
1996-01-16,3.2901577949523926,3.2943234768420306,3.171121415178585,3.1854060364930397,122006400
1996-01-17,3.2330219745635986,3.3330120453072283,3.223499083005578,3.228260238169001,143078400
1996-01-18,3.337773084640503,3.3853875324867935,3.2377824535477657,3.2568282326862823,121331200
1996-01-19,3.4996626377105713,3.5520382461671796,3.4139566210470202,3.4377635572824445,227440000
1996-01-22,3.504422426223755,3.5329910873071007,3.461569725214185,3.490138386297531,82643200
1996-01-23,3.4091944694519043,3.4949004756671758,3.3996715798724297,3.4806164319134902,66473600
1996-01-24,3.4758551120758057,3.523469565665885,3.4091948770496945,3.42347950374228,92217600
1996-01-25,3.4044315814971924,3.4901375440648463,3.390146963787205,3.480614659335107,59881600
1996-01-26,3.4472858905792236,3.4615705149954814,3.390148555376253,3.3949102905920157,50881600
1996-01-29,3.442526340484619,3.4758561775993737,3.403839294467606,3.4568103903248564,39587200
1996-01-30,3.4591896533966064,3.48061673806619,3.452048066814885,3.4615709572319866,45120000
1996-01-31,3.5234692096710205,3.5282309451644864,3.4330020476058105,3.456808981379947,68774400
1996-02-01,3.5853676795959473,3.590128833056135,3.5044228396940524,3.513945727845395,78587200
1996-02-02,3.5425145626068115,3.58536785196352,3.5091847430902554,3.580606117043444,44686400
1996-02-05,3.699643135070801,3.7044042895575138,3.532992265876189,3.532992265876189,126480000
1996-02-06,3.675837278366089,3.7139288563802455,3.642507438219379,3.6758372783660893,98158400
1996-02-07,3.690120220184326,3.6996431103251486,3.6371485625449123,3.6567898140759025,65555200
1996-02-08,3.7663018703460693,3.790108795784562,3.637742613039454,3.680595892551946,103924800
1996-02-09,3.8139164447784424,3.8186775975514693,3.752017390112915,3.761540276889851,122832000
1996-02-12,3.790111780166626,3.8520108812623937,3.7758277299022605,3.799634674086643,87779200
1996-02-13,3.794872760772705,3.8186797002082775,3.713927887983113,3.7234507800035823,114513600
1996-02-14,3.761542558670044,3.813918758330434,3.7472585104552687,3.813918758330434,80212800
1996-02-15,3.75201678276062,3.775824286464597,3.723448127054321,3.75201678276062,52195200
1996-02-16,3.728212594985962,3.7805882115837313,3.7282125949859624,3.7615424271425035,62206400
1996-02-20,3.7234487533569336,3.7520174138686233,3.6901189400420713,3.7044029796824733,64182400
1996-02-21,3.8043956756591797,3.8139185677368856,3.713927910305369,3.723450802383075,80046400
1996-02-22,3.9043843746185303,3.9091461095933218,3.8091554874327125,3.8091554874327125,106500800
1996-02-23,3.942474126815796,3.9472358596133077,3.8805756690632824,3.9091443221561506,102640000
1996-02-26,3.8329622745513916,3.9329522965603623,3.8282005404776407,3.9234294096437514,63696000
1996-02-27,3.8139164447784424,3.8401038021841347,3.799036352958597,3.837723371105342,60958400
1996-02-28,3.8139164447784424,3.885337804990024,3.804393558001506,3.837723371105342,60051200
1996-02-29,3.7591609954833984,3.8139176111971165,3.7543989694076667,3.771064316979546,61723200
1996-03-01,3.637742519378662,3.7567788871988843,3.6044127083767417,3.7472560010225004,157652800
1996-03-04,3.6663103103637695,3.709163578632726,3.637741658594701,3.6567874264407463,72564800
1996-03-05,3.7377357482910156,3.7430923755392764,3.6472679752603145,3.656790868146112,57369600
1996-03-06,3.6948814392089844,3.766303407128831,3.694881439208985,3.742495890745183,44256000
1996-03-07,3.706784725189209,3.718688919187818,3.680597358331764,3.6996431387597912,44291200
1996-03-08,3.6234591007232666,3.7139262442629164,3.6091744783990904,3.6377431418164976,108524800
1996-03-11,3.675837278366089,3.680599016233536,3.623461649212301,3.623461649212301,74592000
1996-03-12,3.6472668647766113,3.6805972703444176,3.609175304831164,3.6663126447493353,76888000
1996-03-13,3.842486619949341,3.8472477745993783,3.723450197693953,3.741900507482571,156710400
1996-03-14,3.794872760772705,3.8805787889569308,3.794872760772705,3.852010112895522,60640000
1996-03-15,3.8996224403381348,3.9281911007756634,3.7948706854005287,3.8091547250038507,121721600
1996-03-18,4.009137153625488,4.032944671994182,3.899624196576707,3.899624196576707,119472000
1996-03-19,4.071033954620361,4.078175537712356,3.9900891350130396,4.051988183092853,92491200
1996-03-20,3.9853312969207764,4.061514446384196,3.951405406944044,4.047229815244153,92944000
1996-03-21,3.83772349357605,3.975805646863591,3.8282006064952157,3.9710439127077235,66313600
1996-03-22,3.852008581161499,3.863912191453668,3.7996324052604677,3.852008581161499,48046400
1996-03-25,3.8043956756591797,3.89962459643624,3.763922803097723,3.866294183548666,63379200
1996-03-26,3.913907051086426,3.9186687858029887,3.7615408398519175,3.7853483509727943,79899200
1996-03-27,3.9043843746185303,3.961521706930021,3.852008777281831,3.9329530407742754,52729600
1996-03-28,3.89486026763916,3.9424746963389055,3.852007572424799,3.880576229644646,54955200
1996-03-29,3.9281907081604004,3.966282251603261,3.8900991647175402,3.8996220505782553,53508800
1996-04-01,3.913907051086426,3.942475715692896,3.8901001211965185,3.9287865639022956,31692800
1996-04-02,3.9853312969207764,3.9996153468295157,3.9091481474573575,3.913909303683169,54396800
1996-04-03,3.980567693710327,4.00437520737435,3.937714982838531,3.966283650496739,46072000
1996-04-04,3.9758074283599854,3.994853211055767,3.942477018026787,3.985330319707876,28961600
1996-04-08,3.9519999027252197,3.9567616390067335,3.88057850835179,3.9043854460658793,73753600
1996-04-09,3.8710546493530273,3.961521803775666,3.8662929142618276,3.961521803775666,66942400
1996-04-10,3.8710546493530273,3.9234302479701304,3.856770025310444,3.8662929142618276,51910400
1996-04-11,3.852008581161499,3.8996230223301764,3.7948712517590857,3.8662926228966166,62465600
1996-04-12,3.852008581161499,3.87105435762897,3.8282010699616746,3.852008581161499,33737600
1996-04-15,3.943070411682129,3.9472366744515575,3.8472460773698347,3.8472460773698347,50102400
1996-04-16,4.009137153625488,4.018660044726737,3.9615226981192473,3.9710455892204957,80116800
1996-04-17,4.0353240966796875,4.037704528073686,3.9734247432023158,4.009135863959957,62630400
1996-04-18,4.151980400085449,4.161503290911334,4.018659928523072,4.037705710174841,133958400
1996-04-19,4.180549144744873,4.2710168997683615,4.171026253754566,4.251971117787747,169492800
1996-04-22,4.29482364654541,4.318631163583059,4.199594740857042,4.209117631425879,92758400
1996-04-23,4.290063381195068,4.313870321936718,4.242448918480535,4.294824536850904,57139200
1996-04-24,4.247209548950195,4.309108633440611,4.237686657584836,4.30434689714235,69251200
1996-04-25,4.29482364654541,4.332915208820757,4.199594740857042,4.2472091937012255,63896000
1996-04-26,4.323391437530518,4.3376760610893985,4.280538729315867,4.294822771643752,54296000
1996-04-29,4.290063381195068,4.3233932144796245,4.266255859222184,4.3186320588237885,34267200
1996-04-30,4.313868522644043,4.313868522644043,4.261492926119269,4.290061591832144,28441600
1996-05-01,4.385289669036865,4.390050821829047,4.290060800884391,4.299583687699639,65014400
1996-05-02,4.2519707679748535,4.390052385358659,4.232924987561151,4.385291230870778,87340800
1996-05-03,4.2234015464782715,4.361483145851513,4.194832879584048,4.2853000341335825,75300800
1996-05-06,4.256729602813721,4.280537105972809,4.175785370780525,4.228160947761279,75852800
1996-05-07,4.309108734130859,4.32339278089709,4.251971384603586,4.251971384603586,47366400
1996-05-08,4.351960182189941,4.35672191720609,4.218639738971869,4.299584584398344,77851200
1996-05-09,4.323391437530518,4.385290504234008,4.3138685489015955,4.351960103417284,47776000
1996-05-10,4.37576961517334,4.3858873983495315,4.347200936231722,4.356723829212261,43913600
1996-05-13,4.518611431121826,4.528134320775159,4.380529240532975,4.380529240532975,95606400
1996-05-14,4.532894611358643,4.570986162714598,4.5037304767362665,4.542417499197632,76832000
1996-05-15,4.480520248413086,4.561464526641909,4.470997357960806,4.53289585528507,56323200
1996-05-16,4.4614739418029785,4.470996831133155,4.404336605821923,4.418620649201667,67092800
1996-05-17,4.456709861755371,4.494801399035332,4.432902941570762,4.490040247490703,35392000
1996-05-20,4.4471893310546875,4.490042623789578,4.442428176990277,4.470996845069858,38457600
1996-05-21,4.385289669036865,4.451949876743597,4.385289669036865,4.447188142720531,42113600
1996-05-22,4.451948642730713,4.466232678378822,4.366242685149882,4.3805267207979925,45646400
1996-05-23,4.513852119445801,4.537659646978394,4.451953594077525,4.451953594077525,51976000
1996-05-24,4.513852119445801,4.5328979089793275,4.504329224679037,4.513852119445801,26443200
1996-05-28,4.466236591339111,4.53825346601289,4.461475435695304,4.523373946452192,43376000
1996-05-29,4.4614739418029785,4.504326653173251,4.442428163142627,4.470996831133155,33569600
1996-05-30,4.504326820373535,4.504326820373535,4.442428328045242,4.466235261638875,33824000
1996-05-31,4.523373126983643,4.547180644583331,4.4948044546026935,4.516230668272842,40259200
1996-06-03,4.509089469909668,4.551942191557697,4.49956657829553,4.523373516715285,31684800
1996-06-04,4.4900431632995605,4.528134725315968,4.428144084407344,4.518611834811866,65852800
1996-06-05,4.6043171882629395,4.618601231352641,4.490042518621225,4.4948036725741165,50968000
1996-06-06,4.563846111297607,4.685263285845198,4.561465678698882,4.6376488215581535,88136000
1996-06-07,4.6186017990112305,4.6186017990112305,4.480520180171805,4.480520180171805,70198400
1996-06-10,4.594794750213623,4.618601684777346,4.570391763173793,4.60907879470564,45819200
1996-06-11,4.651930809020996,4.694783511922065,4.59479348433229,4.599554637440887,65259200
1996-06-12,4.761443614959717,4.775728236420051,4.675737629890442,4.680499364120856,88844800
1996-06-13,4.747159957885742,4.794774397878423,4.713829559275387,4.766205733882814,62577600
1996-06-14,4.68526029586792,4.761443390109674,4.680499143093251,4.751920503329455,55944000
1996-06-17,4.747159957885742,4.761443999268068,4.661453965898917,4.690022629894526,57499200
1996-06-18,4.661454200744629,4.742398462194708,4.647169577411682,4.742398462194708,74585600
1996-06-19,4.637649059295654,4.6900252633119655,4.6233650098929315,4.666217739332383,73409600
1996-06-20,4.637649059295654,4.665622267882643,4.5328972324943155,4.647171952641231,102228800
1996-06-21,4.718593120574951,4.728116012260036,4.628125358951058,4.661455770464444,56806400
1996-06-24,4.728114604949951,4.766206160352444,4.685261314506642,4.723352869909135,48102400
1996-06-25,4.64716911315918,4.73287510090187,4.62336218495723,4.73287510090187,41145600
1996-06-26,4.590032577514648,4.647169912504457,4.532895242524839,4.642408758537488,71457600
1996-06-27,4.568604946136475,4.609076921880539,4.532893832262679,4.590031149476074,77582400
1996-06-28,4.575750827789307,4.60908066595639,4.537659252037601,4.5900348780805365,52000000
1996-07-01,4.659074783325195,4.666217243190587,4.575750056642299,4.580511212193209,47862400
1996-07-02,4.63288688659668,4.6709784516201625,4.618602259097296,4.661455560364291,38548800
1996-07-03,4.6138386726379395,4.6804988762997715,4.594792900163131,4.632884445112748,44243200
1996-07-05,4.509089469909668,4.57574971120863,4.509089469909668,4.57574971120863,35331200
1996-07-08,4.582890510559082,4.599555858633438,4.499565804496076,4.513849848845236,64432000
1996-07-09,4.570987701416016,4.623363892776979,4.570987701416016,4.604318110687745,35571200
1996-07-10,4.551942825317383,4.570988611197372,4.499567204763042,4.570988611197372,77980800
1996-07-11,4.361484050750732,4.50908915094411,4.332915377929221,4.50432741485829,140915200
1996-07-12,4.280539035797119,4.387671540543043,4.208521604153543,4.387671540543043,139478400
1996-07-15,4.2138776779174805,4.332913471689103,4.1853090176645855,4.280537885174236,111832000
1996-07-16,4.394814968109131,4.4043378601513705,4.094843578162985,4.1995953906276196,182100800
1996-07-17,4.4614739418029785,4.499565499123682,4.404336605821923,4.4852808745129,126208000
1996-07-18,4.566226482391357,4.570987637231239,4.413860227816983,4.466235837211356,98537600
1996-07-19,4.608482837677002,4.6328858221444955,4.485280750976673,4.485280750976673,99208000
1996-07-22,4.561463832855225,4.628124055882337,4.490042455941685,4.609673749052841,144475200
1996-07-23,4.271018028259277,4.570988883096862,4.199596036345242,4.570988883096862,257678400
1996-07-24,4.371006965637207,4.409098529607902,4.171026254791061,4.171026254791061,192225600
1996-07-25,4.513852119445801,4.523375014212564,4.385293330710181,4.418623171778168,100920000
1996-07-26,4.537656784057617,4.551940826579918,4.504326382787242,4.551940826579918,59304000
1996-07-29,4.451948642730713,4.566223252838486,4.4471869100275265,4.542415751784005,56748800
1996-07-30,4.518611431121826,4.523372585332964,4.423382534588501,4.490042762161829,66976000
1996-07-31,4.4900431632995605,4.556703396828273,4.4805202727954585,4.532895879952464,56320000
1996-08-01,4.594794750213623,4.604317640285329,4.470997179281446,4.4900429594248585,96025600
1996-08-02,4.699545383453369,4.7185911589056,4.594793618466101,4.651930944822793,109289600
1996-08-05,4.637649059295654,4.713832206060265,4.618603272604502,4.704309312714688,55072000
1996-08-06,4.723352909088135,4.728114644168448,4.6043170880834765,4.632885754872317,67388800
1996-08-07,4.751921653747559,4.76620627799157,4.680500276220571,4.73763761073457,76790400
1996-08-08,4.770969867706299,4.794777393190753,4.713832504021193,4.728117135558129,54379200
1996-08-09,4.742397785186768,4.780489333662164,4.718590858005097,4.751920672305617,44313600
1996-08-12,4.770969867706299,4.80430028713827,4.723355397968711,4.732878291916228,66187200
1996-08-13,4.70430850982666,4.794776271785072,4.699547354582104,4.7614458601484415,72508800
1996-08-14,4.756683349609375,4.76620623861637,4.713830058462389,4.718591793581396,52032000
1996-08-15,4.76620626449585,4.790013196527093,4.737637597319743,4.751921640292285,35556800
1996-08-16,4.732874870300293,4.770966418552207,4.713829096174336,4.7662052656361675,47598400
1996-08-19,4.70430850982666,4.728116029742995,4.656694051225176,4.7185931380226975,43131200
1996-08-20,4.699545383453369,4.728114046631715,4.694783648974841,4.713829424427072,25678400
1996-08-21,4.70430850982666,4.70430850982666,4.6376482677845825,4.666216942945473,49345600
1996-08-22,4.761443614959717,4.766205349190131,4.7043062915802,4.728113800270454,50236800
1996-08-23,4.6947832107543945,4.761443418615005,4.6947832107543945,4.756682265811833,44006400
1996-08-26,4.680500507354736,4.713830330184963,4.675738771961246,4.699546286466595,31944000
1996-08-27,4.751921653747559,4.751921653747559,4.685261430147893,4.690023165306238,28038400
1996-08-28,4.785253524780273,4.790014680168817,4.756684848755409,4.761446004143952,32070400
1996-08-29,4.728114604949951,4.7709673141622515,4.7090688272487045,4.7709673141622515,34182400
1996-08-30,4.666214466094971,4.73287467275347,4.666214466094971,4.73287467275347,28088000
1996-09-03,4.699545383453369,4.699545383453369,4.594793618466101,4.647169210344265,48524800
1996-09-04,4.699545383453369,4.7090682711794845,4.682880329932668,4.699545383453369,27126400
1996-09-05,4.628124237060547,4.675738683943886,4.628124237060547,4.675738683943886,40372800
1996-09-06,4.666214466094971,4.67573735276047,4.632884653381159,4.64716869276397,41921600
1996-09-09,4.756683349609375,4.761444503497363,4.656692724420421,4.666215613427416,41747200
1996-09-10,4.737636566162109,4.76620522712018,4.709067905204039,4.751920606025697,38904000
1996-09-11,4.76620626449585,4.7804903074683915,4.709068930143638,4.720972541467015,36387200
1996-09-12,4.899526596069336,4.932856123782841,4.768586591743397,4.780489911465224,95944000
1996-09-13,4.989994525909424,5.004279442615454,4.909050539449243,4.937619210399107,80137600
1996-09-16,5.009037971496582,5.070937310930314,4.989992199741843,4.994754223911355,62409600
1996-09-17,5.09950590133667,5.128074558592164,5.037606562718945,5.061414358329343,75624000
1996-09-18,5.199497699737549,5.251874173548375,5.075700135458083,5.10426880413796,86049600
1996-09-19,5.247110843658447,5.266156618045592,5.170927746109867,5.199496407690584,75912000
1996-09-20,5.261397361755371,5.280443141956364,5.1756913508509035,5.218543775072052,104849600
1996-09-23,5.247110843658447,5.261395755679714,5.189973520497012,5.242349981292569,46385600
1996-09-24,5.213782787322998,5.270920126567841,5.185214117700576,5.237589430777278,72520000
1996-09-25,5.166168212890625,5.251874219683134,5.156645323247012,5.237589303986658,44067200
1996-09-26,5.028084754943848,5.185212984766787,5.018561867150393,5.170928071845661,92604800
1996-09-27,5.1185526847839355,5.15188221027381,4.999516008121535,5.047130446294122,98372800
1996-09-30,5.023324966430664,5.137599644387811,5.018562940284714,5.08522316909305,89574400
1996-10-01,5.032848358154297,5.099508593610233,4.9852339042572,5.018563440754041,69124800
1996-10-02,5.132838726043701,5.170930293583915,5.0423718343668895,5.061417618136996,68760000
1996-10-03,5.1042680740356445,5.147121652156838,5.0899843229698725,5.132836738629128,58294400
1996-10-04,5.194735050201416,5.2042579364873385,5.113789935540225,5.1280748461999615,45166400
1996-10-07,5.2375874519348145,5.261395248856279,5.1756892723700725,5.194735044922563,42432000
1996-10-08,5.156643867492676,5.247110712336551,5.142358955828924,5.247110712336551,48465600
1996-10-09,5.12331485748291,5.185214224166853,5.075700407134556,5.180452197900935,64955200
1996-10-10,5.094747066497803,5.185215119003247,5.080463310159367,5.094747066497803,51739200
1996-10-11,5.2233076095581055,5.228068475025386,5.113793754259803,5.128078675586787,36523200
1996-10-14,5.204259872436523,5.2613972114067575,5.194736982608151,5.2328285419216405,36091200
1996-10-15,5.289965629577637,5.2994885189535985,5.232828293321868,5.285203603658615,61206400
1996-10-16,5.256634712219238,5.292345545862032,5.218543156333592,5.285203379133473,36427200
1996-10-17,5.161405563354492,5.294726002260328,5.161405563354492,5.2661573367805055,49097600
1996-10-18,5.132838726043701,5.142361617928755,5.087604989589699,5.104270050388542,69646400
1996-10-21,5.1042680740356445,5.180451179618267,5.085222297639989,5.132836738629128,71401600
1996-10-22,5.04713249206543,5.080463193527221,4.999518034593114,5.070940302032758,113806400
1996-10-23,5.12331485748291,5.13283774755258,5.01856306671653,5.051893763191462,67443200
1996-10-24,5.204259872436523,5.2328285419216405,5.0995080843244285,5.137599643637918,81417600
1996-10-25,5.197116851806641,5.251874046684748,5.185213821375273,5.2042596000351224,53084800
1996-10-28,5.204259872436523,5.242351431750013,5.189974956462897,5.206640013662548,51240000
1996-10-29,5.156643867492676,5.232826963134586,5.1375980935821985,5.213781189224108,66756800
1996-10-30,5.189974308013916,5.218542973929589,5.137599001732845,5.1566447790099605,60526400
1996-10-31,5.22806978225708,5.232831811377634,5.185217332486404,5.194740228264651,37028800
1996-11-01,5.232827186584473,5.285202485843899,5.199496499586971,5.228065161672614,56531200
1996-11-04,5.256634712219238,5.2709196269073715,5.20902026736218,5.228066045305003,36006400
1996-11-05,5.389955997467041,5.389955997467041,5.268539144167209,5.275681312008375,86417600
1996-11-06,5.504229545593262,5.504229545593262,5.370909106772664,5.385194020734429,71438400
1996-11-07,5.466139793395996,5.566130736701491,5.451856037187985,5.513754251526623,76742400
1996-11-08,5.466139793395996,5.466139793395995,5.389956660386992,5.461378928814112,67369600
1996-11-11,5.4709014892578125,5.513753917750116,5.447093680402532,5.4613785982081575,38593600
1996-11-12,5.399478912353516,5.556607186801261,5.389956021855538,5.485184926835317,81156800
1996-11-13,5.5232768058776855,5.5518454790115355,5.4518557042742035,5.470901486363437,90409600
1996-11-14,5.699450492858887,5.699450492858887,5.532799329416444,5.532799329416444,114969600
1996-11-15,5.675642967224121,5.7470652300897855,5.6137447577053265,5.74230320341635,104041600
1996-11-18,5.72802209854126,5.780397441408285,5.6613618315068965,5.689930517378767,98585600
1996-11-19,5.937520503997803,5.937520503997803,5.723254969659853,5.732777856464611,104739200
1996-11-20,5.837532043457031,6.018466968131881,5.83753204345703,5.942283841952997,123857600
1996-11-21,5.72802209854126,5.889911318481854,5.7137371743739225,5.88514928960514,130718400
1996-11-22,5.732780456542969,5.808963585533573,5.689928027716902,5.742303347666795,94424000
1996-11-25,5.847055435180664,5.851817462205961,5.732780736121758,5.75658854632354,75129600
1996-11-26,5.856576442718506,5.9184757993603405,5.804201137063394,5.866099331243251,108238400
1996-11-27,5.923237323760986,5.932760213349027,5.856577096644705,5.8708620122578195,44446400
1996-11-29,5.975614070892334,5.985136960915699,5.923237594532749,5.923237594532749,17152000
1996-12-02,6.0089430809021,6.0089430809021,5.9137141889702125,5.999420191708911,64502400
1996-12-03,5.892290115356445,6.075605807834202,5.889909973308782,6.032753370044697,77563200
1996-12-04,5.837532043457031,5.913715169635915,5.794679616212535,5.9089543054808615,102542400
1996-12-05,5.828006744384766,5.918474750569336,5.785154334848117,5.842291655871496,74950400
1996-12-06,5.823247909545898,5.885146114306709,5.64766904112625,5.675642530949512,110238400
1996-12-09,6.227968692779541,6.23749158068899,5.942282055496076,5.970850719224423,94718400
1996-12-10,6.237490653991699,6.442233294857406,6.227967767497055,6.4279483838845755,125725600
1996-12-11,6.3517656326293945,6.370811406640277,6.104170570487918,6.170830779526008,113558400
1996-12-12,6.170831203460693,6.494609383889187,6.170831203460693,6.475563608569863,78272800
1996-12-13,6.09464693069458,6.247013103961945,6.0363192549906675,6.180352903157473,74532000
1996-12-16,5.847055435180664,6.151787966004412,5.828009652004179,6.1136963996514435,64883200
1996-12-17,6.08512544631958,6.104171222364399,5.818484581692118,5.837530357736937,68944800
1996-12-18,6.2946295738220215,6.3041524627385455,6.094648906575029,6.199400684656787,61796800
1996-12-19,6.466042995452881,6.485088777471888,6.323199630310328,6.399382758386356,94609600
1996-12-20,6.37081241607666,6.523178632305698,6.35176663904803,6.513655743791383,90414400
1996-12-23,6.380333423614502,6.4565165092696,6.3136732236662905,6.408902080735164,36892800
1996-12-24,6.466042995452881,6.485088777471888,6.332722521319831,6.40890564939586,16246400
1996-12-26,6.513657093048096,6.561271545482658,6.485088421587359,6.494611312074271,27905600
1996-12-27,6.418430328369141,6.5327050523163654,6.400574902752386,6.513659264991828,19079200
1996-12-30,6.361289024353027,6.523178116290156,6.361289024353028,6.504132340768141,27279200
1996-12-31,6.2946295738220215,6.418427129736827,6.285106684905498,6.39938135190378,34367200
1997-01-02,6.218447208404541,6.332721889110291,6.151786977992854,6.332721889110291,54480800
1997-01-03,6.446998596191406,6.4565214892433875,6.247017842099797,6.26606362820376,44131200
1997-01-06,6.427952766418457,6.494613017329463,6.332723836545591,6.446998552393031,55948000
1997-01-07,6.475567817687988,6.485090711537529,6.351770197643953,6.437476242289823,36880800
1997-01-08,6.3517656326293945,6.493418576835334,6.332719858618511,6.475563163700132,50593600
1997-01-09,6.2755842208862305,6.380336006060356,6.266061331324946,6.380336006060356,47763200
1997-01-10,6.418430328369141,6.42795322203141,6.2184495614614965,6.247018242448303,66556800
1997-01-13,6.380333423614502,6.513653823510924,6.361287652200727,6.485085166390262,50361600
1997-01-14,6.504136562347412,6.599365501766846,6.41843051686992,6.41843051686992,63728000
1997-01-15,6.446998596191406,6.570796205867165,6.427952810087444,6.523181740607257,53058400
1997-01-16,6.551749229431152,6.63745525132778,6.475566098856371,6.475566098856371,58688000
1997-01-17,6.637454032897949,6.685068480766657,6.513656468439307,6.523179358013048,65368800
1997-01-20,6.913617134094238,7.075506240539972,6.5993618098172275,6.627930475660593,146220800
1997-01-21,7.237393856048584,7.242155880605806,6.827909729982677,6.904092823204241,114592000
1997-01-22,7.418333053588867,7.504039083733026,7.20882942434759,7.24692099330055,129236800
1997-01-23,7.218348026275635,7.599263489403637,7.199302253119235,7.475465963887037,105048000
1997-01-24,7.308815956115723,7.446897228872911,7.189779293860675,7.246916612752283,89817600
1997-01-27,7.323103427886963,7.419522702538921,7.275488971268712,7.351672101857914,53263200
1997-01-28,7.285009860992432,7.523082078671922,7.218349640042174,7.494513412550384,64656800
1997-01-29,7.408806800842285,7.418329688761106,7.29453214581644,7.370715249167003,48933600
1997-01-30,7.704016208648682,7.713539096422043,7.465944014314668,7.484989789861389,79937600
1997-01-31,7.770679950714111,7.865908871678745,7.684973921845941,7.761157058617648,86516000
1997-02-03,7.7992448806762695,7.87661834179409,7.704016005454338,7.818290655720657,60804800
1997-02-04,7.856380462646484,7.865903348055753,7.656399869051847,7.799243150190874,56464000
1997-02-05,7.494513988494873,7.88495245549397,7.380239315226844,7.856383787176963,110099200
1997-02-06,7.399285316467285,7.494514213719117,7.313579308940637,7.484991323993934,102122400
1997-02-07,7.646883010864258,7.656405903779406,7.427856473815842,7.4945167242218815,62448000
1997-02-10,7.446897506713867,7.732584111830767,7.437374619876637,7.675446790807387,66804800
1997-02-11,7.50403356552124,7.513556450756673,7.246915664164549,7.484987795050374,88834400
1997-02-12,7.608790397644043,7.618313289255613,7.427855457024222,7.494515698305209,72001600
1997-02-13,7.618312358856201,7.704018372893334,7.57069790661335,7.656403920650482,58292000
1997-02-14,7.456424236297607,7.656404962941604,7.437378452807703,7.570698937237034,57395200
1997-02-18,7.418333053588867,7.456424622541826,7.332627023444708,7.437378838065347,52545600
1997-02-19,7.427854061126709,7.475468510236496,7.351670942551051,7.418331171304752,56383200
1997-02-20,7.256442070007324,7.427854087409072,7.2469191801516715,7.380239638130808,75395200
1997-02-21,7.237393856048584,7.26596251600667,7.16121076282702,7.227870969395888,61131200
1997-02-24,7.627831935882568,7.637354822194532,7.161210506596369,7.180256279220296,68599200
1997-02-25,7.580223560333252,7.695688649113454,7.532609090733169,7.618315136013319,63941600
1997-02-26,7.637355327606201,7.646878214548354,7.494512023473916,7.580218005953287,48849600
1997-02-27,7.323103427886963,7.637358841567418,7.313580536563313,7.637358841567418,56628800
1997-02-28,7.427854061126709,7.494514289880411,7.270726960295482,7.323102273085179,78412000
1997-03-03,7.580223560333252,7.6278380299333355,7.3611970001728695,7.38976568193292,53874400
1997-03-04,7.551650524139404,7.627833631570823,7.513558970423695,7.561173412568332,63920800
1997-03-05,7.684972286224365,7.694495176294035,7.561174715318644,7.5802204954579855,46393600
1997-03-06,7.446897506713867,7.6849696776446175,7.445707145859213,7.675446790807387,57018400
1997-03-07,7.370718002319336,7.5802216147883605,7.3516722193676065,7.494515591505578,46032000
1997-03-10,7.618312358856201,7.627835249304772,7.308819000508774,7.399285878539085,45997600
1997-03-11,7.494513988494873,7.661165134908459,7.494513988494872,7.589742882884896,47577600
1997-03-12,7.523085117340088,7.580222472661658,7.446901976911327,7.446901976911327,43234400
1997-03-13,7.589744567871094,7.627836134083746,7.465946977679971,7.484992760786298,45505600
1997-03-14,7.5421271324157715,7.637356010350313,7.532604244622316,7.599264459176497,61327200
1997-03-17,7.656402111053467,7.675447887449122,7.465944347096913,7.504035899888224,83958400
1997-03-18,7.589744567871094,7.680212618857318,7.532607218552114,7.6659277002963995,59012000
1997-03-19,7.370718002319336,7.484992700029713,7.232636657150466,7.446901134126254,111560000
1997-03-20,7.313579559326172,7.4469000200430555,7.265965109070143,7.361194009582202,81410400
1997-03-21,7.161213397979736,7.399285651901936,7.075507386567745,7.351671201117496,85829600
1997-03-24,6.86600399017334,7.123122031414228,6.675546181846757,7.094553360165241,186269600
1997-03-25,6.8802876472473145,6.961231619734155,6.770773846280417,6.904094287698033,89701600
1997-03-26,7.180258750915527,7.208827419685749,6.904094952803392,6.9136178423934656,81270400
1997-03-27,7.142168045043945,7.3231029688517255,6.93266444905599,7.246919843037923,93919200
1997-03-31,6.985039710998535,7.199304133748112,6.951709018037198,7.094552354024263,93825600
1997-04-01,7.104076385498047,7.142167947886777,6.837435448776941,6.866004120568488,86680800
1997-04-02,7.00884485244751,7.132642383808675,6.932661756225254,7.075505061641983,63331200
1997-04-03,7.246918201446533,7.265963978585683,6.904094212941835,6.93266287865056,92252800
1997-04-04,7.175500869750977,7.370719606256447,7.142170161101209,7.142170161101209,94964000
1997-04-07,7.304058074951172,7.437378561325769,7.2373978317638725,7.285012291183372,76511200
1997-04-08,7.484992980957031,7.484992980957031,7.2754893606249,7.3611953871244085,53339200
1997-04-09,7.46594762802124,7.561176551848042,7.44690184325588,7.551653659465361,73762400
1997-04-10,7.370718002319336,7.446901134126254,7.275489087560688,7.446901134126254,67913600
1997-04-11,7.237393856048584,7.408805815797103,7.232632993953111,7.275485402659366,60033600
1997-04-14,7.418333053588867,7.418333053588867,7.113600501965191,7.21835231658583,59107200
1997-04-15,7.399285316467285,7.542128662345032,7.3040564192154545,7.456422654818384,84440000
1997-04-16,7.484992980957031,7.504038764623588,7.332626711624572,7.3611953871244085,42710400
1997-04-17,7.475470542907715,7.618313929077926,7.427856080850978,7.504039220141757,71720800
1997-04-18,8.199210166931152,8.199210166931152,7.846863156273252,7.9230462937127974,231764000
1997-04-21,8.199210166931152,8.522988501049223,8.084935460771833,8.151595706031436,155695200
1997-04-22,8.427755355834961,8.442040268177466,8.189683170641883,8.199206058049606,82300000
1997-04-23,8.770578384399414,8.8181928164537,8.408708700786843,8.427754473608557,102814400
1997-04-24,8.694400787353516,8.980087560212885,8.589648970638413,8.88485863592643,118163200
1997-04-25,8.656304359436035,8.789624778613268,8.627735698183772,8.646781472351947,58566400
1997-04-28,8.751538276672363,8.765823196766503,8.503943069715366,8.66583224349494,67224000
1997-04-29,9.065789222717285,9.075312110556274,8.87533146593751,8.941991680810432,73953600
1997-04-30,9.256248474121094,9.341954478511104,9.018176239704399,9.037222018457735,90204000
1997-05-01,9.218155860900879,9.389567850049861,9.084835424896113,9.294338967189315,72325600
1997-05-02,9.199113845825195,9.408617473783947,9.06103249044723,9.294342767624629,96192000
1997-05-05,9.156255722045898,9.19910812899359,8.799146905993869,9.113402152636507,111063200
1997-05-06,8.937236785888672,9.122932641514895,8.86581449817366,9.094363958921424,74770400
1997-05-07,8.799149513244629,9.065790407585375,8.770580845993834,8.865809736829815,70532800
1997-05-08,8.865809440612793,8.999129883328775,8.77058055295852,8.780103441723949,53834400
1997-05-09,8.894378662109375,9.027699113147417,8.818195547230495,8.989607555707977,58392000
1997-05-12,8.999133110046387,9.027701786586217,8.913427080426898,8.95151864914667,42976000
1997-05-13,8.970561981201172,9.084836656120933,8.903901754164645,9.018176429084406,49813600
1997-05-14,8.82772159576416,9.03722523665608,8.80867581022853,9.018179451120453,60744800
1997-05-15,8.922947883605957,8.980085223308878,8.827718984101091,8.837241874051578,41861600
1997-05-16,8.794390678405762,8.913426238175886,8.751537086414144,8.865811781775372,59913600
1997-05-19,8.770578384399414,8.922944566973129,8.770578384399414,8.846761475686272,45632000
1997-05-20,9.075313568115234,9.084836457483666,8.780103997693857,8.827718444536016,64876800
1997-05-21,9.17054271697998,9.365762535696073,9.122928268812899,9.189588496246813,76620000
1997-05-22,9.18958854675293,9.265771664238965,9.122928318952649,9.218157215810193,33655200
1997-05-23,9.361000061035156,9.370522950212202,9.208633834202438,9.246725390910617,28904800
1997-05-27,9.646687507629395,9.703824847259973,9.322909249722782,9.351477919538072,69036000
1997-05-28,9.58954906463623,9.694300841906339,9.513365953894334,9.694300841906339,52241600
1997-05-29,9.58954906463623,9.832382730126026,9.522888842737071,9.694300841906339,51111200
1997-05-30,9.44670581817627,9.570503374261241,8.951515593836385,8.951515593836385,83337600
1997-06-02,9.475272178649902,9.560978158155278,9.380043312532818,9.522886611708444,38939200
1997-06-03,9.199113845825195,9.408617473783947,9.189590953645252,9.399094581604004,41995200
1997-06-04,9.08007526397705,9.313385463791944,9.008653015078915,9.189587906502275,54639200
1997-06-05,9.18482494354248,9.256246013651499,9.10387982412637,9.162207506053958,35892000
1997-06-06,9.451467514038086,9.47051329123266,9.218156162173567,9.246724827965428,35964000
1997-06-09,9.532411575317383,9.608594684810429,9.332430912898138,9.513365797944122,48200000
1997-06-10,9.508606910705566,9.680018942684073,9.427661758817928,9.532413556138128,53135200
1997-06-11,9.675257682800293,9.70382635706053,9.413378749979286,9.508607664180076,49056800
1997-06-12,9.675257682800293,9.760963705581005,9.551460094339266,9.656211899960136,44614400
1997-06-13,9.875231742858887,9.90856184035166,9.641921641640247,9.656205387906375,50116000
1997-06-16,10.008560180664062,10.008560180664064,9.818102327559133,9.875239683490612,40612800
1997-06-17,10.222819328308105,10.279956651055985,9.970462819504972,10.018077255128205,53191200
1997-06-18,9.918089866638184,10.170446449898781,9.908566976703822,10.151400670030057,55657600
1997-06-19,9.851426124572754,9.960939319771,9.751435815913485,9.780004475530419,65519200
1997-06-20,9.894281387329102,10.008556052052825,9.789529611332354,9.856189832421192,64240000
1997-06-23,9.756197929382324,10.018077327193954,9.75143648578575,9.894279793683001,35724800
1997-06-24,10.060932159423828,10.065693603891138,9.7800069358526,9.865712936264162,39319200
1997-06-25,9.937138557434082,10.151403643722789,9.88952409381437,10.122834965550961,49576000
1997-06-26,9.770486831665039,9.965706110465364,9.74191815671865,9.913330206396985,37312000
1997-06-27,9.713350296020508,9.903808144962087,9.69430451112635,9.837147897832534,38198400
1997-06-30,9.627639770507812,9.808574642554943,9.613356019735049,9.741914426537578,38286400
1997-07-01,9.518129348754883,9.665733565819558,9.389569749653283,9.632404031306443,59377600
1997-07-02,9.780006408691406,9.789529297112722,9.451467339386992,9.570502863422458,53237600
1997-07-03,9.870473861694336,9.90856541542977,9.78952931000654,9.90856541542977,28764000
1997-07-07,9.865711212158203,10.037123183025818,9.85618832488778,9.95141719759201,39320000
1997-07-08,9.99903392791748,10.00379537264506,9.82286047299703,9.856190586090088,36007200
1997-07-09,9.960944175720215,10.103787543440868,9.865715263906447,10.094264652259492,48266400
1997-07-10,9.894281387329102,9.999033163325848,9.818098277513284,9.941895830963986,43780800
1997-07-11,9.884757041931152,9.984747358829301,9.784766725033005,9.922848591225685,38094400
1997-07-14,10.356143951416016,10.360905396910919,9.941898193359375,9.965705420833894,57424000
1997-07-15,10.54898452758789,10.608502607748058,10.408521858409898,10.518035125904605,75503200
1997-07-16,11.308428764343262,11.38937330707751,10.66563386615954,10.846568726389032,111217600
1997-07-17,11.389378547668457,11.484607465291102,11.160829145374105,11.465561681766573,131668000
1997-07-18,10.703725814819336,11.227484640277577,10.665634263876917,11.046549773301093,158927200
1997-07-21,10.356143951416016,10.741821036503232,10.189493359094378,10.732298145513425,127223200
1997-07-22,10.979889869689941,11.032265753717084,10.418039477398782,10.427562365403718,101384000
1997-07-23,10.775148391723633,11.189394043548626,10.74181828180668,11.065596492428513,95556000
1997-07-24,10.513269424438477,10.694204314895298,10.332334533981655,10.54183809135271,141855200
1997-07-25,10.551362037658691,10.837048735429235,10.456133138401844,10.551362037658691,90308800
1997-07-28,10.43708610534668,10.618020992209441,10.341857217524174,10.608498103427191,56404000
1997-07-29,10.660872459411621,10.67039534682512,10.370424393299915,10.418038830367408,79061600
1997-07-30,10.751338958740234,10.817999164861742,10.637064319674794,10.722770298973874,78324000
1997-07-31,10.770384788513184,10.827522108346145,10.732293241957876,10.817999221707318,42240800
1997-08-01,10.713253021240234,10.803720491197373,10.603739768134222,10.770390370686847,58912800
1997-08-04,10.784673690795898,10.818003808162597,10.622784549300507,10.684683338695804,46312800
1997-08-05,10.917991638183594,10.998936190232927,10.818001309181476,10.83704708613426,59333600
1997-08-06,10.927515983581543,11.017983436168928,10.837048530994158,10.917993093835502,43410400
1997-08-07,10.965607643127441,10.998937757544242,10.818002850710181,10.994176312627557,43947200
1997-08-08,10.66563892364502,10.90371122104781,10.66563892364502,10.87990399130753,66815200
1997-08-11,10.532317161560059,10.684683413445194,10.389473800417743,10.665637631959553,72696000
1997-08-12,10.36090087890625,10.64658748402315,10.346616548650404,10.61801882351146,60887200
1997-08-13,10.365662574768066,10.532313098478165,10.265672260542008,10.522790211409015,66731200
1997-08-14,10.379948616027832,10.418040170582064,10.218059509172353,10.360902838750718,45900800
1997-08-15,10.122833251953125,10.360905529750704,10.11331036084122,10.322813965303093,51078400
1997-08-18,10.199010848999023,10.199010848999023,9.979984472223135,10.13235064737158,69969600
1997-08-19,10.575167655944824,10.589451988663345,10.256150891897862,10.265673780376876,91013600
1997-08-20,10.708488464355469,10.718011353163254,10.437086133333564,10.589452354258142,51433600
1997-08-21,10.503744125366211,10.846568049675534,10.475175465007101,10.789430728957313,64412000
1997-08-22,10.45613956451416,10.475185356070652,10.218067170058008,10.303773232062223,72161600
1997-08-25,10.398995399475098,10.589453190674275,10.332335172555386,10.503747184634646,38856800
1997-08-26,10.284719467163086,10.427562793095907,10.265673690372044,10.360902574327257,34327200
1997-08-27,10.251391410827637,10.308528752643674,10.132355282044221,10.303767307492338,49371200
1997-08-28,10.060932159423828,10.18949116004117,10.056170714956519,10.170445382171934,43641600
1997-08-29,10.070454597473145,10.199013592334504,10.037124487694275,10.060931708964896,37857600
1997-09-02,10.451372146606445,10.47517937245293,10.132355320263562,10.141878210602155,50112800
1997-09-03,10.403757095336914,10.579930556447882,10.375188425967568,10.484701658550062,42872800
1997-09-04,10.527556419372559,10.551363647819805,10.341860037484032,10.36090582024183,44476000
1997-09-05,10.460894584655762,10.641829493266103,10.379950020277452,10.594215043631802,48398400
1997-09-08,10.613260269165039,10.651351826882994,10.494224151296432,10.494224151296432,42416000
1997-09-09,10.627551078796387,10.684688450187764,10.541845021709317,10.608505288332593,39465600
1997-09-10,10.294244766235352,10.59897726625342,10.289483320922571,10.579931485002291,53294400
1997-09-11,10.422800064086914,10.465653056584301,10.122829116605198,10.284718199373108,61779200
1997-09-12,10.508509635925293,10.541839752577525,10.332336162192064,10.427565066912727,48576000
1997-09-15,9.956180572509766,10.456132251186727,9.951419127950938,10.332334692657193,129003200
1997-09-16,10.389469146728516,10.437083579114988,9.979985028204844,10.037122347068612,102538400
1997-09-17,10.14664077758789,10.41804318224416,10.103787766326375,10.408520290852712,61609600
1997-09-18,10.075216293334961,10.294242734494416,10.013317516485548,10.227582513271972,61077600
1997-09-19,10.299005508422852,10.303766953410564,10.056171814049497,10.075217594000348,77435200
1997-09-22,10.156160354614258,10.351379564431033,10.146637466330512,10.284719346444817,43251200
1997-09-23,10.322811126708984,10.322811126708984,10.141876245336778,10.175206355063237,39946400
1997-09-24,10.089502334594727,10.365666154984767,10.065695108699034,10.332336038730796,60040000
1997-09-25,10.113310813903809,10.218062620827483,10.060934910441972,10.122833705442325,39272000
1997-09-26,10.160927772521973,10.189496454169177,10.027607258168358,10.179973560286776,36652000
1997-09-29,10.24662971496582,10.26567549510516,10.122832144060098,10.170446594408453,27505600
1997-09-30,10.079981803894043,10.341861350050952,10.075220357600282,10.24187097788195,43892800
1997-10-01,10.199010848999023,10.246625278732914,10.008553130063468,10.094259103584468,61466400
1997-10-02,10.14664077758789,10.256154028589544,10.113310657717824,10.189493788849408,28831200
1997-10-03,10.279959678649902,10.379950022907266,10.160923554533992,10.279959678649902,60284800
1997-10-06,10.294244766235352,10.379950781865434,10.227584531856401,10.35138210998874,41776800
1997-10-07,10.403757095336914,10.489463103444953,10.256152303595293,10.284720972964639,54548800
1997-10-08,10.589455604553223,10.59421705041858,10.379951986477531,10.40852066166967,71196800
1997-10-09,10.584687232971191,10.637063103219813,10.522788477222822,10.55135713372207,34672800
1997-10-10,10.398995399475098,10.570407411554358,10.37994962035518,10.537077298094502,24893600
1997-10-13,10.418041229248047,10.503747235704385,10.403756894838658,10.437087008460567,19051200
1997-10-14,10.413281440734863,10.465657341899968,10.313291083965119,10.446611559658113,33361600
1997-10-15,10.34185791015625,10.360903688996316,10.275197684216016,10.34185791015625,45003200
1997-10-16,10.201395988464355,10.408518847506688,10.075217695024772,10.370427287223041,47327200
1997-10-17,10.075216293334961,10.256151179510162,9.932372962144012,10.141876514557403,87720000
1997-10-20,10.103788375854492,10.303769107139077,9.713349805251255,10.13235705175229,154052800
1997-10-21,10.551362037658691,10.60730901597209,10.308528344553732,10.370427129070682,115682400
1997-10-22,10.337099075317383,10.551364141364957,10.313291845756542,10.541841249540619,55775200
1997-10-23,10.332334518432617,10.456132074874667,10.056170738677276,10.056170738677276,66413600
1997-10-24,10.313286781311035,10.45613008853141,10.151397699794611,10.427561427087335,70030400
1997-10-27,9.818100929260254,10.379951515900753,9.79905514666227,10.275199711611847,96795200
1997-10-28,10.160927772521973,10.284725392993188,9.408619155812286,10.075221727580363,160057600
1997-10-29,9.970465660095215,10.28948246965891,9.913328321068882,10.189492126362827,85532800
1997-10-30,9.799051284790039,10.0085548108011,9.789528397244082,9.865711497611741,72097600
1997-10-31,9.90380573272705,10.018080414258517,9.875237062344183,9.979988853748027,46808800
1997-11-03,10.218057632446289,10.2275805193358,10.003792677432271,10.027599894656051,67714400
1997-11-04,10.227584838867188,10.279960738880009,10.146640266120102,10.208539057044344,49134400
1997-11-05,10.175209045410156,10.256153619004902,10.09426447181541,10.246630727993756,42512800
1997-11-06,10.060932159423828,10.170445382171934,10.037124937087285,10.151399604302698,40266400
1997-11-07,10.022836685180664,10.056166783421169,9.894277734824426,9.908562062641787,63628800
1997-11-10,9.918089866638184,10.094263330423884,9.884759751867916,10.027603100883349,36764800
1997-11-11,9.951417922973633,10.013316694743326,9.856189043327953,9.93713359102678,37013600
1997-11-12,9.841907501220703,9.979989415848378,9.827623165224738,9.913329181200535,45784000
1997-11-13,10.022836685180664,10.02759812778645,9.841901866160775,9.908562062641787,60094400
1997-11-14,10.156160354614258,10.19901335189111,10.008555586216206,10.027601362783697,46663200
1997-11-17,10.275197982788086,10.346619655513674,10.165684751275515,10.24662931369785,60094400
1997-11-18,10.208536148071289,10.322810806445222,10.189490371675634,10.279957809554997,36683200
1997-11-19,10.289480209350586,10.294241653223493,10.160921224782115,10.17996700027374,31720800
1997-11-20,10.427565574645996,10.446611356517495,10.275199319674,10.30376799248125,53680800
1997-11-21,10.503744125366211,10.513267012152582,10.389469483929771,10.498982681973025,68220800
1997-11-24,10.322811126708984,10.522791785067737,10.322811126708984,10.446608677121546,39084000
1997-11-25,10.589455604553223,10.60850138801465,10.341860419554678,10.35138331128539,56463200
1997-11-26,10.784673690795898,10.808480917486397,10.532317087876612,10.58945443193381,63053600
1997-11-28,10.779911994934082,10.837049337663414,10.751343323569415,10.760866214024304,17392800
1997-12-01,10.956088066101074,10.970372405170306,10.789437443626698,10.813244675408752,49006400
1997-12-02,10.837051391601562,11.037032129056426,10.818005607082053,10.937041760328995,50167200
1997-12-03,11.022744178771973,11.051312846189957,10.741818949161802,10.794194839428105,57712000
1997-12-04,10.860854148864746,11.113210689807241,10.837046928021115,11.027504694770167,62630400
1997-12-05,10.903709411621094,11.027506985726836,10.827526289094484,10.827526289094484,48136000
1997-12-08,11.13226318359375,11.17035475992769,10.903713725590116,10.93228240784057,49952800
1997-12-09,10.994179725646973,11.07512431435897,10.93228092251427,11.04655563599003,51782400
1997-12-10,10.837051391601562,10.913234529679606,10.74182246900401,10.837051391601564,66434400
1997-12-11,10.594219207763672,10.74182405964712,10.579934867258823,10.694209591297621,70189600
1997-12-12,10.418041229248047,10.551361683735683,10.360903891610489,10.494224346098125,54308000
1997-12-15,10.370427131652832,10.437087361149224,10.132354883451436,10.394234356472973,84305600
1997-12-16,10.594219207763672,10.694209591297621,10.284725163491924,10.351385419181224,65401600
1997-12-17,10.332334518432617,10.694204298801687,10.322811629475536,10.656112742973363,51472000
1997-12-18,9.970465660095215,10.265675245064605,9.932374100744326,10.24662946538916,98774400
1997-12-19,9.803818702697754,9.918093422884615,9.618122282394106,9.808580149372206,138065600
1997-12-22,9.675257682800293,9.90380707688219,9.589551660019582,9.837146836941637,59063200
1997-12-23,9.394335746765137,9.77048948792466,9.37052792993944,9.680022573897437,67195200
1997-12-24,9.061027526855469,9.437180980676779,8.989605293399473,9.42765809371343,88411200
1997-12-26,9.199113845825195,9.199113845825195,9.046747570946103,9.056270463126047,32388800
1997-12-29,9.622878074645996,9.656207598538249,9.30386077295056,9.322906547306653,67815200
1997-12-30,9.922850608825684,9.979987944385142,9.61811815250858,9.632403067629479,77864800
1997-12-31,9.846670150756836,10.018082203671364,9.827624367099666,9.979990636357025,46147200
1998-01-02,9.989510536193848,10.018079203122905,9.865712979501264,9.875235868477617,39748000
1998-01-05,9.932376861572266,10.179972066175218,9.741919011877687,9.999037108965368,80377600
1998-01-06,9.989510536193848,10.132353870839136,9.84666720154856,9.88475875745397,67834400
1998-01-07,9.870473861694336,9.994271411334497,9.713346202535671,9.894281082778983,61492800
1998-01-08,9.941895484924316,10.065693034066095,9.713346163431805,9.799052158991497,77619200
1998-01-09,9.675257682800293,10.01808177392314,9.589551660019582,9.90856852259223,87534400
1998-01-12,9.865711212158203,9.903802761239895,9.47527283407086,9.494318608611707,78393600
1998-01-13,10.065696716308594,10.075219608187789,9.76096417617437,9.86571598684551,66945600
1998-01-14,9.989510536193848,10.094262314933726,9.84666720154856,10.065693648004668,54774400
1998-01-15,10.079981803894043,10.132357713125424,9.894285398437328,9.932376968787423,50622400
1998-01-16,10.303762435913086,10.313285321713376,10.079974619606286,10.084736062506432,72943200
1998-01-20,10.498987197875977,10.513271534199617,10.208539025961947,10.218061916844375,64956000
1998-01-21,10.43708610534668,10.546599326342562,10.332334328741924,10.456131882911182,85567200
1998-01-22,10.56088638305664,10.656115295437674,10.3085297652469,10.327575547723107,159139200
1998-01-23,10.532317161560059,10.622784623616859,10.414471388617649,10.570408724531342,63312000
1998-01-26,10.798957824707031,10.808480715205008,10.54779158782286,10.65611446723736,74277600
1998-01-27,11.06083869934082,11.113214603642477,10.784674840295722,10.84657363628859,97540800
1998-01-28,11.351285934448242,11.389377497986658,11.084644989679322,11.141782334986948,79387200
1998-01-29,11.294142723083496,11.43698601216128,11.237005407452381,11.34651859574535,73571200
1998-01-30,11.365570068359375,11.427468858006913,11.246533934421803,11.32271706014185,50071200
1998-02-02,11.798860549926758,11.817906329668366,11.4655594044486,11.560788303156645,98397600
1998-02-03,11.875039100646973,11.894084873061802,11.717911478224618,11.81790178340248,61374400
1998-02-04,11.946464538574219,12.03693198625573,11.813144089359362,11.875042869351974,61940800
1998-02-05,11.841710090637207,12.094066598399078,11.789334211667763,12.04645216297231,67014400
1998-02-06,12.046452522277832,12.055975409647221,11.817903225412483,11.836949000151261,50070400
1998-02-09,11.975032806396484,12.103591806703722,11.855996695000892,12.094068917792075,54681600
1998-02-10,12.132158279418945,12.151204053797938,11.941700535629009,11.979792084386995,48099200
1998-02-11,12.108356475830078,12.19406249885994,11.96551310411364,12.141686595897246,76460000
1998-02-12,12.094069480895996,12.10835381492855,11.917896027827826,12.041693589443296,76658400
1998-02-13,11.99884033203125,12.094069223555309,11.989317442878844,12.084546334402901,42203200
1998-02-17,11.760769844055176,12.07502523260078,11.722678281807225,12.07502523260078,85673600
1998-02-18,11.779814720153809,11.884566508287755,11.713154491341298,11.779814720153809,76608800
1998-02-19,11.798860549926758,11.8893280036994,11.751246100572734,11.84647499928078,73773600
1998-02-20,11.817900657653809,11.865515084155232,11.646488722248677,11.846469313554662,86092000
1998-02-23,12.436894416809082,12.446417306867895,12.094070374691833,12.332142626162145,120803600
1998-02-24,12.513078689575195,12.941608781683936,12.474987125832197,12.703536508290192,118302000
1998-02-25,12.941603660583496,12.95112654775096,12.655917045559578,12.71305436856436,94944400
1998-02-26,13.027314186096191,13.055882857556929,12.86542504781868,13.027314186096191,61388000
1998-02-27,12.913037300109863,13.10349507739762,12.8844686335167,13.036834855346905,47532400
1998-03-02,12.694003105163574,13.084441310198612,12.655911572965033,13.084441310198612,50093600
1998-03-03,12.87494945526123,12.884472346870151,12.579739815384679,12.5892627069936,50753600
1998-03-04,12.541641235351562,12.770190506155235,12.427366599949725,12.560687007918535,71513600
1998-03-05,12.198821067810059,12.408324630254883,12.075023508183572,12.075023508183572,92255600
1998-03-06,12.608302116394043,12.608302116394043,12.227386644599662,12.23690953139452,51404800
1998-03-09,12.127401351928711,12.570215771139301,12.113117015825145,12.570215771139301,52256000
1998-03-10,12.417848587036133,12.417848587036133,12.1797763365178,12.370234136932465,47406400
1998-03-11,12.29405403137207,12.494034770844427,12.151210646034672,12.494034770844427,39838800
1998-03-12,12.474981307983398,12.589255945919124,12.313092237574454,12.570210172929835,47962000
1998-03-13,12.551168441772461,12.646397337385302,12.427370877475767,12.560691331333745,32542400
1998-03-16,12.494034767150879,12.608309475387015,12.398805843620766,12.560695013621958,27979600
1998-03-17,12.246434211730957,12.446414863711011,12.141682441646166,12.446414863711011,53842400
1998-03-18,12.455937385559082,12.465460273468532,12.170250748275617,12.198819412003964,33887600
1998-03-19,12.494034767150879,12.541649228915935,12.379760058914743,12.417851628326789,30299200
1998-03-20,12.46545696258545,12.646391784807852,12.265476369602796,12.51307138948608,56310000
1998-03-23,12.779718399047852,12.893993079218175,12.351188348409138,12.370234128437525,55050000
1998-03-24,12.941603660583496,12.960649434918423,12.71305436856436,12.827329014573928,32281600
1998-03-25,13.532021522521973,13.855799658880695,13.293949363434674,13.789139454336253,124244800
1998-03-26,13.446324348449707,13.646305093008802,13.33204963727308,13.484415918841915,45441200
1998-03-27,13.379663467407227,13.617735771097747,13.341571898816744,13.617735771097747,38924000
1998-03-30,13.398700714111328,13.503452460987821,13.274903195075474,13.417746486270692,27463200
1998-03-31,13.636777877807617,13.674869436125515,13.484411644536024,13.503457423694973,38177200
1998-04-01,13.770103454589844,13.808195027078336,13.484416660926154,13.684397416490736,36835600
1998-04-02,13.912941932678223,14.008170830232489,13.693915468303413,13.817713035123958,41414800
1998-04-03,14.170058250427246,14.179581139036404,13.941508923807453,14.017692032680717,40987600
1998-04-06,13.703438758850098,14.11292303030983,13.570118298374837,14.11292303030983,74232000
1998-04-07,13.293952941894531,13.808188943944893,13.217769830479662,13.608208276480863,62630800
1998-04-08,13.55107593536377,13.560598827799023,13.19872891525944,13.217774700129945,36793200
1998-04-09,13.560600280761719,13.655829215317631,13.332050837827534,13.398711092016672,33619200
1998-04-13,13.50345230102539,13.560589616826626,13.21776572201921,13.532020958926008,33156400
1998-04-14,13.474884986877441,13.646296951374824,13.332041683129624,13.512976534543526,28476800
1998-04-15,13.922469139099121,13.92246913909912,13.541553430779034,13.598690787027047,40498400
1998-04-16,13.970077514648438,14.027214845996694,13.741528189255417,13.770096854929545,39695600
1998-04-17,14.036735534667969,14.055781308799133,13.76057180976609,13.941506664012149,37402800
1998-04-20,14.417654037475586,14.474791371838105,14.046261364119214,14.074830031300474,45535200
1998-04-21,14.455742835998535,14.474788610486018,14.189101993173793,14.427174174267313,51938400
1998-04-22,15.065205574035645,15.103297117838515,14.570015504598317,14.627152820302623,80154000
1998-04-23,14.398611068725586,14.836664050975175,14.343854445944388,14.817618269138237,64215200
1998-04-24,14.036735534667969,14.436696791422415,13.998643986405641,14.246239050110773,51436000
1998-04-27,13.760575294494629,13.793905407664685,13.484411499657021,13.636777731291563,58752000
1998-04-28,13.693913459777832,14.055783217407567,13.56297374484602,14.036737440690212,56668000
1998-04-29,13.789143562316895,13.941509789524815,13.655823113509962,13.722483337913427,50061600
1998-04-30,13.73200798034668,13.960557350338581,13.665347747432376,13.941511569505922,54473600
1998-05-01,13.65582275390625,13.789143199202405,13.42727341911284,13.741528754453778,35996000
1998-05-04,13.417749404907227,13.693913161289277,13.398703628605016,13.58916139162712,37899600
1998-05-05,13.370139122009277,13.646302964273001,13.255864428658771,13.351093339784194,50828000
1998-05-06,13.160630226135254,13.33204219724266,13.103492902432787,13.33204219724266,48110800
1998-05-07,12.703531265258789,13.141584067509092,12.674962604242463,13.13206118050365,78022000
1998-05-08,13.065406799316406,13.122544146835283,12.47498754162135,12.47498754162135,96274800
1998-05-11,12.836860656738281,13.132070360268612,12.808291975751475,13.122547466606344,51474400
1998-05-12,13.055878639221191,13.065401526631272,12.684486030228028,12.684486030228028,64147200
1998-05-13,13.246337890625,13.522501656856578,13.179677671189792,13.512978768365834,80680400
1998-05-14,13.55107593536377,13.86533138572709,13.074931313601164,13.084454206036416,94774400
1998-05-15,13.627249717712402,13.7415243484689,13.522497972852278,13.732001462572525,48150800
1998-05-18,13.113017082214355,13.179677299771,12.874944876654908,12.874944876654908,80395600
1998-05-19,13.179675102233887,13.246335308675821,13.036831802715456,13.074923349253703,52234400
1998-05-20,13.065406799316406,13.236818841873035,13.00826945179753,13.122544146835283,35698800
1998-05-21,13.160630226135254,13.312996422675171,13.027309804162828,13.074924240581552,36680000
1998-05-22,13.036832809448242,13.217767669477107,13.01778703470836,13.198721894737226,36129200
1998-05-26,12.74162483215332,13.13206326124023,12.72257905512469,12.998742822039821,44473600
1998-05-27,13.103498458862305,13.122544241505999,12.627353892769923,12.627353892769923,58574400
1998-05-28,13.15111255645752,13.160635447519402,12.960654735219903,13.065406536900593,30746800
1998-05-29,12.922561645507812,13.179679673826685,12.913038755570076,13.160633893951214,34091200
1998-06-01,12.760666847229004,12.891606525698704,12.66543799016013,12.779712618642778,42436800
1998-06-02,13.027314186096191,13.093974419504578,12.77971903343647,12.808287704897205,38570800
1998-06-03,12.846376419067383,13.170154623847434,12.81780775393973,13.084448628464479,36010800
1998-06-04,13.113017082214355,13.122539970436733,12.741624441541617,12.903513541322042,33717600
1998-06-05,13.141582489013672,13.179674032460087,12.913033228335172,13.084445173844045,34431600
1998-06-08,13.055878639221191,13.151107513322001,12.951126877710298,13.04635575181111,18886400
1998-06-09,13.265385627746582,13.341568746929621,12.989221820708067,12.998744710605948,35690400
1998-06-10,13.103498458862305,13.465368329092513,13.084452676218609,13.19872737208078,33290400
1998-06-11,12.998747825622559,13.274911698840913,12.97017914908273,13.170159884861539,41271200
1998-06-12,13.065406799316406,13.122544146835283,12.798765844228317,12.932086321772362,41323600
1998-06-15,13.093976020812988,13.303479637145998,12.88447240447998,12.903518187782982,42846000
1998-06-16,13.693913459777832,13.70343634813651,13.027311274670428,13.151108823333232,61138400
1998-06-17,13.874855995178223,14.074836761066173,13.674875229290274,13.703443910131409,76147600
1998-06-18,13.893893241882324,13.979599231722586,13.770095701001948,13.83675591532215,39228400
1998-06-19,14.427178382873535,14.436701272895233,14.09387723211408,14.151014572244272,91226800
1998-06-22,14.59858512878418,14.617630901946326,14.274806985027714,14.436696056905948,48969600
1998-06-23,15.3508939743042,15.369939748465866,14.512879911190817,14.598585894918322,124675200
1998-06-24,15.988924026489258,16.017492681688466,15.227093221177084,15.493734003036344,105724800
1998-06-25,15.474687576293945,16.2841327725924,15.446118922306942,16.131766617995044,88969600
1998-06-26,15.912757873535156,15.941326559124985,15.541364960867368,15.579456541653808,55680400
1998-06-29,16.369844436645508,16.40793598856324,16.03654335736535,16.07463490928308,65906000
1998-06-30,16.512693405151367,16.5412620788627,15.941319930924676,16.03654884329579,77010000
1998-07-01,16.66505241394043,16.77932705906459,16.33175136566162,16.626960865565707,53470400
1998-07-02,16.341278076171875,16.62696475582523,16.32223229752832,16.579350309216338,27321200
1998-07-06,16.426982879638672,16.46507443414218,16.055590223229448,16.284139550250508,35307600
1998-07-07,16.44603729248047,16.54126622874266,16.22701073907743,16.42699150522803,32422800
1998-07-08,16.741235733032227,16.779327281912845,16.265091372024482,16.47459489086789,41553600
1998-07-09,16.91264533996582,17.065011514199746,16.722187622173415,16.760279165731895,43690000
1998-07-10,17.245946884155273,17.255469770341996,16.741233916258956,16.931691639993417,45396800
1998-07-13,17.912555694580078,18.017307482267682,17.31261363782381,17.388796756142064,69223200
1998-07-14,17.750659942626953,18.093483847098287,17.598293762861914,18.017300757215768,56972400
1998-07-15,17.883981704711914,17.97921057427907,17.617340869923876,17.67447819166417,48690000
1998-07-16,17.883981704711914,18.11253099167309,17.769707061231326,17.988733461235785,65125200
1998-07-17,17.96969223022461,18.226810243057713,17.66495977057056,17.903032004675286,83108400
1998-07-20,17.826839447021484,18.20775481982109,17.798270794061516,18.007774249101296,45794800
1998-07-21,17.188806533813477,18.131572099933994,17.141192111282137,17.807794026720888,74605200
1998-07-22,17.78875732421875,17.86494043909763,17.04597195414966,17.06501773286938,71654400
1998-07-23,17.21738624572754,17.903034370557396,17.21738624572754,17.722099448727295,51029600
1998-07-24,17.34117889404297,17.617342643591154,17.14119824781842,17.331656006127513,60366400
1998-07-27,17.78875732421875,17.78875732421875,16.865037056312318,17.23642974134686,58998000
1998-07-28,17.103111267089844,17.807805161168158,17.065019705247774,17.67448469472091,78378400
1998-07-29,16.86504364013672,17.407848545550493,16.76981470936237,17.255482256311538,59738000
1998-07-30,17.28404998779297,17.312618665458743,16.87456560791688,17.05550056646678,72746400
1998-07-31,16.750762939453125,17.29594837338359,16.750762939453125,17.20786164388391,53705200
1998-08-03,16.522220611572266,16.893613466817982,16.36033141826003,16.626972442539007,73566400
1998-08-04,15.922270774841309,16.70314769083233,15.874656328744296,16.550781463321886,91412000
1998-08-05,15.893702507019043,16.18891208024708,15.465172481365444,15.865133838642137,120208800
1998-08-06,16.284133911132812,16.29365679646096,15.788943874069126,15.80798964472542,68308000
1998-08-07,16.13177490234375,16.379370030715023,16.007977338158113,16.369847141162282,54972400
1998-08-10,15.912757873535156,16.19844472943345,15.912757873535154,16.122261567860573,46763200
1998-08-11,15.760377883911133,15.90322118799492,15.541351484315994,15.674671901460862,60976400
1998-08-12,16.007972717285156,16.02701849089287,15.693717452757845,15.893698075638861,53760000
1998-08-13,15.836570739746094,16.15082620241093,15.808002061322018,15.865139418170168,51193200
1998-08-14,15.884174346923828,16.007971868812323,15.769899711334448,15.950834551017634,29566400
1998-08-17,16.350801467895508,16.360324357509892,15.693722084503085,15.76990520141815,54073200
1998-08-18,16.95075035095215,17.036456392052468,16.360330956705504,16.43651410435023,70591200
1998-08-19,16.845991134643555,17.17929225941039,16.798376688248293,17.103109145177967,55709600
1998-08-20,17.150728225708008,17.179296901264433,16.71267520050947,16.779335443474462,49970400
1998-08-21,16.855510711669922,17.045968459824383,16.569824089438228,16.93169381093171,59523600
1998-08-24,16.817424774169922,17.065019929395525,16.76028743065632,16.80790188358432,26319200
1998-08-25,17.188806533813477,17.322126916901226,16.931688652144246,16.969780190169317,58026800
1998-08-26,17.150728225708008,17.331663170898707,16.89361014570017,16.950747496813023,44804400
1998-08-27,16.646005630493164,17.17928727540599,16.53173099229756,16.845986247335475,74874000
1998-08-28,16.036548614501953,16.703150991589325,15.960365485691968,16.493647387361868,72730000
1998-08-31,14.617631912231445,16.22699985566279,14.58906325051373,15.979404787442583,132690400
1998-09-01,15.427082061767578,15.503265183060257,14.398609924316407,14.512884606255426,140112400
1998-09-02,15.322334289550781,15.884184956476508,15.27471982625199,15.512792142745942,63438400
1998-09-03,15.122358322143555,15.350907818196102,14.989037782779569,15.046175156792705,67506800
1998-09-04,14.72238540649414,15.2747129314467,14.64620229960413,15.189006936195442,50890400
1998-09-08,15.536598205566406,15.550882543481425,15.093783730200892,15.236627109351058,60625600
1998-09-09,15.57944107055664,15.912742071454856,15.48421221315715,15.57944107055664,65480800
1998-09-10,15.3508939743042,15.4080312967892,15.036638700636681,15.236619329334191,60758000
1998-09-11,15.884174346923828,15.941311664718517,15.255663851182238,15.408030031968078,58989200
1998-09-14,16.15082359313965,16.31271274472183,15.979411550287931,15.98893444155747,45086800
1998-09-15,16.503171920776367,16.522217704874205,16.017504426281505,16.13177913086853,49367600
1998-09-16,16.484121322631836,16.53173576897104,16.1698659767931,16.436506876292633,42886800
1998-09-17,15.988924026489258,16.22699615314931,15.969878256356454,16.04606133688767,45178400
1998-09-18,16.05559730529785,16.188917804867348,15.893708127249177,16.112734662256205,47361600
1998-09-21,16.436506271362305,16.465074938114384,15.598492046634679,15.617537824469396,45872000
1998-09-22,16.636491775512695,16.741243584059138,16.265098999757114,16.52221707528021,43082000
1998-09-23,17.31260871887207,17.350700267208424,16.53173197797685,16.703143945490435,65263600
1998-09-24,16.779333114624023,17.464981232815244,16.607921085076217,17.236431860084835,63521600
1998-09-25,17.226903915405273,17.236426803141814,16.55077888611076,16.6269619880031,47878400
1998-09-28,16.96026611328125,17.426887696409146,16.722193876991508,17.217384128474173,41405200
1998-09-29,17.19833755493164,17.36974955714026,16.969788218653477,17.03644844173461,48743200
1998-09-30,16.769805908203125,17.3030876406616,16.765044464163317,17.11262987906929,38875600
1998-10-01,15.855618476867676,16.68411025313644,15.846095582887575,16.46508369159412,65442400
1998-10-02,15.865134239196777,16.027023364086542,15.388989754226886,15.750859562804004,65889600
1998-10-05,15.417560577392578,15.674678635199621,14.703343750150799,15.617541289020277,114937600
1998-10-06,14.874751091003418,15.788948341154718,14.836659538913782,15.61753635675135,76550000
1998-10-07,14.341468811035156,15.198528700140843,14.227194159154399,14.836658969185109,90710400
1998-10-08,13.893893241882324,13.998645007242644,13.370134415080729,13.798664364282034,144719200
1998-10-09,14.760479927062988,14.779525707614038,14.055786046674175,14.198629400807043,72661600
1998-10-12,15.198531150817871,15.388988934662708,15.008073366973036,15.122348037279938,51502800
1998-10-13,14.693817138671875,15.198530235463586,14.589065363866048,15.16043868098874,47995600
1998-10-14,15.265192031860352,15.446126934296625,14.608112649328621,14.608112649328621,62403200
1998-10-15,16.065109252929688,16.093677911944972,15.179480823455792,15.255663914163224,66253600
1998-10-16,16.007972717285156,16.22699911377389,15.846083641619572,16.150816019343026,68620000
1998-10-19,15.68420124053955,15.874659057668143,15.408037405703093,15.865136166811714,60177600
1998-10-20,15.274710655212402,15.750855002320023,15.17948178579088,15.731809228435717,94368400
1998-10-21,16.217483520507812,16.284143758114126,15.703247401830524,15.979411243342401,125377200
1998-10-22,16.760278701782227,16.77932447303425,16.036539394205267,16.15081402171742,81910800
1998-10-23,16.207956314086914,16.760283850054623,16.179387648433412,16.607917633235946,59882000
1998-10-26,16.312707901000977,16.455551227629705,16.10320435527884,16.274616347233316,59678400
1998-10-27,16.065109252929688,16.436501820128417,15.998449048560685,16.41745604745156,65434800
1998-10-28,16.103206634521484,16.246049981368216,15.979409067254318,15.979409067254318,56808400
1998-10-29,16.246049880981445,16.37937033721459,16.06511497609361,16.06511497609361,52402800
1998-10-30,16.13177490234375,16.484121815795177,16.017500227710855,16.341278472504058,59322800
1998-11-02,16.122251510620117,16.284140627974246,15.998453950290488,16.207957513925244,48388400
1998-11-03,16.027021408081055,16.236524955899107,15.960361188320766,16.074635850766978,36546800
1998-11-04,16.074636459350586,16.35080023738445,15.97940757037339,16.122250903839184,67459600
1998-11-05,16.207956314086914,16.398414085110264,16.036544320165902,16.04606720871707,76727200
1998-11-06,16.655532836914062,16.722193059817663,16.141296831657712,16.160342609630167,74461200
1998-11-09,16.86504364013672,16.9697954639885,16.57935684781368,16.63649420627829,68956800
1998-11-10,17.07453727722168,17.284040802095564,16.769804877405118,16.779327764899385,72075600
1998-11-11,16.92217445373535,17.484024928001183,16.893605785552342,17.284044250720125,63899200
1998-11-12,16.569826126098633,16.931695892070902,16.531734571785766,16.798375451975858,38526800
1998-11-13,16.760278701782227,16.836461786790327,16.512683675505897,16.52220656113191,28368800
1998-11-16,16.57935333251953,17.02692921226015,16.379372620294998,16.96026897485197,42620400
1998-11-17,17.04597282409668,17.122155942863593,16.59839700134107,16.607919891186935,58744000
1998-11-18,16.722196578979492,16.922177289775945,16.626967669076418,16.69362790600857,41691200
1998-11-19,17.026918411254883,17.141193031464645,16.617434355503228,16.617434355503228,45220800
1998-11-20,17.31260871887207,17.331654493040247,16.950739009676724,17.17928829969484,48405200
1998-11-23,18.16014862060547,18.312514838712282,17.141199537016174,17.141199537016174,110870400
1998-11-24,18.541067123413086,19.05530319155089,18.07444550602878,18.083968396179483,101114800
1998-11-25,18.931499481201172,18.95054525532713,18.398217805674378,18.69342730462671,41394000
1998-11-27,19.51239585876465,19.521918745957798,18.94102262717564,19.06482016068659,26335600
1998-11-30,18.58867645263672,19.84807832807791,18.579153565109753,19.712377180818653,70900000
1998-12-01,19.731422424316406,19.769513973398098,18.30298933375296,18.322035108293807,86330800
1998-12-02,19.312419891357422,19.769518587010854,19.121962101501826,19.683812581575836,65759600
1998-12-03,18.60772132873535,19.645716019028164,18.58867555460154,19.331460745820248,51426800
1998-12-04,19.40765380859375,19.40765380859375,18.893417642909714,19.03626102226639,44352000
1998-12-07,20.350418090820312,20.378986763853753,19.312422970605333,19.45526633577253,89809200
1998-12-08,19.988534927368164,20.455156276315776,19.769508579902958,20.24565281352297,77585200
1998-12-09,20.359939575195312,20.38850824625499,19.80761193470826,20.13139020671791,44781600
1998-12-10,20.045673370361328,20.512294745728408,20.017104714726607,20.283745500650653,57015600
1998-12-11,20.417072296142578,20.521824066318683,19.921882109855538,19.95997366264685,51728800
1998-12-14,19.49335289001465,20.37898152644423,19.455261335759612,20.22661530942409,64077600
1998-12-15,20.093299865722656,20.1123456475859,19.693338446594527,19.702861337526148,51719600
1998-12-16,20.37898826599121,20.58849188367897,19.67429427922329,20.18853043172961,60024000
1998-12-17,20.474206924438477,20.55039001997127,20.1504287684241,20.445638263613677,46963600
1998-12-18,20.997974395751953,21.064634631928943,20.43612383368875,20.56944430604273,59648000
1998-12-21,21.397924423217773,21.664565225999304,20.988440333231853,21.12176073462262,48112000
1998-12-22,21.09320068359375,21.40745604366535,20.93131155870838,21.40745604366535,41350000
1998-12-23,21.874086380004883,21.91217795402318,21.236052515198473,21.388418811271645,34940000
1998-12-24,21.597915649414062,21.94073970734127,21.55982408742215,21.8836023643534,13832400
1998-12-28,21.693145751953125,21.88360357242681,21.55982527762154,21.788374662189966,23636400
1998-12-29,21.407451629638672,21.721706924913615,21.274131201340207,21.721706924913615,29651600
1998-12-30,21.178911209106445,21.843132907323703,21.15986542564502,21.464597961027845,34942800
1998-12-31,21.131290435791016,21.33127110237579,21.026538658056136,21.20747354687093,23834400
1999-01-04,21.483631134033203,22.13118739161931,21.236036094367925,21.27174691739657,69305200
1999-01-05,22.321657180786133,22.550206571715684,21.5503029863989,21.61696322542002,64281600
1999-01-06,23.04540252685547,23.08349410128002,22.359754187213486,22.778761505883587,69064800
1999-01-07,22.931121826171875,22.950167608419527,22.588297745714158,22.81684713268597,51150400
1999-01-08,22.835886001586914,23.235847307703118,22.397833142507267,23.188232866498808,50244800
1999-01-11,22.474023818969727,22.99778284864911,21.978833463636498,22.98825995720039,46463200
1999-01-12,21.664573669433594,22.56924817431104,21.483638768458103,22.56924817431104,57907200
1999-01-13,21.91217613220215,22.5121183731099,20.721814543099466,20.721814543099466,75346000
1999-01-14,21.597915649414062,22.17881196979072,21.55982408742215,22.131197517300826,59214000
1999-01-15,22.81684684753418,22.854938411553434,21.54077945288911,21.77885172800946,59344000
1999-01-19,23.71200180053711,24.13100906126949,22.988261986544813,23.06444512485979,102741600
1999-01-20,24.7785587310791,25.559435678023178,24.757132229486125,25.43563811326375,125481200
1999-01-21,24.121471405029297,24.883302321887705,24.035765426882726,24.64523016036945,80077200
1999-01-22,23.807226181030273,24.414310448646543,23.654859933471677,23.71199727630615,82160000
1999-01-25,24.664283752441406,24.883310210474672,24.245276615334294,24.635715084002285,103076400
1999-01-26,26.140323638916016,26.168892298630677,25.064237456330403,25.216603641475267,120203200
1999-01-27,25.692752838134766,26.578381457091968,25.673707061382995,26.283171917439567,98048000
1999-01-28,26.511728286743164,26.52125117765076,25.87369459593433,26.168904214069762,78838400
1999-01-29,26.66408920288086,26.683134980882915,26.03557852881295,26.625997646876744,79571600
1999-02-01,26.349838256835938,26.806937005057158,26.026059976845904,26.73075388035362,81729200
1999-02-02,25.540382385253906,26.292690442090244,25.33087887575518,26.28316755529485,91965600
1999-02-03,25.416601181030273,25.88322293369812,25.29280357317962,25.34994093064915,73749200
1999-02-04,24.235754013061523,25.65466456235275,24.20718534428385,25.616573003982516,89151600
1999-02-05,24.37858772277832,24.62618275433779,23.59771108478308,24.416679266095162,127945200
1999-02-08,25.178518295288086,25.226132739870703,24.626190738129726,24.769034071877577,109866800
1999-02-09,24.388118743896484,25.407067867518865,24.340504298867398,25.13090408635018,77293600
1999-02-10,24.473825454711914,25.04519881163126,24.169092997688267,24.359550783328046,73694000
1999-02-11,24.797607421875,24.969019454745105,24.43573757470478,24.797607421875,60366000
1999-02-12,24.0357723236084,24.94044679696133,23.940543431676513,24.63571434277929,62930400
1999-02-16,23.807226181030273,24.359553828430172,23.550108138275146,24.34050804748535,73666800
1999-02-17,22.854934692382812,23.48344539642334,22.626385345458985,23.30251049677531,101215600
1999-02-18,22.207368850708008,23.064428540486617,21.938347336971944,22.997768342392725,117035200
1999-02-19,22.512115478515625,22.740664874236597,22.207382950887666,22.464501021073758,73085600
1999-02-22,22.67401123046875,22.702579913245483,22.05502310363949,22.588305182138544,92514400
1999-02-23,23.683420181274414,23.711988842530477,22.931112101531482,23.30250469786027,95106800
1999-02-24,23.292987823486328,24.283368336013957,23.27394204439926,23.835792527467817,67696800
1999-02-25,23.388221740722656,23.426313307075624,22.797802462251646,23.216809692134298,70817200
1999-02-26,22.87396812438965,23.235837728355847,22.778739281240647,23.216791959726045,59273200
1999-03-01,23.121578216552734,23.24537579349474,22.778754157328724,22.788277047862724,58332000
1999-03-02,22.635913848876953,23.48345122058501,22.493070471622786,23.140627115175008,58569600
1999-03-03,22.797800064086914,22.959689204057458,22.407361550040314,22.70257115822189,76798400
1999-03-04,23.197757720947266,23.38821550190742,22.56924704377874,23.02634571808312,61696400
1999-03-05,23.60723876953125,23.673898983886524,23.331075024345125,23.578670106236135,47302800
1999-03-08,24.22623062133789,24.26194145656982,23.616765700046372,23.692948815207814,46726000
1999-03-09,24.654762268066406,25.102338099120526,24.34050689732628,24.359552677371134,90129600
1999-03-10,24.58810806274414,24.759520125149017,24.25480683029021,24.730951448081537,53114800
1999-03-11,24.59762954711914,25.07377413765571,24.273851225554274,24.53096930444402,62948400
1999-03-12,24.40716552734375,24.797603992666065,23.89292949984607,24.778558213869857,73395200
1999-03-15,25.27374267578125,25.292788450216655,24.054813111915387,24.464297262276574,60609600
1999-03-16,25.7594051361084,25.902248417824342,25.026142956633226,25.216600665587816,68554000
1999-03-17,25.464202880859375,25.816549741963264,25.407065552031717,25.759412413135607,44919600
1999-03-18,26.273649215698242,26.292694992585304,25.321360371345282,25.3594519251194,56231200
1999-03-19,26.083202362060547,26.53077830620689,25.883221621058986,26.49268673649231,91980400
1999-03-22,26.330799102783203,26.654577464264083,26.207001493981693,26.349844888752667,55719200
1999-03-23,25.378496170043945,26.530765602154762,25.330881730700526,26.31173918117502,69581200
1999-03-24,26.092714309692383,26.17842030560013,24.854738813247124,25.44515789616717,82634400
1999-03-25,27.41640853881836,27.435454324534803,26.28318428869006,26.368890324414046,109447600
1999-03-26,27.14023780822754,27.483061864752518,26.778367970784505,27.26403538419489,94687600
1999-03-29,28.1496639251709,28.22584704810776,26.77836771230736,27.46401581873913,79777000
1999-03-30,28.340116500854492,28.49248271860102,28.111567174234697,28.45439116416439,67502400
1999-03-31,27.3116455078125,28.835307739768567,27.159279284616893,28.797216183969663,58752600
1999-04-01,28.244890213012695,28.30202754992371,27.50686627791206,27.806837296694898,41106000
1999-04-05,28.930553436279297,28.954360672484267,28.492500290107852,28.740095546639537,39848600
1999-04-06,28.66390037536621,29.140044899873956,28.416305222622185,29.00672443301179,39674800
1999-04-07,28.43535614013672,28.949592319496187,27.806845254252917,28.911500750654746,46910200
1999-04-08,28.816265106201172,28.83531088617883,27.730655647474492,28.41630372667029,38637000
1999-04-09,28.72103500366211,28.949584353823877,28.340119420059164,28.72103500366211,31816800
1999-04-12,28.340116500854492,28.530574273037654,27.844926293178272,27.92110940205154,37858800
1999-04-13,27.46401596069336,28.378213440660964,27.178329248203486,28.378213440660964,46746800
1999-04-14,26.168899536132812,27.76874492262128,26.16889953613281,27.673516030568393,52944000
1999-04-15,27.083101272583008,27.387833776353283,25.559438753731644,26.606956735441955,72594600
1999-04-16,26.397449493408203,27.159280647619116,26.168900147144928,27.140234868763844,44774000
1999-04-19,24.683324813842773,26.85454320024561,24.49286706064954,26.473627693859147,75389000
1999-04-20,25.330888748168945,25.597529682360197,24.378599697485903,25.064247813977694,108459400
1999-04-21,24.988069534301758,25.14043581194994,24.37860442370903,25.026161103713804,92732800
1999-04-22,25.883207321166992,25.97843619284163,25.407062962793795,25.90225309550192,55096400
1999-04-23,26.20699691772461,26.511729440023732,25.292799350827238,25.902264395425483,56592000
1999-04-26,26.816469192504883,27.102156009186398,26.43555343692953,26.568873951380905,48349800
1999-04-27,25.597530364990234,27.04500976062956,25.578484583468665,27.04500976062956,58665800
1999-04-28,25.02615737915039,26.35936211015536,24.902359796985646,25.997492254596867,55963400
1999-04-29,25.007110595703125,25.50230090452893,24.50239739632298,25.10233950124655,60880600
1999-04-30,24.7785587310791,25.52134411963566,24.34050580962267,25.216611652535533,58558600
1999-05-03,24.34050178527832,24.835691962443608,23.940540488337128,24.816646186398792,67180000
1999-05-04,23.78816795349121,24.93091421226581,23.692939098593328,24.530953021694703,66502200
1999-05-05,24.111953735351562,24.340503059857266,23.292985322539465,24.111953735351562,67028200
1999-05-06,23.750078201293945,24.72141259445031,23.61675779439013,24.588092187546497,74021000
1999-05-07,24.092905044555664,24.492866314070028,23.76912687399642,24.26431701720468,48011600
1999-05-10,24.283376693725586,24.530971907073376,23.845323623956418,24.340514050651997,46218000
1999-05-11,24.34050178527832,24.688087198096262,24.207181352964593,24.607142649905786,42786200
1999-05-12,24.530956268310547,24.683322456312474,24.150040798305724,24.60713936231151,60142600
1999-05-13,24.111953735351562,24.91187637112152,24.111953735351562,24.7214186007001,51737200
1999-05-14,23.426305770874023,24.359548846299084,23.350122662676057,24.035770636457737,84401000
1999-05-17,24.111953735351562,24.245274174646557,23.464397315918742,23.57867197817159,66850200
1999-05-18,23.978639602661133,24.45478415394511,23.75009021804482,24.321463679585595,63858400
1999-05-19,24.169099807739258,24.340511863113292,23.540588938034453,24.340511863113292,46510800
1999-05-20,23.902454376220703,24.37859888570717,23.883408595841242,24.24527842305096,42386200
1999-05-21,23.635801315307617,24.07385403912073,23.464389379902485,23.921487874316167,56568800
1999-05-24,23.54058074951172,23.731038522566024,23.178710980708548,23.731038522566024,38990000
1999-05-25,23.235843658447266,24.150040785992733,23.197752111466205,23.38820984637151,50791600
1999-05-26,23.9215030670166,23.9215030670166,23.007305497576475,23.521541630386547,52022800
1999-05-27,23.883413314819336,24.207191645243523,23.616772336822947,23.845321746534136,56702200
1999-05-28,24.58810806274414,24.6452454168791,23.807230889566362,23.997688736682893,41548000
1999-06-01,23.9215030670166,24.607151244096695,23.902457284319933,24.569059678703354,36046400
1999-06-02,23.902454376220703,23.95959171735908,23.235852062939646,23.78817969394395,42812600
1999-06-03,23.273935317993164,24.054812034881643,23.197752223662583,23.88340007263783,32934400
1999-06-04,24.245271682739258,24.283363232908524,23.38821180393072,23.445349129184624,35668200
1999-06-07,24.454784393310547,24.702379562401696,24.131006095268273,24.359555482121642,32392200
1999-06-08,24.188138961791992,25.026153225035177,24.073864289531556,24.34050519147257,41516400
1999-06-09,25.083282470703125,25.178511333537987,24.378588885725133,24.416680430859078,53310800
1999-06-10,24.34050178527832,25.083287051026254,24.092906696695678,24.949966618712523,35277400
1999-06-11,23.807226181030273,24.53096585693359,23.635814152526855,24.378599609374998,34543000
1999-06-14,23.635801315307617,24.283357515727,23.597709774106477,23.997670956718448,28369800
1999-06-15,23.67390251159668,24.03577230059132,23.369170057706455,23.788177181805512,36981000
1999-06-16,24.683324813842773,24.873782567036006,24.054814228305112,24.092905778943756,48325200
1999-06-17,25.254701614379883,25.29279317035934,24.530962050770203,24.588099384739387,44475200
1999-06-18,25.902271270751953,25.902271270751953,25.026165036594165,25.083302399691412,69116200
1999-06-21,27.10215187072754,27.121197655598046,25.864175854144765,25.864175854144765,56194400
1999-06-22,26.359350204467773,26.949769175810623,26.283167111391275,26.949769175810623,38751000
1999-06-23,26.20699691772461,26.626004135885903,25.92131017806918,26.18795113508091,33942000
1999-06-24,25.787994384765625,26.28318482346866,25.597536523725996,26.130818534636955,33559000
1999-06-25,25.883207321166992,26.34030590520526,25.71179535215264,26.016527741511485,24933000
1999-06-28,26.435550689697266,26.454596475496757,25.883222901511946,26.05463497370739,31701000
1999-06-29,26.816469192504883,26.83551498028365,26.20700398358432,26.416507649150763,38973200
1999-06-30,27.483047485351562,27.502093256304683,26.435530082929986,26.7402624181799,57610200
1999-07-01,27.78778648376465,27.88301536136494,26.930726585362038,27.38782519784343,47737800
1999-07-02,28.03537940979004,28.073470957901165,27.521143510289814,27.692555476789888,32094800
1999-07-06,27.29261016845703,28.32108256838493,27.19738124253778,28.11157893136258,45419400
1999-07-07,28.1306095123291,28.1306095123291,27.38782429162441,27.444961616293998,33834600
1999-07-08,28.206809997558594,28.34013050396164,27.635436398688398,27.978260558010515,37790400
1999-07-09,28.416305541992188,28.435351323186552,28.111573042882352,28.14966460527108,33884200
1999-07-12,28.70199966430664,28.873411739275955,28.149671867183287,28.397267086583412,43847800
1999-07-13,28.530569076538086,28.663889492783593,28.282974017796437,28.378202886543225,30845000
1999-07-14,28.930553436279297,28.949599225243272,28.18776766668424,28.568683445963757,37985200
1999-07-15,28.75912094116211,29.025761797570237,28.568663186584878,28.949578695739344,40926200
1999-07-16,30.301834106445312,30.435154558202143,28.949583810054605,29.101950040633838,115369800
1999-07-19,29.978055953979492,30.70179555134367,29.806643944077447,30.473246204807612,81181600
1999-07-20,28.43535614013672,29.48287428327638,28.13062358940518,29.387645361172776,92287400
1999-07-21,28.85435676574707,29.044814566181042,28.34012070457534,28.530578505009313,54050800
1999-07-22,27.749711990356445,28.797230287864753,27.425933607490244,28.759138713409907,60904200
1999-07-23,27.502105712890625,27.959204422800166,27.330693696674548,27.902067084061475,68833200
1999-07-26,26.702180862426758,27.368783095083632,26.702180862426758,27.083096423944973,50885000
1999-07-27,27.064043045043945,27.349729635948698,26.816447999593155,27.06404304504394,65513000
1999-07-28,27.425922393798828,27.578288629319932,26.93073212835524,27.178327261077033,62215200
1999-07-29,26.49267578125,27.064049090694645,26.30221801143512,27.025957536731667,57968200
1999-07-30,26.149858474731445,27.00691865780713,26.054629565500814,26.70218614826911,51127400
1999-08-02,25.845123291015625,26.492679806781677,25.711802831887322,26.111764209272234,48050600
1999-08-03,25.826074600219727,26.226035932524013,25.71179993384707,26.168898599337687,55051200
1999-08-04,25.883207321166992,26.568855197224394,25.826069998162207,25.940344644171777,75573400
1999-08-05,26.130813598632812,26.321271423695734,25.826081078532138,26.01653890359506,76634000
1999-08-06,25.940351486206055,26.34031285273346,25.883214148130712,26.226038176582776,67205800
1999-08-09,25.540382385253906,26.149847140159295,25.50229083807232,26.092709819386915,39333600
1999-08-10,25.27374267578125,25.616566615618524,24.87378141263776,25.464200420135292,62743000
1999-08-11,25.654661178588867,25.807027391973207,25.083287878397577,25.597523848569736,66105200
1999-08-12,24.911874771118164,25.654660028055176,24.87378321948037,25.578476924779583,61062000
1999-08-13,25.807025909423828,26.092712543107485,25.216606866477598,25.27374419321433,65099800
1999-08-16,25.692752838134766,26.1736587011169,25.083287982078193,25.921302159155978,57321800
1999-08-17,25.768943786621094,26.05463052483197,25.27375344038891,26.03558474228458,51749000
1999-08-18,25.902271270751953,26.264141237034515,25.616584455265716,25.73085918146021,58361200
1999-08-19,25.540382385253906,25.940343630660568,25.33087887575518,25.768931668343427,71478200
1999-08-20,25.407062530517578,25.835592445762437,25.31183366046316,25.597520270626404,46072800
1999-08-23,26.340314865112305,26.397452207552895,25.559437851757565,25.692758317452277,60447000
1999-08-24,28.0925235748291,28.492484927419888,26.530769721855552,26.530769721855552,120450000
1999-08-25,29.044811248779297,29.25431480532787,28.39725480126553,28.530575246341893,81877600
1999-08-26,28.835308074951172,29.36858986233468,28.549621403138577,29.063857412401248,61246000
1999-08-27,28.416305541992188,28.98767897782313,28.14966460527108,28.968633196628765,41948400
1999-08-30,28.111568450927734,28.473438234510137,27.902064892011605,28.302026231760575,33300800
1999-08-31,28.206809997558594,28.37822207721965,27.46402431902734,27.978260558010515,46882800
1999-09-01,28.1496639251709,28.473442197652567,27.92111455636031,28.13061814443668,36607200
1999-09-02,27.978246688842773,28.206796015096085,27.635422699462808,27.883017802903897,33340800
1999-09-03,29.216232299804688,29.387644353714883,28.492492516628296,28.568675651699497,52098000
1999-09-07,28.72103500366211,29.463820391687854,28.56866877022093,28.911492795463584,47028000
1999-09-08,28.111568450927734,28.854353796175822,28.05443111667788,28.549621346843274,42568200
1999-09-09,28.66390037536621,28.6877076015916,27.973490814829983,28.16871006987816,38475200
1999-09-10,28.949575424194336,29.044804290721288,28.64484305130808,28.968621197499726,34455000
1999-09-13,28.60675048828125,28.89243707771149,28.45438430725179,28.797208214568077,27870800
1999-09-14,28.968639373779297,29.12100565582416,28.53058631290032,28.54963209815593,40207800
1999-09-15,28.225839614868164,29.17812840079489,28.149656511994028,29.101945297920754,48413800
1999-09-16,28.644853591918945,28.663899372232724,27.61638145497505,28.30202954627098,45796000
1999-09-17,29.38763427734375,29.406680054581173,28.58771163337198,28.75912362850879,79773400
1999-09-20,29.730457305908203,29.825686189014892,28.949580464433357,29.254312890374763,48601800
1999-09-21,28.835308074951172,29.4257271966972,28.682941849984456,29.4257271966972,47082800
1999-09-22,29.27335548400879,29.444767454962648,28.549616051092503,28.87339421844979,48531600
1999-09-23,27.78778648376465,29.52095205608993,27.430678192763562,29.52095205608993,71073600
1999-09-24,27.71161460876465,27.8449350914185,27.083103761967923,27.483065209929475,70277000
1999-09-27,27.86397361755371,28.321072296173867,27.692561613071152,28.03538562203627,34132200
1999-09-28,28.073471069335938,28.244883036516413,27.140228136908895,27.80683023149964,46000600
1999-09-29,27.273555755615234,28.0734784802911,27.15928108066154,27.902066467860557,37484400
1999-09-30,27.597332000732422,27.940156000741517,27.064050222940487,27.42592000072787,47455400
1999-10-01,27.421152114868164,27.616371291237254,26.911677678978098,27.483050878107143,44239000
1999-10-04,28.206809997558594,28.2258557841876,27.502115892285353,27.57829903880138,29998000
1999-10-05,27.978246688842773,28.60675733603938,27.27355293289507,28.263933346659414,43397000
1999-10-06,28.54962921142578,28.644858128074965,28.054438844850015,28.130621978169366,35500200
1999-10-07,28.56867218017578,28.968633590698243,28.244893895467122,28.54962639872233,46036400
1999-10-08,28.930553436279297,29.0067365921352,28.073492932900386,28.492500290107852,35697000
1999-10-11,28.74009132385254,28.949594971673864,28.682953965355814,28.835320254680415,19943800
1999-10-12,28.206809997558594,28.740092023170774,28.149672637671575,28.64486309002574,27668600
1999-10-13,27.749711990356445,28.37822296886143,27.521162543627362,28.035398798767805,38098400
1999-10-14,27.635419845581055,28.106802782299273,27.330687442046045,27.69255717124387,42737800
1999-10-15,26.835498809814453,27.368780546276344,26.606949494187926,27.273551664765293,73788000
1999-10-18,26.778366088867188,26.816457648026315,25.921306007786804,26.568862513491982,75312800
1999-10-19,26.30222511291504,27.197376872731844,25.97844681681109,26.892644358751657,69945600
1999-10-20,28.111568450927734,28.1496600070943,27.502103552262632,27.902064892011605,88090600
1999-10-21,28.35917091369629,28.37821669671422,27.5782938099612,27.59733959297913,60801200
1999-10-22,28.244890213012695,28.606760013449136,27.95920352845761,28.51153111859744,43650600
1999-10-25,28.168712615966797,28.511536704599255,27.768751179228932,28.035392137054178,30492200
1999-10-26,28.1496639251709,29.02576983894482,28.11633380888602,28.7591289086658,52467600
1999-10-27,27.692562103271484,27.921111446627236,27.330692309624887,27.883019889401275,54416600
1999-10-28,27.387826919555664,27.692559347033335,27.216414929099475,27.425918472990375,70570400
1999-10-29,28.206809997558594,28.64486309002574,27.80684847834946,27.863985838236477,79452600
1999-11-01,28.1496639251709,28.701991566463153,28.073480802234034,28.41630485544992,53261200
1999-11-02,28.206809997558594,28.797229383057793,28.01635213126853,28.263947357445613,46349000
1999-11-03,28.03537940979004,28.49247798712357,27.88301321734553,28.321066020623498,44517000
1999-11-04,27.959211349487305,28.263943898255558,27.52115831063294,28.13062340816945,54239400
1999-11-05,27.902067184448242,28.30202855705808,27.578288930430755,27.978250303040593,70167400
1999-11-08,27.406877517700195,27.654472658582826,25.711803091657586,25.845123552132847,243819200
1999-11-09,27.083101272583008,27.387833776353283,26.34031579464297,27.349742213381997,109769800
1999-11-10,26.549816131591797,27.159281064311262,26.34031256096948,26.854548597951528,69385400
1999-11-11,27.3116455078125,27.55924062050536,26.89263839402458,26.89263839402458,69274600
1999-11-12,27.178327560424805,27.425922695873663,26.530771052327786,27.34973957727401,49414200
1999-11-15,26.511728286743164,26.968827050307702,26.492682504927977,26.892643923046947,47080400
1999-11-16,26.606950759887695,26.74027120034526,26.168897884098566,26.49267609663836,59165200
1999-11-17,25.902271270751953,26.530782264821667,25.902271270751953,26.340324387830847,66819000
1999-11-18,25.883207321166992,26.14984816185598,25.749886900822496,25.883207321166992,64493200
1999-11-19,26.20699691772461,26.378408961517863,25.711806568988532,25.730852351632226,58226000
1999-11-22,27.3687801361084,27.54019212025939,26.949773063739308,27.311642808058068,90596600
1999-11-23,27.3116455078125,27.844927288997123,26.930729949823483,27.197370840415793,70787400
1999-11-24,27.940155029296875,28.111567023341642,27.273552830233896,27.292598607349984,53771000
1999-11-26,27.768741607666016,28.454389548596037,27.730650055392122,27.921107816761573,28514200
1999-11-29,27.483047485351562,28.05442061394515,27.273544004867247,27.464001714398446,51460200
1999-11-30,27.74493408203125,28.302023027903513,27.292596903758906,27.349734231540676,64145600
1999-12-01,28.397254943847656,28.625804279411824,27.692561159191477,27.74969849308252,48864200
1999-12-02,28.89244842529297,29.025768886055694,28.302029241915196,28.35916658224208,55473800
1999-12-03,29.29241371154785,29.597146233904656,29.173377570002224,29.19718479831135,64100600
1999-12-06,29.082901000976562,29.616182748211234,28.873397457420083,29.025763670915705,49098200
1999-12-07,28.340116500854492,28.91148981740398,28.30202494641786,28.873398262967346,56859200
1999-12-08,27.959211349487305,28.740088505705955,27.94016556518929,28.378218604043653,40955800
1999-12-09,28.263933181762695,28.435345175452632,27.863971863152845,28.03538385684278,46258200
1999-12-10,28.60675048828125,28.682933578795982,28.111560399935506,28.45438430725179,36836000
1999-12-13,29.44477081298828,29.53999969660079,28.26393265619315,28.52581208612755,52691600
1999-12-14,30.073287963867188,30.8160734170596,29.04481579790846,29.311456729823686,144116200
1999-12-15,33.04444122314453,33.13967016038702,30.0161610188333,30.035206806281803,155571600
1999-12-16,34.64427185058594,35.04423320784944,33.19679265287042,33.29202154745697,128660200
1999-12-17,35.12039566040039,35.691768691751804,34.62520569989583,35.53940255005809,105898800
1999-12-20,34.35858917236328,35.04423729331953,33.88244464392144,34.98709994990651,39433800
1999-12-21,35.31088638305664,35.53943580948419,33.71104039806378,34.2443223930614,57446000
1999-12-22,35.825111389160156,35.95843184621711,35.082325985557155,35.439434352673985,38565200
1999-12-23,35.78701400756836,36.3393415255138,35.57751046627871,35.72987667812573,31028400
1999-12-27,36.30125427246094,36.339345829934665,35.38705689309151,36.09175070635545,32202200
1999-12-28,35.806053161621094,36.20601439374558,35.67273275091293,36.186968620787276,24591000
1999-12-29,35.93938446044922,36.072704911547866,35.59656044333842,35.63465200079517,17449200
1999-12-30,35.84416198730469,36.54885592648124,35.69179573018543,35.920345115864315,22360000
1999-12-31,35.5775146484375,35.88224710795303,35.42514841867974,35.80606399307415,12517600
2000-01-03,35.5203742980957,36.14888494251241,34.13003256953753,35.76796940044168,53228400
2000-01-04,34.32050704956055,35.691803668632886,34.20623233130452,34.60619384520062,54119000
2000-01-05,34.68235778808594,35.463234597153225,33.330107704091375,33.863389427356836,64059600
2000-01-06,33.52055740356445,34.70139522119002,33.025367351011795,34.18715939738534,54976600
2000-01-07,33.958614349365234,34.206209406315175,32.70159329100398,33.1015545368462,62013600
2000-01-10,34.20622253417969,34.6442754953635,33.93958160128519,34.56809237167936,44963600
2000-01-11,33.33010482788086,34.81567521449497,33.12060131181989,33.977661150251116,46743600
2000-01-12,32.244503021240234,33.17774616834051,31.82549589397072,33.06347149726701,66532400
2000-01-13,32.853965759277344,33.101560863550155,30.93034225685009,31.80644801043082,83144000
2000-01-14,34.20622253417969,34.72045861904765,32.225461318392,32.663514279575814,73416400
2000-01-18,35.13947677612305,35.501346726663066,34.053866924502984,34.07291271137351,81483600
2000-01-19,32.60636520385742,33.97766093672993,32.30163281877464,33.67292855164715,97568200
2000-01-20,32.3016471862793,33.425348356085,32.263555621201135,32.62542548944366,56349800
2000-01-21,31.615999221801758,32.68256305097097,31.463632960491868,32.60637992031603,68416200
2000-01-24,30.854164123535156,32.206414526480216,30.72084366127297,31.63027967170433,63597600
2000-01-25,31.330310821533203,31.654089109658468,30.339930175502975,30.777983153554807,59823200
2000-01-26,30.282804489135742,31.53982656226968,30.206621333188235,31.21604814949276,49365000
2000-01-27,30.09234046936035,30.835126088540765,29.63524162678779,30.439926047566573,63654800
2000-01-28,29.939971923828125,30.54943700115796,29.635239385163207,29.90188035649501,58225400
2000-01-31,29.82569694519043,29.92092586263995,28.911499337675014,29.749513811230813,73194200
2000-02-01,31.3684024810791,31.4636313896434,29.76855681719893,30.0161519794661,70196600
2000-02-02,30.720842361450195,31.6731313373166,30.625613463863555,31.216032628900727,49915600
2000-02-03,31.577896118164062,31.74930809950512,30.51133267870858,31.101751725550006,49186000
2000-02-04,32.473060607910156,32.91111362490836,31.735036503184926,31.806458190738983,55365400
2000-02-07,32.49209976196289,32.568282879810404,31.76836014241155,32.54923710034852,40005800
2000-02-08,33.50152587890625,33.52057165825753,32.43496223523442,32.43496223523442,56229000
2000-02-09,31.692195892333984,33.34917969199327,31.65410431073262,33.34917969199327,55090000
2000-02-10,32.3016471862793,32.47305922913102,31.23508336409083,31.658852025585354,54527800
2000-02-11,30.454187393188477,31.958803280656827,30.20659237373166,31.958803280656827,115559000
2000-02-14,30.358978271484375,31.006534897099474,30.187566223527437,30.84940718647228,81028600
2000-02-15,30.035198211669922,30.473251197635935,29.901877737680262,30.397068069641847,71027600
2000-02-16,29.749502182006836,30.530378999844405,29.59713597364829,30.244692359172124,65202600
2000-02-17,30.358978271484375,30.3780240545907,29.601908393007896,30.0161541755705,80343400
2000-02-18,28.968639373779297,30.49230219422791,28.911502018012474,30.473256408972304,79063000
2000-02-22,28.587732315063477,29.597159238913154,28.282999658806972,28.98769392640014,66296200
2000-02-23,28.72103500366211,29.178133703985644,28.054432732356954,28.492485653500342,75847200
2000-02-24,28.87339210510254,29.21621602191774,28.035378086220938,28.72102591985134,69733200
2000-02-25,27.825883865356445,28.859117403820232,27.578288731715357,28.854355958942516,65301400
2000-02-28,27.902067184448242,28.07347920128103,26.854549303803427,27.502105811838405,76131800
2000-02-29,27.23545265197754,27.9591919532189,27.083086483295148,27.9591919532189,58437400
2000-03-01,27.67351722717285,28.673420636964025,27.102143850149325,27.31164742172462,106889800
2000-03-02,28.45439338684082,29.063858305434465,27.76874535342297,27.978248919189532,106932600
2000-03-03,29.29241371154785,30.130428148029065,28.606765536245042,28.873406493307247,101435200
2000-03-06,27.616365432739258,29.673308513246734,27.463999278627593,29.254301589439656,93609400
2000-03-07,28.302030563354492,29.711418357222755,28.016343848381197,29.29241117526192,135061000
2000-03-08,29.120994567871094,29.311452347909494,27.730652773590787,28.587712783763582,94290000
2000-03-09,30.473249435424805,30.473249435424805,28.949586963653562,29.044815868139267,88198800
2000-03-10,30.77798080444336,31.235079529261828,30.320882079624894,30.339927859825664,85589000
2000-03-13,29.86379051208496,30.54943876363793,29.711424233962077,29.7495158034928,61831800
2000-03-14,28.987672805786133,30.244694096970026,28.987672805786133,30.054236325578525,73489200
2000-03-15,29.063861846923828,29.444777467460185,28.549625759199753,28.816266693575198,53208000
2000-03-16,29.063861846923828,29.463823248487,28.416305292012026,29.235273876165188,77300800
2000-03-17,30.282804489135742,30.3208960671095,28.797232948159273,29.025782416001807,81161600
2000-03-20,29.67333221435547,30.3970720244617,29.406691231684754,30.092339472838024,47773000
2000-03-21,31.311256408691406,31.425531067117287,29.406678768260054,29.482861873877308,81648800
2000-03-22,31.463624954223633,32.18736451128205,30.816068508434526,31.330304509502348,93975800
2000-03-23,34.09194564819336,34.39667812326101,32.4921001540882,32.54923749316338,148224000
2000-03-24,34.034812927246094,35.04423938787511,33.387256329861444,34.32049966138638,112196800
2000-03-27,31.71123695373535,32.98730474706885,31.67314537781495,32.83969989037729,111434000
2000-03-28,31.787405014038086,32.739693959934975,31.196985867582015,31.57790144594077,81114400
2000-03-29,32.66349792480469,33.19677952357701,32.034987469108735,32.05403324049346,64363800
2000-03-30,31.50171661376953,33.1015619557022,31.23507572344742,32.35877661837632,64178400
2000-03-31,32.37781524658203,32.98728000416475,31.73025894165039,32.30163215188419,64281400
2000-04-03,27.692562103271484,29.4066821784396,27.42592120268978,28.778171484211292,260118200
2000-04-04,26.987873077392578,28.03539108674797,25.883217722072345,27.902070612830013,181244400
2000-04-05,26.321260452270508,26.968816787565153,26.168894255730592,26.892633689295195,82887600
2000-04-06,26.20699691772461,26.816461962322855,25.98320897166119,26.778370397035463,66421400
2000-04-07,27.14023780822754,27.23546671281781,25.902262048554,26.511727037931742,82613600
2000-04-10,26.22603416442871,27.0069109986637,26.206988387983955,27.0069109986637,60685400
2000-04-11,25.559436798095703,26.226039099089256,25.445162117925378,25.940352398663446,71961800
2000-04-12,24.188138961791992,25.064244782455322,23.997681174691266,25.026153225035177,153003800
2000-04-13,24.150053024291992,25.064250615116926,24.07386989172325,24.64524338598883,94316200
2000-04-14,22.588285446166992,24.22622182759225,22.32164463988846,24.111947196330025,151217800
2000-04-17,23.121578216552734,23.159669778688738,22.245472287424708,22.62638790878472,119772200
2000-04-18,24.55001449584961,24.969021725414148,23.12158075869777,23.312038590318014,91794600
2000-04-19,23.978639602661133,24.835699794972292,23.8072275641989,24.81665401292093,53715400
2000-04-20,24.054819107055664,24.340505794787916,23.616766185866208,23.959590211144913,52387400
2000-04-24,20.30280303955078,20.721810231736633,19.807612721512957,20.493260854180715,313645800
2000-04-25,21.14080810546875,21.17889965160473,20.607526459565033,20.95035037478885,159517400
2000-04-26,20.7218017578125,21.6740904415355,20.5313440210679,21.33126651539522,107091200
2000-04-27,21.274131774902344,21.312223326871727,20.531346511499308,20.550392287483998,77669800
2000-04-28,21.255102157592773,21.63601796686863,20.798003186461745,21.559834805013455,78082600
2000-05-01,22.378782272338867,22.55019422165891,21.84550065223207,22.207370323018825,107811000
2000-05-02,21.293174743652344,22.397829605129836,21.178900102809845,22.188326096918587,97716200
2000-05-03,21.50267791748047,21.578861010190764,20.96939626850841,21.445540597947748,55354800
2000-05-04,21.464590072631836,21.712185166637347,21.12176609631651,21.42649851970791,43317200
2000-05-05,21.674102783203125,21.883606412917743,21.293187092812914,21.407461799929976,36402200
2000-05-08,21.274131774902344,21.750276174519673,21.236040222932957,21.61695574262682,36187600
2000-05-09,20.664669036865234,21.464591709260016,20.569440147294426,21.388408597603373,60778400
2000-05-10,20.169475555419922,20.68371147609635,20.03615513154085,20.645619926416614,67740000
2000-05-11,20.6837158203125,20.759898935672766,20.03615933975023,20.302800243511165,58390800
2000-05-12,20.96940040588379,21.255087059914903,20.79798841346512,20.855125744271344,37886000
2000-05-15,21.14080810546875,21.15985387853674,20.721801097972975,21.026533467060812,33899600
2000-05-16,21.178911209106445,21.521735311412126,21.04559072487646,21.197956992567875,48410600
2000-05-17,20.62657356262207,21.064626371431217,20.49325314254972,20.988443274247018,53242000
2000-05-18,20.169475555419922,20.740848800615954,20.074246681220583,20.740848800615954,53640400
2000-05-19,19.82664680480957,20.09328758796743,19.655234872779516,19.921875655937377,66578000
2000-05-22,19.560012817382812,19.883791023707552,19.026731065789125,19.84569947002229,69955000
2000-05-23,19.255279541015625,19.979019029204146,19.2171879890057,19.464783077070194,57963200
2000-05-24,19.979021072387695,20.283753519630977,19.198144176326785,19.236235732232196,85482400
2000-05-25,18.74104118347168,19.73142140861449,18.626766542109046,19.674284087933174,94348800
2000-05-26,18.722000122070312,19.08386991079802,18.398221890050785,18.912457905611213,55822000
2000-05-30,19.312419891357422,19.540969239184136,18.89341275367511,19.02673320657403,68536400
2000-05-31,19.064823150634766,19.41240858769679,18.912456931648673,19.393362810323527,54968200
2000-06-01,19.674299240112305,20.112352369369404,19.44574978136947,19.617161875426596,94507200
2000-06-02,20.207576751708984,20.340897239232042,19.807615289139815,20.112347832049657,80463200
2000-06-05,20.37898826599121,20.83608706821905,20.11234729802497,20.11710874388151,64400000
2000-06-06,21.216995239257812,21.293178346041504,20.664667715076057,20.778942375251592,99019000
2000-06-07,21.483631134033203,21.55981422316098,20.45515943080821,21.102715688394316,76310600
2000-06-08,20.96940040588379,21.978826583460393,20.79798841346512,21.807414591041724,94765600
2000-06-09,20.96940040588379,21.236041282979496,20.817034190400527,21.21699550604409,35710200
2000-06-12,20.37898826599121,21.02654490248065,20.22662199858193,21.02654490248065,49260600
2000-06-13,20.6837158203125,20.721807377992633,20.15043401279063,20.340891801191297,44289200
2000-06-14,21.483631134033203,21.635997312288758,21.178898777522093,21.274127638931816,79992400
2000-06-15,22.055011749267578,22.150240642830912,21.521729945312924,21.578867281450922,65592600
2000-06-16,22.112154006958008,22.283566053523572,21.788375696778605,22.131199789909736,68710600
2000-06-19,22.454971313476562,22.49306286786753,21.94073532919847,22.112147323957835,46604800
2000-06-20,22.835886001586914,22.931114883995534,22.47401624843416,22.512107801397608,62275000
2000-06-21,24.58810806274414,25.045206895823814,23.445360980044953,23.464406764756607,160399600
2000-06-22,24.34050178527832,24.98805817080216,24.169089800874954,24.797600410353972,87315200
2000-06-23,23.67390251159668,24.397642089585958,23.464398949547153,24.35955053284968,49811600
2000-06-26,24.22623062133789,24.41668840924149,23.616765700046372,23.616765700046372,48287000
2000-06-27,24.0167293548584,24.416690747762466,23.883408890557046,24.150049819159754,31071200
2000-06-28,24.054819107055664,24.397643132334366,23.959590211144913,24.073864886237814,37459200
2000-06-29,23.52153968811035,24.05482155958168,23.4834481258624,23.845317967217944,38449000
2000-06-30,24.37858772277832,24.37858772277832,23.36916182488203,23.483436454832557,52356400
2000-07-03,24.37858772277832,24.397633494436743,24.188130006194115,24.283358864486217,15734800
2000-07-05,23.9215030670166,24.340510286343324,23.845319936229924,24.340510286343324,34824400
2000-07-06,24.664283752441406,24.892833099954377,23.921498373024253,24.035773046780736,47873200
2000-07-07,24.988069534301758,25.254710520186077,24.550016486063235,24.76428156400599,54153200
2000-07-10,24.20718002319336,24.778553273150717,24.188134248194782,24.58809552316493,52689800
2000-07-11,24.111953735351562,24.530960830278683,23.921495964930145,24.016724850140854,37164800
2000-07-12,24.473825454711914,24.683329018915675,23.52153652651301,23.84531476210064,58370200
2000-07-13,24.35955238342285,24.378598163237882,23.57867541100664,24.01672834675232,80843200
2000-07-14,24.054819107055664,24.302414236423616,23.902452873598463,24.226231119695015,51180600
2000-07-17,23.82626724243164,24.245274340220206,23.616763693537358,23.84531301960385,53992800
2000-07-18,23.9215030670166,24.22623559016331,23.59772476117322,23.65486210926323,70617200
2000-07-19,22.2835636138916,23.616768274551784,22.18833470955873,23.178715314620582,139924600
2000-07-20,22.797800064086914,22.93112053229795,22.28356397241578,22.378792878280805,54690600
2000-07-21,22.03597068786621,22.854939347830122,21.902650208337203,22.77875621667069,56100600
2000-07-24,21.50267791748047,21.978822246919805,21.33126595888231,21.959776473742235,56165600
2000-07-25,21.026538848876953,21.636003743047297,20.83608106944872,21.57886640921883,64188600
2000-07-26,20.664669036865234,21.178905040547594,20.493257035637782,21.045584595148465,85404600
2000-07-27,21.14080810546875,21.36935738228463,20.569434913429056,20.683709551836994,74337600
2000-07-28,21.23603630065918,21.883592564535782,21.21699052819222,21.616951749998357,75645600
2000-07-31,21.274131774902344,21.674093070580902,21.102719791040105,21.3884064308105,70283800
2000-08-01,20.931306838989258,21.350313891271117,20.77894063815949,21.312222341063677,47163600
2000-08-02,21.14080810546875,21.464586247624577,20.874167282516893,20.893213055584884,48269200
2000-08-03,21.407451629638672,21.445543180581087,20.759895263617572,20.77894103908878,54543400
2000-08-04,21.064634323120117,21.29318370094782,20.778947600835487,21.15986323054833,38107400
2000-08-07,21.33127784729004,21.674101955550057,21.255094712121146,21.38841519866671,52741800
2000-08-08,22.588285446166992,22.759697393060332,21.331264502282487,21.350310274159526,138038800
2000-08-09,22.626379013061523,22.816836748861707,22.2835550886212,22.47401282442138,63945600
2000-08-10,22.131200790405273,22.56925381809832,21.864559817026898,22.493070682847357,48986000
2000-08-11,22.074052810668945,22.150235909238987,21.826457740316318,22.074052810668945,35629600
2000-08-14,21.99786949157715,22.359739206157204,21.750274423706582,22.035961040480313,53427000
2000-08-15,21.826461791992188,22.245468911908265,21.78837023563618,21.940736461060208,40714200
2000-08-16,21.63599967956543,22.016915166881724,21.50267925900473,21.902640520686838,44976200
2000-08-17,21.807418823242188,21.940739287663757,21.502686333135745,21.67409835882062,36112800
2000-08-18,21.63599967956543,21.769320100126134,21.331267289712397,21.674091228297062,54438800
2000-08-21,21.521726608276367,21.578863935554978,21.35031462644054,21.540772384035904,34119600
2000-08-22,21.712190628051758,22.074060471852622,21.397935237382587,21.57887015928302,54428200
2000-08-23,21.559823989868164,21.674098675326828,21.445549304409496,21.578869770777942,36726800
2000-08-24,21.674102783203125,21.693148567722638,21.312232877332423,21.52173650704704,42405400
2000-08-25,21.521726608276367,21.84550479618849,21.50268083251683,21.540772384035904,52729400
2000-08-28,21.731231689453125,21.978826791962234,21.36936192424751,21.388407701363594,56421600
2000-08-29,21.616954803466797,22.169282283026742,21.59790902830956,21.693137904095757,59400200
2000-08-30,21.33127784729004,21.616964604173386,21.236048928328923,21.540781469004493,53498800
2000-08-31,21.274131774902344,21.940733934366605,21.236040222932957,21.597909966642128,72575400
2000-09-01,21.388412475585938,21.521732945157712,21.236046224646767,21.33127513148375,37629800
2000-09-05,21.369356155395508,21.54076810316606,21.274127295522977,21.331264611446493,50755200
2000-09-06,21.159862518310547,21.540778135201826,21.12177095662142,21.350320326756187,62960800
2000-09-07,21.350326538085938,21.959791702420237,21.15986867423147,21.33128075170049,111711200
2000-09-08,21.12177276611328,21.59791732801845,21.083681201160868,21.445551068208793,56709600
2000-09-11,20.96940040588379,21.236041282979496,20.7408510826589,21.064629290560827,48495200
2000-09-12,20.759897232055664,21.121767000320855,20.60753101383874,20.950355004826818,46781200
2000-09-13,20.797990798950195,20.950357031909537,20.474212553911595,20.588487228631102,40744800
2000-09-14,20.055208206176758,20.950359949472396,20.01711664263226,20.931314167700148,78503000
2000-09-15,19.560012817382812,19.998065684763343,19.29337194158597,19.94092835423545,99915200
2000-09-18,19.198152542114258,19.693342984668792,18.95055732083699,19.579068267156206,69037800
2000-09-19,19.8076114654541,20.036160828517033,19.312421178817747,19.388604299838725,79311200
2000-09-20,19.57905387878418,19.807603145851697,19.255275750438525,19.769511601340447,67791400
2000-09-21,19.560012817382812,19.84569947002229,19.369555048956496,19.50287548685492,48952200
2000-09-22,19.27433204650879,19.350515177127402,18.58868387094128,18.62677543625059,84476600
2000-09-25,18.664857864379883,19.350505704295877,18.41726281107688,19.27432261097188,53484200
2000-09-26,19.102920532226562,20.074255474543165,18.417272337650132,18.569638603111564,155704800
2000-09-27,18.474407196044922,19.36955888492545,18.226812048056694,19.331467323696494,106155600
2000-09-28,18.68391227722168,18.855324316462248,18.474408673705433,18.531546020118956,52360400
2000-09-29,18.37917709350586,18.683909563449998,17.864941050475124,18.588680666592456,74053600
2000-10-02,18.01730728149414,18.53154332441205,17.75066637035152,18.436314427575397,58562400
2000-10-03,17.236434936523438,18.226815728456277,17.21738915206319,18.150632590615288,85374000
2000-10-04,16.893606185913086,17.236430212233756,16.607919497312526,17.179292874513646,136453400
2000-10-05,16.874555587768555,17.44592880180135,16.83646404016637,16.91264713537074,81099400
2000-10-06,16.93170738220215,17.293577393745277,16.684112111146323,17.00789054252702,61794000
2000-10-09,16.512693405151367,16.988837967006944,16.15082353814113,16.950746402058495,58323600
2000-10-10,16.626964569091797,16.931697023966333,16.398415227935896,16.436506784795213,62066200
2000-10-11,16.98883819580078,17.35070806768443,16.455556279340666,16.455556279340666,101205800
2000-10-12,16.569826126098633,17.331657212356042,16.398414131690718,17.160245217948127,90219600
2000-10-13,16.37936782836914,16.722191806172216,15.884177638209144,16.41745938145837,104521200
2000-10-16,15.3508939743042,16.398411553195924,15.103298910202518,16.303182682387586,119759000
2000-10-17,15.36994457244873,15.979409536907662,15.312807232030703,15.807997515653588,81276600
2000-10-18,15.769896507263184,16.22699495674907,14.76047076464851,15.122340370491505,110536400
2000-10-19,18.855321884155273,18.950550782560097,17.674483543935448,17.807804001702202,256993200
2000-10-20,19.86475372314453,20.150440497686397,18.62677770012977,18.683915055038145,160378600
2000-10-23,18.931499481201172,20.188520573514328,18.493446676304163,19.693330446239447,185170400
2000-10-24,18.74104118347168,19.17909397536177,18.341079938702464,19.083865107559575,94427400
2000-10-25,18.664857864379883,19.331459930964876,18.41726281107688,18.87436137102088,167603800
2000-10-26,19.636201858520508,19.82665968450034,18.531546467837494,18.58868381563144,114826600
2000-10-27,20.62657356262207,21.083672145727267,19.693330622115624,19.712376396411674,124292400
2000-10-30,21.04558753967285,21.369365809513972,20.531351464042835,20.569443025200616,110057600
2000-10-31,20.98844337463379,21.178901118505237,20.721802533213758,21.02653492340808,104474000
2000-11-01,21.216995239257812,21.35031567612927,20.855125482035284,20.874171258731206,81309400
2000-11-02,21.42650604248047,21.588395199245877,21.217002427842882,21.445551825629337,77985200
2000-11-03,20.797990798950195,21.21699793958839,20.740853461590444,21.10272326486888,68711000
2000-11-06,21.178911209106445,21.369369043720713,20.797995539877913,20.9313160241079,74851400
2000-11-07,21.483631134033203,21.902638124235978,21.178898777522093,21.25508186664987,104331200
2000-11-08,21.159862518310547,22.055014218005052,20.721809558885575,21.674098601113773,206149400
2000-11-09,21.597915649414062,21.73123611638575,20.855130190571778,20.874175971567734,91058600
2000-11-10,20.531354904174805,21.426506741369813,20.359942850243847,21.312232038749173,93744400
2000-11-13,20.24566650390625,20.759902623949024,19.62667858163254,20.321849632801474,83364800
2000-11-14,20.96940040588379,21.27413283685031,20.512301759434006,20.72180530572349,84218600
2000-11-15,21.350326538085938,21.597921761096746,20.931319237606107,21.04559395591879,60422200
2000-11-16,21.007488250732422,21.78836496721477,21.007488250732422,21.159854439314344,92128600
2000-11-17,21.04558753967285,21.331274248356195,20.65991048295034,21.159862223146188,106525600
2000-11-20,20.474206924438477,20.874168175985645,19.979016803475314,20.759893532686455,80157200
2000-11-21,20.64562225341797,21.102720901095118,20.53134759149868,20.53134759149868,59487600
2000-11-22,20.797990798950195,21.17890638134855,20.112342750633157,20.131388529753075,76343200
2000-11-24,21.31222152709961,21.46458772211015,20.8741687164443,21.026534911454842,34439200
2000-11-27,21.540769577026367,22.01691390896771,21.521723803748714,21.76931885635821,85307600
2000-11-28,20.417072296142578,21.255086457551418,20.359934966955613,21.140811799177484,127446200
2000-11-29,19.82664680480957,20.4551572222531,19.274319468268285,20.359928371125292,98280400
2000-11-30,17.484027862548828,18.912461511449877,17.369753170636745,18.89341572946453,197200800
2000-12-01,17.255474090576172,18.474403827658815,17.084062096298926,17.69352696484025,109809800
2000-12-04,17.19833755493164,17.979214453882022,16.817421994468038,17.44593266923298,80407200
2000-12-05,18.2458553314209,18.43631311149836,17.750665103219497,18.03635177333569,101734400
2000-12-06,17.274524688720703,18.3029969414119,17.08406686414826,18.283951158954658,90560800
2000-12-07,16.188907623291016,16.455548454733457,15.922266791848575,16.284136491663315,145308400
2000-12-08,16.588865280151367,17.026917979856858,16.284132967312765,16.646002588808607,120939800
2000-12-11,17.693523406982422,17.903026913416014,16.76028051468733,16.91264670118449,95576200
2000-12-12,17.78875732421875,18.283947570931478,17.293567077506022,17.617345315741268,63106000
2000-12-13,17.44593620300293,18.436316860815325,17.31261572983588,18.436316860815325,98360400
2000-12-14,16.91264533996582,17.898264029541533,16.87455379640734,17.655430439356213,71201400
2000-12-15,14.989027976989746,15.84608802649996,14.550975062795635,15.555639898610387,116899800
2000-12-18,14.570019721984863,15.236621931487438,14.322424615598191,14.931889492857689,107187400
2000-12-19,13.65582275390625,14.627157426778243,13.560593864408995,14.455745425683185,120271800
2000-12-20,12.646397590637207,13.408228770796075,12.608306031629263,13.046358960220612,149037800
2000-12-21,13.236810684204102,13.751046494957356,12.284522145772153,12.417842541152625,163173000
2000-12-22,14.151015281677246,14.360518872657664,13.636779194725316,13.636779194725316,109551800
2000-12-26,14.28433609008789,14.798572189331056,13.979603586832683,14.28433609008789,66941600
2000-12-27,14.151015281677246,14.265289967666565,13.712962318718194,14.055786376686148,69003800
2000-12-28,13.57963752746582,14.093873450665788,13.370134003199166,13.75104950186581,77619200
2000-12-29,13.217775344848633,13.960560991028887,13.10350063005167,13.389187417044075,99977600
2001-01-02,13.217775344848633,13.71296577563547,13.065409058452683,13.446324774442557,82413200
2001-01-03,14.608116149902344,14.893802906419337,13.141590799781769,13.160636583549568,135962200
2001-01-04,14.760479927062988,15.388990685247606,14.284335413286763,14.570022121552498,112397000
2001-01-05,14.969985961914062,15.19853536591275,14.493841370250129,14.779528125248488,93414600
2001-01-08,14.912848472595215,15.160443657963974,14.227200266958652,14.912848472595215,79817600
2001-01-09,15.788948059082031,16.03654314324134,15.16043746083148,15.236620563649728,114965400
2001-01-10,16.112730026245117,16.398416728838118,15.465173500367655,15.541356621059121,90230200
2001-01-11,16.760278701782227,16.98882795680653,15.94131053794514,16.15081402171742,101854800
2001-01-12,16.30318260192871,16.76028117955288,15.998450216845933,16.722189631417535,73712000
2001-01-16,16.017507553100586,16.303194370337813,15.579454433336835,16.26510279470618,68462400
2001-01-17,16.13177490234375,16.722194054613713,16.017500227710855,16.341278472504058,72844200
2001-01-18,16.91264533996582,17.12214882953747,16.036539838120746,16.360317958367837,109788800
2001-01-19,18.58867645263672,18.721996878014238,17.941120100803065,18.283944051773823,209348800
2001-01-22,18.322044372558594,18.58868535095342,17.979220257479536,18.512502214269183,76673000
2001-01-23,18.455352783203125,18.569627413439676,17.96016271884473,18.20775775102393,70295200
2001-01-24,19.17909812927246,19.331464350756256,18.512495910280865,18.588679021022763,110455000
2001-01-25,18.836267471313477,19.502869454625884,18.760084387506343,19.12195403559022,85657400
2001-01-26,19.50287628173828,19.598105169832706,18.5886789560318,18.5886789560318,93080000
2001-01-29,19.655242919921875,19.693334475968232,19.35051047155099,19.36955624957417,84983800
2001-01-30,19.312419891357422,19.731427029039732,19.160053659472947,19.655243913097493,57276800
2001-01-31,18.60772132873535,19.426689616489313,18.58867555460154,19.198140326883557,81898800
2001-02-01,19.007686614990234,19.083869727675566,18.39822171350758,18.53154216070691,71792800
2001-02-02,18.531545639038086,19.312422690631674,18.5124998572919,19.045781746185085,71100000
2001-02-05,18.874370574951172,18.912462140188207,18.36013444425119,18.512500705199333,51399200
2001-02-06,19.064823150634766,19.445738698099998,18.798182267409107,18.912456931648673,96442000
2001-02-07,19.712385177612305,19.826659874294116,18.836279169718424,18.89341651805933,126061800
2001-02-08,18.96959114074707,19.655239013304193,18.89340804379628,19.42668972245182,88041200
2001-02-09,18.01730728149414,18.76009267682001,17.82684948782084,18.68390955935069,100575200
2001-02-12,17.903026580810547,18.112530083351945,17.426882256852817,17.922072353768854,71289400
2001-02-13,17.731618881225586,18.607724647644897,17.712573103694734,18.169671764435243,76070600
2001-02-14,17.78875732421875,17.979215111415954,17.179292405187702,17.560207979582106,61728400
2001-02-15,17.922080993652344,18.341088200730294,17.63639426155374,17.979218340072062,65627800
2001-02-16,17.464982986450195,17.750669731048617,17.103113109958862,17.369754071584055,66958400
2001-02-20,17.026918411254883,17.75065767258339,16.874552250975196,17.48401689209394,60730800
2001-02-21,17.141204833984375,17.693532545301647,16.81742652045356,16.83647230360243,63947200
2001-02-22,16.817424774169922,17.312615084621132,16.417463369574715,17.16024883525153,100816400
2001-02-23,17.29356575012207,17.522115077216196,16.550780437066166,16.588871991581854,92620600
2001-02-26,18.15062713623047,18.264901808651647,17.484024880440263,17.560207995387714,87936800
2001-02-27,18.09349250793457,18.645820173966257,17.87922746507745,18.09349250793457,99148600
2001-02-28,17.97922134399414,18.30776114079912,17.73162613480778,18.15063341189239,84608400
2001-03-01,18.088733673095703,18.131586687851655,17.14120590238077,17.845899922811977,81781600
2001-03-02,17.274524688720703,17.712577685237324,17.198341558891723,17.52211986066488,79800800
2001-03-05,17.503076553344727,17.864946471204956,17.23643556123719,17.44593919789311,49383600
2001-03-06,18.11254119873047,18.283953260548106,17.788762859741595,17.86494599832721,66781800
2001-03-07,18.49344253540039,18.626762924430054,18.07443559845002,18.245847527202443,59743600
2001-03-08,18.055408477783203,18.464892952754024,17.807813213847357,18.379186899853153,54626000
2001-03-09,17.274524688720703,17.73162346769457,16.722196997460614,17.655440337865592,103794400
2001-03-12,15.827047348022461,16.76029081379033,15.731818422944107,16.66506188871198,114376000
2001-03-13,16.512693405151367,16.684105447419373,15.84609101855356,15.90322836597623,91035600
2001-03-14,16.45555305480957,16.836468634782015,15.903225463849527,15.998454358842638,90686200
2001-03-15,16.36032485961914,17.08882593747762,16.30318752017926,16.855515134764772,71638400
2001-03-16,16.626964569091797,16.798376574958723,15.993692436305654,15.99845388091307,112848800
2001-03-19,16.55078887939453,16.912658831878414,16.188918926910645,16.607926240313038,61036400
2001-03-20,16.05559730529785,17.103115516201033,16.036551519645066,16.626970874881405,91822800
2001-03-21,15.255663871765137,16.22699827558539,15.160435008645505,15.922265913602565,124988600
2001-03-22,16.45555305480957,16.47459883380819,15.388989430886728,15.40803520988535,126363200
2001-03-23,17.236434936523438,17.369755427745165,16.569832480414796,16.74124454055702,99519600
2001-03-26,17.084070205688477,17.522123287885616,16.931703916228603,17.407848570790712,63118600
2001-03-27,17.750659942626953,17.845888804980103,17.02692058874302,17.08405790615491,95135600
2001-03-28,16.93170738220215,17.655447405288406,16.874570011958497,17.48403529455745,78681600
2001-03-29,16.874555587768555,17.426883028000255,16.626960528354342,16.874555587768555,86985000
2001-03-30,16.66505241394043,17.12215099443708,16.41745734950474,16.988830575125558,91201600
2001-04-02,17.00788116455078,17.350705196982936,16.646011352539062,16.703148691277754,75924000
2001-04-03,16.26510238647461,16.85552179394617,16.074644513096686,16.85552179394617,94187600
2001-04-04,15.827047348022461,16.76029081379033,15.56040635780307,16.265100403382892,104046600
2001-04-05,17.29356575012207,17.484023522700507,16.3031853327142,16.379368441745573,113364000
2001-04-06,17.122156143188477,17.42688862182142,16.779332104726414,17.179293482932152,92622000
2001-04-09,17.415462493896484,17.497739244294674,16.96141056643624,17.23871708942698,56295600
2001-04-10,18.186433792114258,18.311374057556762,17.607441637646794,17.659246761712378,109199400
2001-04-11,18.2961368560791,18.74104596087483,18.192527775000173,18.482023839408537,109879600
2001-04-12,18.948266983032227,18.987882533605354,18.085873448228227,18.14986815683474,87520000
2001-04-16,18.52469253540039,18.765431535933793,18.320521116447228,18.710579582332198,65857400
2001-04-17,18.734954833984375,18.92693664342457,18.296140432011935,18.44241189933608,85149200
2001-04-18,19.938644409179688,20.206808129722535,19.198144458497808,19.316989928675532,156696400
2001-04-19,20.734006881713867,21.026549905759488,20.036168931937482,20.054452144401182,159375600
2001-04-20,21.026538848876953,21.666476522771003,20.874172625334367,21.422691960057303,192919600
2001-04-23,20.797990798950195,20.86503231344018,20.386602434944813,20.755328439715516,92171200
2001-04-24,20.58468246459961,21.309945018484175,20.459741016597338,20.78275674081847,89176600
2001-04-25,21.23679542541504,21.267268191426904,20.493247845125815,20.590762091317597,76744000
2001-04-26,21.066164016723633,21.636014821531425,20.798000162950984,21.352613407632667,118737600
2001-04-27,20.453641891479492,21.233756181763916,20.176334259431343,21.188045851490443,121572400
2001-04-30,20.64562225341797,21.04482099508035,20.62429107618999,20.883313178222256,74368200
2001-05-01,21.383079528808594,21.42269624280109,20.599917076229808,20.61820260765886,83702800
2001-05-02,21.258132934570312,21.681710785763805,21.133191534256692,21.636000460650926,92864400
2001-05-03,20.88331413269043,21.38612313310088,20.764468664856473,21.102721865591285,66273400
2001-05-04,21.559823989868164,21.651244668204868,20.709620051064764,20.721809629837953,119538400
2001-05-07,21.75179672241211,21.986441959935668,21.544578608395533,21.584195306247437,109356200
2001-05-08,21.959022521972656,21.97121210058387,21.559823703384037,21.864556193891232,75084000
2001-05-09,21.453161239624023,21.727420862239093,21.28860546605498,21.709135337448966,76676600
2001-05-10,21.33127784729004,21.70914554674881,21.319088266672043,21.675624781280515,64334600
2001-05-11,21.14842987060547,21.33126885293155,20.91988056146692,21.319079277453305,51128800
2001-05-14,20.941219329833984,21.087489638757532,20.813232228294723,21.066158455167653,44968000
2001-05-15,20.80408477783203,21.11796117598332,20.72180803360644,20.947309411228662,61385600
2001-05-16,21.07529067993164,21.29469602147343,20.5176299151533,20.630379397975467,91893800
2001-05-17,20.773611068725586,21.373934381957596,20.584678433036746,21.057012347182987,106984800
2001-05-18,20.749229431152344,21.087482604476236,20.493255313460676,20.627338322684235,90605400
2001-05-21,20.962549209594727,21.328227284083784,20.64562712673945,20.737047807823963,103491600
2001-05-22,21.42573356628418,21.437923140857585,21.081386803049128,21.16366352526507,83455600
2001-05-23,21.239852905273438,21.818845081692476,21.181955315078554,21.450119060243736,93637400
2001-05-24,21.855409622192383,21.8736928234902,21.108813795238603,21.312986284401003,80781600
2001-05-25,21.60857582092285,21.910260249029104,21.440972069239532,21.837125123259895,52747600
2001-05-29,21.434873580932617,21.864547334408286,21.346503240426532,21.57505251569909,71210800
2001-05-30,21.084440231323242,21.508018176380222,20.919884419406078,21.197189756673062,86501800
2001-05-31,21.081392288208008,21.44707032086123,20.84370133449099,21.175858609576505,70682600
2001-06-01,21.434873580932617,21.544577419057322,20.93511268499716,21.209372280308923,57587600
2001-06-04,21.568967819213867,21.642102974478085,21.270331245678918,21.498880640188684,43736600
2001-06-05,22.123571395874023,22.269843968333717,21.483633831825653,21.562864905446474,89454200
2001-06-06,22.050445556640625,22.391746819472043,21.803612956915245,22.211953421889316,80022800
2001-06-07,22.45269012451172,22.467927679095702,21.965118601841557,21.977308180523863,66960000
2001-06-08,22.303373336791992,22.474022799838636,21.955978458490147,22.458785244241803,51867000
2001-06-11,21.977304458618164,22.19975783835513,21.791417483811102,22.19975783835513,47345600
2001-06-12,21.965118408203125,22.065680687752305,21.57810684445605,21.642100388280696,66714600
2001-06-13,21.54153823852539,22.032157682776855,21.526300685628478,21.955974568140594,55302400
2001-06-14,20.996065139770508,21.49887412018921,20.843698922972354,21.39831185912068,71972400
2001-06-15,20.727903366088867,20.813230417951235,20.234238210255295,20.572491466990968,108354400
2001-06-18,20.3804988861084,20.709610384594296,20.115383227541987,20.70656241009257,56846800
2001-06-19,20.514596939086914,20.980837408737177,20.37137225626885,20.785808745941317,63457400
2001-06-20,21.1514835357666,21.206333152788364,20.44754989330316,20.45973947206058,64108400
2001-06-21,21.282508850097656,21.498870891389878,21.00215561127554,21.072245083442876,69603800
2001-06-22,20.974735260009766,21.517158653380182,20.89855214689765,21.331271671392688,51092000
2001-06-25,20.980831146240234,21.273374053113887,20.651719504160738,21.057014267559133,49215600
2001-06-26,21.373931884765625,21.395263061300366,20.630384031399434,20.66695275899779,63077000
2001-06-27,21.678667068481445,21.797512542162032,21.13624366041637,21.28860989076832,69199800
2001-06-28,22.166236877441406,23.205375606436444,21.492778468807753,21.803606857361128,128975600
2001-06-29,22.245473861694336,22.370415310306022,21.7579022968339,22.123580389248072,94283800
2001-07-02,21.514110565185547,22.291179244828477,21.37698189227166,21.955974013875796,72810200
2001-07-03,21.47449493408203,21.57505719499398,21.30993914120538,21.422690978433074,28037400
2001-07-05,20.877216339111328,21.550674630705426,20.85588516516667,21.398308438265396,49242600
2001-07-06,20.13062858581543,20.843703858229272,20.011783094567207,20.813231072639258,67467800
2001-07-09,20.017881393432617,20.389655466019413,19.819804776489267,20.17329331563874,66476600
2001-07-10,19.64915657043457,20.188532180827053,19.60953984952401,20.08187624938503,66562600
2001-07-11,20.26470375061035,20.34088684741716,19.563818330018297,19.566866304869176,73822600
2001-07-12,21.818845748901367,21.95597676391534,21.431836510811735,21.54458604379781,128078000
2001-07-13,21.739612579345703,21.94073711889921,21.61772145529115,21.75789810789322,58934600
2001-07-16,21.69085121154785,21.98948997118436,21.37697722764763,21.773127932357937,55990800
2001-07-17,21.885894775390625,21.943794712140196,21.373943925238354,21.532406175839753,63241000
2001-07-18,21.504972457885742,21.788373776223814,21.291660637598795,21.51411406090883,57590800
2001-07-19,22.114429473876953,22.245464494719506,21.703041211904537,21.703041211904537,76549400
2001-07-20,21.081392288208008,21.14843380334342,20.70352467780978,20.730949484042867,124203600
2001-07-23,20.444501876831055,21.099677202965275,20.2190004825771,21.099677202965275,79999400
2001-07-24,20.209857940673828,20.71876062328654,20.02092296647436,20.41707611966139,67530200
2001-07-25,20.56334114074707,20.575528389490056,19.993490777689118,20.19156728115273,74065400
2001-07-26,20.292129516601562,20.514585192845853,19.959972314656916,20.453639642465244,77974000
2001-07-27,19.950834274291992,20.188525218079253,19.822847200702565,20.127579656824516,65396000
2001-07-30,20.0513973236084,20.380506622093492,19.972166230952624,20.00568698842529,42196400
2001-07-31,20.170246124267578,20.535924216149226,20.06663585911553,20.115394177992872,59031600
2001-08-01,20.255563735961914,20.35917163976307,20.039204003091456,20.356125989597476,55679000
2001-08-02,20.554203033447266,20.58163016318923,20.191572995174518,20.481067895675533,54198400
2001-08-03,20.383554458618164,20.52677908958298,20.112342749953637,20.508495885604226,43260400
2001-08-06,20.15195083618164,20.45363755710103,20.01482219934445,20.273844249438856,27831600
2001-08-07,20.218994140625,20.43230821416138,20.109290291360274,20.124527841228478,31347800
2001-08-08,19.76494789123535,20.490210321892526,19.652196042068077,20.267756924114863,54996400
2001-08-09,19.810651779174805,19.975207535926362,19.594292078146864,19.80151018017585,45536200
2001-08-10,19.9660701751709,20.069680422705463,19.167672601170008,19.737520825375366,51756400
2001-08-13,20.060543060302734,20.1092990562693,19.731431369060797,19.88074965817207,32675400
2001-08-14,19.7131404876709,20.139764004778904,19.64000303480341,20.03615610060233,36481200
2001-08-15,19.25909423828125,19.82285006092804,19.25909423828125,19.719239801936173,39503000
2001-08-16,19.691814422607422,19.719239230857685,19.106727434895593,19.149389797678936,43905600
2001-08-17,18.85684585571289,19.542492761172582,18.74104718986336,19.435836860036265,52234200
2001-08-20,19.106727600097656,19.121963992300277,18.619154912378413,18.78980552744948,48371200
2001-08-21,18.52163314819336,19.25908609092352,18.500301975207858,19.106719905334664,47111800
2001-08-22,18.48508071899414,18.634400214570892,18.00360378292943,18.628305422663402,78107200
2001-08-23,18.01578712463379,18.75019248670764,17.979219545961975,18.488122320891165,51813200
2001-08-24,18.908641815185547,18.97873011519,18.049296693445143,18.16204733584695,63399000
2001-08-27,18.987871170043945,19.307839871737734,18.76236874303924,18.862930966050694,44562800
2001-08-28,18.509443283081055,19.1829014914994,18.460686154020486,18.997014573686723,47422800
2001-08-29,18.360130310058594,18.68009915350911,18.14377054722141,18.603916040189368,48170000
2001-08-30,17.351463317871094,18.180335859913207,17.22347626135913,17.991402087816635,97632000
2001-08-31,17.384986877441406,17.69276731774592,17.156437528932198,17.3240401520132,57900800
2001-09-04,17.095489501953125,18.00359320052531,17.086347900696616,17.427647909663055,67189200
2001-09-05,17.59525489807129,17.793330323754365,16.879132832244775,17.1198717839999,89470600
2001-09-06,17.07110595703125,17.793321282872945,17.03453840144046,17.23566170088226,112356800
2001-09-07,16.882173538208008,17.479448696464807,16.8547475787747,17.09853323903648,89863800
2001-09-10,17.546493530273438,17.65924420165363,16.668863823745536,16.735904166545193,84471800
2001-09-17,16.12339210510254,16.79075567852716,16.08987135330489,16.46164527329787,127502000
2001-09-18,16.553070068359375,16.76028827088733,16.20262721225591,16.275763527103187,83182600
2001-09-19,16.415935516357422,16.66886398873925,15.419460340611032,16.595727694778855,126950200
2001-09-20,15.468222618103027,16.03197849268317,15.440796644069808,15.952747384381713,117983200
2001-09-21,15.14824390411377,15.419455492872741,14.474785731190225,14.602772752305501,184976600
2001-09-24,15.84913444519043,15.983217469130318,15.197007178631354,15.434699283587491,85580200
2001-09-25,15.632769584655762,16.15081482083527,15.285374885824117,15.928360341100296,84940600
2001-09-26,15.318904876708984,15.78514528944226,15.09949707661691,15.696772574131575,58524400
2001-09-27,15.224430084228516,15.443837779305131,14.627154872588651,15.267092433279675,81191200
2001-09-28,15.593162536621094,15.721150799880728,14.925798734330108,15.120827361714014,116641200
2001-10-01,15.782096862792969,15.998456664406376,15.361565676410565,15.523073533606173,69999600
2001-10-02,16.166048049926758,16.318414197734665,15.711997580437606,15.733328748133795,80860800
2001-10-03,17.135114669799805,17.34842773114716,15.967989367831855,15.99236737236325,97199200
2001-10-04,17.199100494384766,17.79637702968497,17.129012164532945,17.345371943092324,101778000
2001-10-05,17.589157104492188,17.6744818171388,16.742000116575838,17.113774071613847,80844400
2001-10-08,17.68667221069336,17.8725591967965,17.290520246231726,17.30880344980772,60605800
2001-10-09,16.62620735168457,17.543451760819284,16.513455477957947,17.522120576592595,99477600
2001-10-10,16.91570472717285,16.988841056658117,16.150826475387987,16.333665555407368,86349200
2001-10-11,17.162532806396484,17.32099383203691,16.635345766986564,16.99188220283092,83742600
2001-10-12,17.180822372436523,17.26005232800174,16.62316121945785,16.973604134850593,63307000
2001-10-15,17.692768096923828,17.826849968801085,17.019308436853443,17.03454599072812,68437000
2001-10-16,17.811614990234375,17.951791662288112,17.433746175934907,17.634869580935298,66169000
2001-10-17,17.07416534423828,18.0706409770777,17.058928948392186,18.01578902206177,73710600
2001-10-18,17.29356575012207,17.54649423008799,16.912650204965196,17.168625497809096,78348000
2001-10-19,17.644012451171875,17.677532050152298,16.952269527416572,17.491646199132266,91219600
2001-10-22,18.332706451416016,18.338801240678073,17.51297647629552,17.644011539274267,72323600
2001-10-23,18.414981842041016,18.722761101640536,18.101107794013718,18.427171418896567,80325000
2001-10-24,18.686199188232422,18.777618717389796,18.168153639724128,18.43631859938649,79141400
2001-10-25,19.064067840576172,19.076256258525543,18.15291704788991,18.46983916382099,75318200
2001-10-26,18.954368591308594,19.390136316992212,18.917801003565692,18.99093617905149,64509400
2001-10-29,18.174245834350586,18.954361440832994,18.143773049804377,18.92388749382457,55129400
2001-10-30,17.942649841308594,18.1437732438665,17.732383673319262,17.95483825778011,57395600
2001-10-31,17.720197677612305,18.506407026847747,17.704960120632396,18.070639401364822,64700000
2001-11-01,18.84465217590332,18.969592416808727,18.162051069823278,18.30832364877477,109671200
2001-11-02,18.710569381713867,19.204235532529136,18.439356575671194,18.872077177899804,83360000
2001-11-05,19.28042221069336,19.512018360725953,18.817228748166134,18.85074950358999,66401600
2001-11-06,19.740558624267578,19.78931690971813,18.942160299398836,19.10671602540994,68612000
2001-11-07,19.57905387878418,19.822840693625547,19.512012388456633,19.569912280089216,58899000
2001-11-08,19.630863189697266,20.13062420435832,19.399267047218483,19.643052766265097,74227800
2001-11-09,19.871606826782227,20.0056898760263,19.475454793709506,19.60648870439269,48013600
2001-11-12,20.04834747314453,20.246424023798884,19.396220238626384,19.71618790513818,57752800
2001-11-13,20.691343307495117,20.70657854202641,20.29519001087906,20.35613792377969,60159600
2001-11-14,20.097103118896484,20.825413451125307,20.048347138352494,20.79189502227105,88625600
2001-11-15,20.14890480041504,20.432305992716298,19.94473234902818,20.142808851161046,77922000
2001-11-16,20.036151885986328,20.298221891325415,19.792365077556337,20.222038804306454,59249000
2001-11-19,20.27689552307129,20.407930556779913,20.020919081092735,20.188522842205114,56005000
2001-11-20,19.929500579833984,20.66085884719854,19.81674874832785,20.249468223420838,65921800
2001-11-21,19.51811981201172,19.685721311438186,19.344421197460253,19.612586153959814,50785200
2001-11-23,19.7192325592041,19.749705333035937,19.387074209605142,19.61867031312779,15754600
2001-11-26,19.850263595581055,20.023960928981083,19.624762324570504,19.804553281544592,41983600
2001-11-27,19.423646926879883,19.828940481992923,19.121961289082765,19.743615767750608,90819000
2001-11-28,19.137205123901367,19.53945318493438,19.11587393704251,19.249955849078518,54536600
2001-11-29,19.758853912353516,19.77713944305073,19.18291084372888,19.234714810034706,54034400
2001-11-30,19.566869735717773,19.83198779606367,19.48154502432112,19.704000728968694,48234200
2001-12-03,19.737520217895508,19.877699194055655,19.441930525065157,19.451073289249816,47211800
2001-12-04,20.11233901977539,20.13671817050834,19.533346976948614,19.807606610384852,51005800
2001-12-05,20.75227165222168,20.773602822781353,19.868547411320762,20.26165240442603,74243000
2001-12-06,20.919883728027344,21.026539623451324,20.584678488870196,20.715713538940843,56026200
2001-12-07,20.670007705688477,20.977785881649602,20.27995044611127,20.797994808063876,42334800
2001-12-10,20.43535804748535,20.858935981386004,20.374412485383857,20.575534700258128,38367400
2001-12-11,20.514596939086914,20.761429581860572,20.438413795028374,20.618207223967556,54334000
2001-12-12,20.706573486328125,20.71571741472451,20.188529140246352,20.465836845155426,47884200
2001-12-13,20.194623947143555,20.794947409385284,20.133678370488695,20.456694111623953,53227800
2001-12-14,20.551151275634766,20.706563106600136,20.091004757176886,20.118429553844862,43000600
2001-12-17,21.020442962646484,21.060057339535298,20.465830061584036,20.468875711782072,57079800
2001-12-18,21.10881996154785,21.14843667583112,20.904649737667107,21.002164047947804,47255200
2001-12-19,21.175857543945312,21.297750990337097,20.858935513296327,20.91074179733661,56996200
2001-12-20,20.343936920166016,21.102719991630067,20.301274567548685,21.072247214749666,78585000
2001-12-21,20.58162498474121,20.727895223482292,20.41706922246485,20.724849573662684,84307600
2001-12-24,20.499351501464844,20.730948821368358,20.478020322324006,20.63648250301952,11701600
2001-12-26,20.624296188354492,21.047874187534095,20.535923482241007,20.545065085472658,29328000
2001-12-27,20.676097869873047,20.938167983176903,20.49630682640315,20.71571457939468,32406600
2001-12-28,20.682193756103516,20.98083027734835,20.63038746880964,20.79189763225345,28787200
2001-12-31,20.18852996826172,20.868084528273464,20.18852996826172,20.673053571536155,43006200
2002-01-02,20.429264068603516,20.450595247463248,19.96302378429503,20.310418597110143,48124000
2002-01-03,21.09663200378418,21.102725630819094,20.444502314673844,20.45059826663323,67590800
2002-01-04,20.996065139770508,21.30384554868149,20.925975657076812,21.102721026544423,52731400
2002-01-07,20.892454147338867,21.3373632052984,20.82846061759029,21.25508647417134,58508800
2002-01-08,21.142343521118164,21.28861616835555,20.721813438313575,20.932079642178298,47736400
2002-01-09,20.938167572021484,21.52020770116272,20.889411586160918,21.245948015308848,76304000
2002-01-10,21.111865997314453,21.270328190034743,20.761423177758317,20.868081406480343,50296600
2002-01-11,20.907697677612305,21.42878999023581,20.752283446678245,21.18500305249315,72993200
2002-01-14,20.865036010742188,21.0387334540982,20.642580248235546,20.81323204033811,50997800
2002-01-15,21.194137573242188,21.215468746457024,20.874167650096126,20.922925945972047,60717400
2002-01-16,20.682193756103516,21.28251477429853,20.67609780469282,20.98083027734835,61955400
2002-01-17,21.288606643676758,21.3312689956742,20.843697597900697,20.883311974777232,78958000
2002-01-18,20.142822265625,20.676104259249318,19.935604026533976,20.447554833410322,107140400
2002-01-22,19.64305305480957,20.304321900091015,19.57905952058143,20.298228274179593,76837200
2002-01-23,19.423646926879883,19.719236613703064,19.271280701468864,19.51811440512105,80403000
2002-01-24,19.68572235107422,19.862467788828855,19.441936542500958,19.533356075408125,83886000
2002-01-25,19.441932678222656,19.761901561031955,19.353559976910297,19.560779326088692,48981200
2002-01-28,19.44802474975586,19.624770127681174,19.170718268411893,19.572966169472604,41622000
2002-01-29,18.990930557250977,19.65524754398257,18.890369430111004,19.472408496930445,58666000
2002-01-30,19.152435302734375,19.16767285622652,18.689242970618572,19.03054301203205,66100000
2002-01-31,19.414508819580078,19.444982769448888,18.92998406005807,19.21643337651327,69566200
2002-02-01,19.09453010559082,19.655237708422582,19.036631374238276,19.54858184475692,63462200
2002-02-04,18.625242233276367,19.103671963860286,18.512491581233864,19.015300459536025,70308400
2002-02-05,18.634384155273438,18.963494497408433,18.43630765760376,18.5277271325045,66772600
2002-02-06,18.405847549438477,18.85989842421835,18.36013719930997,18.774573677271796,66103000
2002-02-07,18.222997665405273,18.774563739329587,18.20776127758168,18.375363868564953,63314000
2002-02-08,18.48201560974121,18.485062421447704,17.927402882235956,18.320506690220025,61283000
2002-02-11,18.628299713134766,18.66182047712058,18.15901134225809,18.286998445699545,50899600
2002-02-12,18.326610565185547,18.542970339958146,18.290042994264205,18.433267627194127,44973800
2002-02-13,18.83855628967285,18.856840651591007,18.268707044867877,18.363173341957143,54168600
2002-02-14,18.795900344848633,19.19510033094083,18.686196460886674,18.89341465004544,57267000
2002-02-15,18.354034423828125,18.91169533795934,18.34489282276433,18.801991475345858,50179800
2002-02-19,17.9578857421875,18.32661177637357,17.857323462430102,18.256523443116382,52262600
2002-02-20,18.253475189208984,18.393651844661203,17.918268778932948,18.101108956118633,50492000
2002-02-21,17.689725875854492,18.366232569298663,17.677536293774185,18.19862988431329,59398400
2002-02-22,17.67144012451172,17.903036338427512,17.415464749940387,17.68972333254101,71347800
2002-02-25,18.003591537475586,18.250424048296683,17.640959221638123,17.656195609812205,51832200
2002-02-26,17.842090606689453,18.283953037590372,17.644015146259683,18.009693277041546,63276200
2002-02-27,17.79332733154297,18.329657087348984,17.67143505065035,18.000545487768655,65750000
2002-02-28,17.778100967407227,18.192537513573278,17.71715421135998,17.91218290074102,68068000
2002-03-01,18.70142936706543,18.71666575645062,17.93350348493942,17.994450204942183,62115600
2002-03-04,19.289566040039062,19.35051276944313,18.549066009565763,18.661817865825046,74464200
2002-03-05,19.222524642944336,19.466310384896587,18.997022105099685,19.198145487518055,55926400
2002-03-06,19.3901309967041,19.41146218057314,18.951315414341455,19.17072320552278,49835400
2002-03-07,19.112815856933594,19.4663053825419,18.85074581575709,19.402310697224003,58079200
2002-03-08,19.487646102905273,19.716194344708875,19.24995393199423,19.390131783415445,57701800
2002-03-11,19.606489181518555,19.80761376027905,19.19814872150123,19.35356179490616,43718200
2002-03-12,19.057968139648438,19.137198066984617,18.79285006508745,19.05187335101303,66407200
2002-03-13,18.923885345458984,19.204239813797695,18.878176173828884,18.917791719211305,44387400
2002-03-14,18.65571403503418,18.966541158134724,18.603908933286615,18.936067226970977,51819600
2002-03-15,19.042739868164062,19.04883349693542,18.579546196548943,18.588687802168547,69086800
2002-03-18,18.936071395874023,19.19509463671432,18.64962335464102,19.11891153572515,52296800
2002-03-19,18.963504791259766,19.198148973767964,18.74105018867825,18.948268397582574,36376400
2002-03-20,18.314416885375977,18.89950370138181,18.314416885375977,18.710569937732636,55235200
2002-03-21,18.698387145996094,18.768475484349388,18.232146774033513,18.347944291767334,46123400
2002-03-22,18.42107582092285,18.63134078136155,18.35098750077662,18.60391481587285,41341400
2002-03-25,18.04930305480957,18.521638124548677,18.024925063045632,18.43021862112531,47752400
2002-03-26,18.003591537475586,18.56429806203803,17.76894743971661,18.009685162775696,69357200
2002-03-27,18.113304138183594,18.247387217370502,17.854281910147588,17.91827547296177,47318400
2002-03-28,18.378406524658203,18.482015559319464,18.18033005289176,18.268702704139038,43901200
2002-04-01,18.399742126464844,18.405836913790992,18.040157811454794,18.232139543612117,47010000
2002-04-02,17.4550724029541,18.0066384939726,17.403268450256,17.948739753463794,76509400
2002-04-03,17.16558265686035,17.55563989336816,16.91265411836952,17.503834762759446,76931400
2002-04-04,17.20214080810547,17.360601764240702,16.88826570774881,17.05891623646251,61763800
2002-04-05,17.025402069091797,17.46116957616163,17.01626046735785,17.33622931512873,50166000
2002-04-08,17.43678855895996,17.464214521865767,16.534779758092267,16.54696933326415,73389600
2002-04-09,16.720666885375977,17.500782267591347,16.699335709833463,17.47030949180543,63413000
2002-04-10,17.15643310546875,17.40326675670364,16.778565597671662,16.796848796862676,75636400
2002-04-11,16.69629669189453,17.202152678347666,16.607923973412,17.03150203187751,58165800
2002-04-12,17.04369354248047,17.144254690875492,16.71762977009311,16.806002498580824,52297600
2002-04-15,16.97054672241211,17.293563480804142,16.882175211003226,17.065014183701003,47388800
2002-04-16,17.61659049987793,17.70496206275832,17.17472803562591,17.186917617562006,51921600
2002-04-17,17.25699234008789,17.75979999196795,17.19299766669891,17.659238926576574,55158600
2002-04-18,17.177766799926758,17.464216028874763,16.053304548681197,17.305755025352074,74794800
2002-04-19,17.430696487426758,17.668387428006188,17.3270874072451,17.50383162493025,104268600
2002-04-22,16.940074920654297,17.27832808578677,16.760282750109194,17.223476158334915,51465200
2002-04-23,16.4525089263916,17.010168821990526,16.242242747959605,16.973601245835418,68281400
2002-04-24,16.15691375732422,16.586586441892106,16.150818969161175,16.40984107254972,61220400
2002-04-25,16.373275756835938,16.592683511019217,16.11425361784012,16.120348406841003,57290400
2002-04-26,15.693717002868652,16.592677723874836,15.681527429118326,16.47687909817021,62776600
2002-04-29,15.919228553771973,16.123398799548315,15.67544158946379,15.684584356225907,70246000
2002-04-30,15.925320625305176,16.24224271796356,15.821711524338486,15.876563469700987,77384000
2002-05-01,16.074636459350586,16.208718316544147,15.437745603372623,15.89484427046316,76413000
2002-05-02,15.605348587036133,16.47688358570019,15.587065383892892,16.041116086368163,79009200
2002-05-03,15.102537155151367,15.748569474571879,15.087299606198226,15.620581270628492,71628000
2002-05-06,14.816092491149902,15.4011794429759,14.739909373005933,15.065973025665153,66299400
2002-05-07,15.075118064880371,15.3249986370981,14.733816807126441,14.986745355508605,88385400
2002-05-08,16.751142501831055,16.751142501831055,15.608395858445352,15.623632247864762,101242000
2002-05-09,15.88265323638916,16.76028292216649,15.815612895174597,16.577443937091257,83288200
2002-05-10,15.251863479614258,16.050262413379926,15.233580271088163,16.00760004353585,64408800
2002-05-13,16.056344985961914,16.123386466110134,15.160432413575458,15.373745262942188,64819000
2002-05-14,16.723718643188477,16.7907589975738,16.449458949232607,16.577447193899395,64832400
2002-05-15,16.684099197387695,17.19909654408106,16.41288754254735,16.60486928345867,70412000
2002-05-16,16.98578453063965,17.07415604339317,16.653626167297247,16.671909367368116,53406400
2002-05-17,17.07416534423828,17.186917230916855,16.842569104975176,17.129017299254212,54646200
2002-05-20,16.45859718322754,16.927885380193857,16.30318416343319,16.91264899197275,52115800
2002-05-21,15.90399169921875,16.638397113606814,15.88570848981165,16.44032164943438,63120000
2002-05-22,16.361093521118164,16.370236289953514,15.800385468494259,15.806480260230272,54169400
2002-05-23,16.70543098449707,16.71152577232431,16.153864891981883,16.36413100340499,51412800
2002-05-24,16.230045318603516,16.614008751142524,16.163004988487568,16.498210126452474,35982000
2002-05-28,15.943605422973633,16.36108865170589,15.76990797881268,16.330615864557846,49602000
2002-05-29,15.86132526397705,16.065496628930656,15.708959024817881,15.739432970127007,45393200
2002-05-30,16.041114807128906,16.260522527046984,15.672388848625882,15.736382379448003,63213000
2002-05-31,15.51392936706543,16.278807324017503,15.504787765326975,16.120347469061258,66468000
2002-06-03,15.059877395629883,15.736383818953598,14.98369428174071,15.538308420318987,88439000
2002-06-04,15.2305326461792,15.611448332095433,15.005031211095744,15.084261162282857,88008400
2002-06-05,15.742476463317871,15.769902427080837,15.337182957111734,15.367655733531958,66969400
2002-06-06,15.815616607666016,15.888751753878779,15.236624414914393,15.693723147361824,78703400
2002-06-07,15.839995384216309,16.028929210798854,15.193962802620916,15.203104405733255,97834400
2002-06-10,16.095966339111328,16.242237761285946,15.681530061718949,15.73942996552231,71825400
2002-06-11,16.01978302001953,16.510402395892772,15.974072692623649,16.223954343269387,74368200
2002-06-12,16.924842834472656,16.997977981356907,15.998455782549348,16.0228349398189,136198600
2002-06-13,16.522600173950195,16.906562697333396,16.516505383107603,16.7115340402205,79771600
2002-06-14,16.836471557617188,16.927891080188715,16.150823394637303,16.196533737154216,109433600
2002-06-17,16.967504501342773,17.19910067359403,16.87303701449097,16.96140971227535,94486600
2002-06-18,17.061973571777344,17.153393091349333,16.866943790904898,16.921795735140545,77518400
2002-06-19,16.56525421142578,17.04673082107698,16.553064635874634,16.90350737696769,81247000
2002-06-20,16.486024856567383,16.790757302437108,16.42507929736306,16.56830275644765,86401200
2002-06-21,15.931415557861328,16.623158508388897,15.931415557861328,16.272716812612128,116820000
2002-06-24,16.504308700561523,16.650580130463958,15.800376354347941,15.873512650530154,104523200
2002-06-25,16.135581970214844,16.76028320254457,16.089871641950403,16.668863708477627,84025200
2002-06-26,16.495166778564453,16.57439669896368,15.556590335205444,15.556590335205444,112131400
2002-06-27,16.735912322998047,16.742007113943284,16.10816396765106,16.63839799279924,95812400
2002-06-28,16.66886329650879,17.001021674630262,16.45555037398329,16.623152969374072,89555600
2002-07-01,16.04721450805664,16.574401629848296,16.022836510859026,16.49212370968951,66473800
2002-07-02,15.67543888092041,16.12644282702219,15.641919283459131,15.961888165748517,82814200
2002-07-03,15.797329902648926,16.004548057030576,15.373751992577086,15.614490901706066,80936600
2002-07-05,16.714569091796875,16.72980663941141,16.166051089062105,16.178240662169063,35673600
2002-07-08,16.126445770263672,16.738958838471905,16.022837820626613,16.580497775116104,63199400
2002-07-09,16.21480941772461,16.678002767876052,16.14167429859961,16.245283352744824,85277200
2002-07-10,15.919228553771973,16.51650405890974,15.885707788056477,16.361089811040152,90673400
2002-07-11,16.12339210510254,16.172149245227693,15.617536340380875,15.8582752283259,129550600
2002-07-12,15.803421020507812,16.37327023147323,15.687622393492969,16.26356639140251,95733800
2002-07-15,15.785144805908203,15.803429176176579,14.627161425545024,15.660204515230166,136965600
2002-07-16,15.617537498474121,16.089872546423376,15.431650524693485,15.63582186330012,97154600
2002-07-17,15.846097946166992,16.242250162328602,15.593169286351788,16.004559065124198,98034800
2002-07-18,15.574881553649902,16.07159595914877,15.437751667167086,15.86437772234418,91053600
2002-07-19,15.102537155151367,15.507830615638246,14.873987870395538,15.197003448874908,112543400
2002-07-22,14.477845191955566,15.233583056525038,13.98722668657745,14.916660876216886,180069800
2002-07-23,13.106542587280273,14.261478889156875,13.094354172356883,14.167012570574673,168061600
2002-07-24,14.087782859802246,14.127398408953972,12.618972352396561,12.722581445396482,202307800
2002-07-25,13.051692008972168,13.929320669521106,12.932845371381282,13.850090740255947,163411400
2002-07-26,13.819616317749023,13.837900683467208,13.310713677777878,13.328998043496062,123538000
2002-07-29,14.703349113464355,14.718585512177478,14.185303419979288,14.276722974720721,112148600
2002-07-30,14.657630920410156,14.880086640078215,14.42298794822598,14.490028299223422,122690600
2002-07-31,14.621062278747559,14.627157067020924,14.127396053224963,14.5083116018453,93875600
2002-08-01,13.941512107849121,14.65458621625727,13.86532898157672,14.499173150144967,92002800
2002-08-02,13.53316593170166,13.971980172269843,13.347278980413863,13.868371109050178,85947600
2002-08-05,13.405181884765625,13.764765130382836,13.350329947095076,13.496601393395837,78941600
2002-08-06,13.917129516601562,14.398607313861644,13.664202204245699,13.682486568527386,88715800
2002-08-07,14.34985065460205,14.413844188049092,13.76171695205657,14.32242468848732,86349400
2002-08-08,14.904465675354004,14.931891645282603,14.142634468962035,14.35594743924422,88748000
2002-08-09,14.663727760314941,14.97760302976638,14.523551087529697,14.672870525905108,69049400
2002-08-12,14.770384788513184,14.855709517342826,14.505266674000096,14.508314650008153,56866600
2002-08-13,14.340712547302246,15.145206199388895,14.298049018814496,14.62411387871399,100122800
2002-08-14,15.14824390411377,15.154338690232818,14.386413076156387,14.398602648394487,96706000
2002-08-15,15.166534423828125,15.462125277146159,14.855707180253527,15.224433171787899,98745600
2002-08-16,15.236624717712402,15.306713051918413,14.907513065827953,15.062927288927458,69334000
2002-08-19,15.846097946166992,15.861334346314973,15.190922277638421,15.248822225648697,79848200
2002-08-20,15.553546905517578,15.7546703067759,15.465174202512289,15.657156000860484,70317600
2002-08-21,15.931415557861328,15.96188950692602,15.5870686518975,15.712008936907006,81203400
2002-08-22,16.220901489257812,16.287942972617405,16.028919799385434,16.105102880489856,72517600
2002-08-23,15.913130760192871,16.105111389029545,15.797332090246972,16.047212635287686,57929200
2002-08-26,15.876567840576172,16.044171698915903,15.596214409285356,15.998461344375503,55652400
2002-08-27,15.492600440979004,15.98321995496497,15.434701684112317,15.94665238023139,65470200
2002-08-28,15.04769515991211,15.43775249120601,15.02331599547497,15.382900533684987,68875000
2002-08-29,15.413365364074707,15.54135241421004,14.785616201014465,14.898366863628238,94275600
2002-08-30,14.956274032592773,15.382898902850757,14.931894870740216,15.279289789902226,58138400
2002-09-03,14.328521728515625,14.78562046061963,14.322426939258776,14.78562046061963,74452600
2002-09-04,14.691147804260254,14.809993246817871,14.368132224480428,14.459551706258459,80232000
2002-09-05,13.990264892578125,14.480884258530933,13.98112329226856,14.474789470837258,90438800
2002-09-06,14.572301864624023,14.709431663844297,14.465645999931443,14.550970691685507,69918400
2002-09-09,14.840470314025879,14.916653425327386,14.209674245446367,14.398608035984736,81653200
2002-09-10,15.172632217407227,15.181773820879274,14.733816651352237,14.791716573241322,83950000
2002-09-11,14.803901672363281,15.571826355618294,14.78866412123854,15.30670947300735,77443200
2002-09-12,14.36813735961914,14.718579025425585,14.32852181045417,14.672869849431107,63726800
2002-09-13,14.599736213684082,14.706392139662674,14.276719296850851,14.291956854101285,59549200
2002-09-16,14.560111999511719,14.666769024532172,14.337657512987981,14.505260080921019,50166200
2002-09-17,14.410799980163574,14.901419483537271,14.386420822560357,14.831329986659128,73343400
2002-09-18,14.550970077514648,14.700289444243493,14.218811761183911,14.237096121128776,83951800
2002-09-19,14.383368492126465,14.572302241234057,14.197481555319513,14.224907515872372,77777600
2002-09-20,14.462602615356445,14.627158426647132,14.413845467099438,14.538785732161898,130619200
2002-09-23,13.783055305480957,14.234059412250428,13.655068171955381,14.200538640385364,89783800
2002-09-24,13.907983779907227,14.163958991422275,13.600204628691827,13.661151329045243,104142200
2002-09-25,14.17310905456543,14.310238921646626,13.728199852446274,14.139589453689862,107116600
2002-09-26,14.078639030456543,14.474790971932828,14.00245592007795,14.355945505736145,100852200
2002-09-27,13.789143562316895,14.352898138001379,13.7708591965656,14.029882480296305,81011600
2002-09-30,13.329000473022461,13.725152502761391,13.137018666605506,13.67334737168152,115577000
2002-10-01,14.087782859802246,14.09387764909191,13.161395812092628,13.50574385095445,110636600
2002-10-02,13.898848533630371,14.264527740408347,13.761718685780862,14.048166797151497,103488600
2002-10-03,13.652016639709473,14.197488128549567,13.591069903323254,13.80438289944387,105221400
2002-10-04,13.33814525604248,13.886663671248956,13.313766091496058,13.831811713482054,107120400
2002-10-07,13.423465728759766,13.73124618951985,13.313761848190317,13.350330583354918,89790000
2002-10-08,13.709911346435547,14.01159577495463,13.447841293403217,13.63677505810439,115667600
2002-10-09,13.405181884765625,13.850091012571538,13.350329947095076,13.478317026684946,123142600
2002-10-10,14.133491516113281,14.206626653960527,13.179678611351529,13.40822795143277,118515000
2002-10-11,14.892279624938965,14.901422392055801,14.32547688711774,14.432133978756244,108828800
2002-10-14,15.020263671875,15.03245324962256,14.57840135945395,14.703341625211147,76216200
2002-10-15,15.934463500976562,15.958841497715502,15.434702361974232,15.62058821980331,133374200
2002-10-16,15.361559867858887,15.62058193664134,15.321944331322829,15.355465080510122,95437400
2002-10-17,15.471270561218262,15.998457694316446,15.251862769422544,15.931416166276124,182602400
2002-10-18,16.196531295776367,16.21176768683125,15.584018378195678,16.028927506786246,152817200
2002-10-21,16.001501083374023,16.14777368823995,15.651059449217572,15.836946437208516,112378600
2002-10-22,15.74553394317627,15.824765075484992,15.55050525205125,15.672398765235734,87159000
2002-10-23,16.211769104003906,16.23005230988317,15.672392443783341,15.672392443783341,110866600
2002-10-24,15.611445426940918,16.263572773880284,15.510884309053043,16.260525960443402,95833400
2002-10-25,16.053312301635742,16.08987988550532,15.590118643591817,15.617544622109632,75425800
2002-10-28,15.830851554870605,16.303186636135383,15.696768528279927,16.272713855071366,79906600
2002-10-29,15.86741828918457,15.99540652033116,15.495644334975454,15.891797442721833,90517200
2002-10-30,16.184341430664062,16.269666149026552,15.733337521164755,15.907034933523876,94451200
2002-10-31,16.294044494628906,16.476883499881318,16.105109538411096,16.20871861804401,105973800
2002-11-01,16.15082359313965,16.223959909573132,15.81561828543677,15.977126149380226,105097800
2002-11-04,17.095489501953125,17.445932274638082,16.918745290375902,17.293566053898886,139964200
2002-11-05,17.272235870361328,17.30880343995458,16.93703063042201,16.99797619225674,76658200
2002-11-06,17.378890991210938,17.40022216939448,16.921792323057367,17.36670257686465,115407000
2002-11-07,17.06806755065918,17.253954569681298,16.91265448043052,17.125967472135613,73699600
2002-11-08,16.790754318237305,17.232616518709197,16.76332835648493,17.06501393576105,64522200
2002-11-11,16.41289520263672,16.790762910748686,16.40070562173958,16.78162130630704,58341200
2002-11-12,16.61096954345703,16.891324072915346,16.42508367836396,16.48602925382407,81398600
2002-11-13,16.8699893951416,17.043686806646335,16.489073815094013,16.52868936090835,107370200
2002-11-14,17.3667049407959,17.369751754181692,17.0254037184778,17.06197245388043,78337000
2002-11-15,17.27527618408203,17.34536448379268,16.964449053325044,17.247850226589893,77533600
2002-11-18,17.019306182861328,17.378890552392907,16.985786591177874,17.35451256185385,58086400
2002-11-19,16.717626571655273,17.004074727768206,16.55002391475449,16.92789159622582,76403400
2002-11-20,17.253955841064453,17.339281741511225,16.738958274360584,16.763336272729397,76435400
2002-11-21,17.62572479248047,17.674481937533805,17.302707979963348,17.363654701895527,82922200
2002-11-22,17.74152183532715,17.765899824407015,17.384984300030954,17.506877732816065,70002000
2002-11-25,17.744571685791016,17.869511952676824,17.543448300987954,17.692767723589103,61583000
2002-11-26,17.33927345275879,17.750661714197523,17.302704728993085,17.564774770338218,68650400
2002-11-27,17.698862075805664,17.860369909817216,17.49164390718679,17.552589470047085,55191800
2002-11-29,17.576974868774414,17.866471045042722,17.576974868774414,17.805524298071102,28393000
2002-12-02,17.58001708984375,17.967027495166555,17.372798901758117,17.872561166381363,63735000
2002-12-03,17.281383514404297,17.476412170374203,17.189963977226213,17.4550809837814,58457400
2002-12-04,17.22957420349121,17.50383273013934,17.01016645220301,17.104633936777013,83892000
2002-12-05,16.863893508911133,17.3971752862733,16.85170393215197,17.354512930078247,68435800
2002-12-06,16.90351104736328,16.98578895650632,16.522595447142994,16.72067086178025,71670200
2002-12-09,16.312328338623047,16.827326944002344,16.30623354988022,16.7602854302933,63862800
2002-12-10,16.45859718322754,16.601821789922145,16.297089375652366,16.321468526775664,63730200
2002-12-11,16.656679153442383,16.763335068259504,16.32756864310506,16.409845398842673,69186200
2002-12-12,16.507354736328125,16.778567568286938,16.361083313311674,16.760283204486655,55242000
2002-12-13,15.998456001281738,16.379371620359873,15.995409187812488,16.358040438688477,65245400
2002-12-16,16.601831436157227,16.623162624553313,16.050265027363587,16.15082734048449,60140400
2002-12-17,16.56525421142578,16.757235957739656,16.388508853319884,16.583537412290593,49549800
2002-12-18,16.312328338623047,16.577446417856756,16.086826967448783,16.40679582044378,62709400
2002-12-19,16.184341430664062,16.68410248815081,16.114253103086003,16.227003789845305,82686600
2002-12-20,16.163015365600586,16.370233600733606,16.13558938852526,16.300145250977213,98294600
2002-12-23,16.45555305480957,16.540877772735527,16.120347809418657,16.166056981538095,48798400
2002-12-24,16.400707244873047,16.525647555277683,16.3092877040218,16.31538249507355,18386000
2002-12-26,16.26966667175293,16.665818657186534,16.202625155192944,16.464695269968725,37228000
2002-12-27,16.14167594909668,16.45554995589729,16.120344773632283,16.236142251164193,40891600
2002-12-30,16.074636459350586,16.223955868750117,15.928365025377056,16.15386638349632,48019600
2002-12-31,15.754669189453125,16.147774361180584,15.620586156481947,16.07159124243319,58208800
2003-01-02,16.370227813720703,16.37936941536002,15.757714929721045,15.937507124220687,67025200
2003-01-03,16.391551971435547,16.394598783189576,16.11424560335649,16.33060527420092,55546800
2003-01-06,16.690196990966797,16.830373643720954,16.394606132473047,16.461647645730288,59456200
2003-01-07,17.004074096679688,17.06806764580928,16.662774005526245,16.735909158113696,80517400
2003-01-08,16.528690338134766,16.927889145650745,16.48907478997824,16.87303720588391,64566000
2003-01-09,17.00711441040039,17.04063399546468,16.617056176642926,16.674956072355847,61808000
2003-01-10,17.040639877319336,17.15643854625321,16.729813767882483,16.790759334462464,67730200
2003-01-13,17.183866500854492,17.29357039330821,16.99493266521881,17.223482053676626,60817800
2003-01-14,17.36061668395996,17.369758290019302,17.122924464253536,17.16558800494324,54206400
2003-01-15,17.14729118347168,17.467259950378207,17.122912035059635,17.369745681653583,59622600
2003-01-16,16.866945266723633,17.263098490301854,16.793810109651787,17.162536196250112,81371000
2003-01-17,15.681529998779297,16.150818202911356,15.635820833418023,16.132533839289692,155876000
2003-01-21,15.641919136047363,15.891799682715568,15.629729557560575,15.806473795770245,86159200
2003-01-22,15.541359901428223,15.967985932334747,15.513933925691912,15.721152150707947,86948000
2003-01-23,15.931415557861328,16.010646662967236,15.681534987842312,15.830854432103575,71374800
2003-01-24,15.190913200378418,15.861324868453574,15.145204027247779,15.85523007954373,103027000
2003-01-27,14.983696937561035,15.419464519242709,14.752100741771448,15.029407278981399,114838600
2003-01-28,14.877039909362793,15.145204823178231,14.797809974295284,15.142156847332068,86151200
2003-01-29,15.209198951721191,15.248814502010626,14.605828744262642,14.849614510539496,106884000
2003-01-30,14.700294494628906,15.288427077474541,14.685056941542374,15.28538026433449,87877400
2003-01-31,14.462602615356445,14.733814325189924,14.331567561454095,14.459555802167555,106858400
2003-02-03,14.797811508178711,14.962366184600974,14.462605040547674,14.605829696146719,80129800
2003-02-04,14.419937133789062,14.608870897069973,14.285855295728716,14.566208546889948,81854800
2003-02-05,14.310233116149902,14.788662887513496,14.240144804178493,14.57535113910566,101072000
2003-02-06,14.45041561126709,14.511362348058368,14.188346619250531,14.27976614320629,83312000
2003-02-07,14.19443416595459,14.611917181876276,14.142629059255613,14.590586009253675,75208000
2003-02-10,14.438223838806152,14.480886195907715,14.182248533734725,14.261478459428766,74081400
2003-02-11,14.151777267456055,14.526598113182573,14.017695382285822,14.4138474105971,84292000
2003-02-12,14.151777267456055,14.352900676442534,14.096925322963171,14.185298029364178,71315200
2003-02-13,14.319384574890137,14.358998973674556,14.057314367731419,14.142639118913307,73558200
2003-02-14,14.718574523925781,14.779521235740793,14.252334329095357,14.398605739974277,90446400
2003-02-18,15.212244033813477,15.230528400126508,14.870943999871558,15.005027027909598,57415500
2003-02-19,14.998239517211914,15.212237103782906,14.77812638108246,15.17555196982779,46902700
2003-02-20,14.75979232788086,15.206133258591334,14.735335945570752,15.144990553515917,50897200
2003-02-21,15.059388160705566,15.163330394708485,14.490764233018945,14.851504858899665,56853200
2003-02-24,14.716988563537598,14.979901303621697,14.576361198534398,14.943216157577332,62403700
2003-02-25,14.790362358093262,14.839276282612051,14.295107560365578,14.392936575603105,68113000
2003-02-26,14.435730934143066,14.96155514250074,14.417387781705187,14.716985607660016,57096000
2003-02-27,14.417393684387207,14.80259071369144,14.246194356807543,14.613049392363962,75434300
2003-02-28,14.490764617919922,14.71699108451177,14.399049987798936,14.515220997405542,56585400
2003-03-03,14.392937660217285,14.747563931252202,14.30733741120883,14.686421229446173,50653500
2003-03-04,14.105565071105957,14.466305671642594,14.09945068527654,14.417391751207111,56605700
2003-03-05,14.331793785095215,14.399049701995702,14.09333738419367,14.105566156793738,55415900
2003-03-06,14.227852821350098,14.36848022021311,14.14225257170301,14.166710119087906,54607600
2003-03-07,14.405171394348145,14.545800018173427,14.001631023476799,14.032202970482528,66167600
2003-03-10,14.03219223022461,14.344017687607698,13.995505921897484,14.252304249189164,48413600
2003-03-11,13.940479278564453,14.22173517809011,13.916022902979488,14.09944980156595,53990700
2003-03-12,14.301216125488281,14.331788044743393,13.787619543997172,13.946590025525323,72379500
2003-03-13,15.083847045898438,15.126646587314033,14.331794962224306,14.502993127886686,80701300
2003-03-14,15.2000150680542,15.261156591630437,14.83316009559774,15.089958459697282,75451400
2003-03-17,15.854238510131836,15.866467280820814,14.875959012809208,14.99213000195496,100983800
2003-03-18,15.921493530273438,15.92149353027344,15.591323761432006,15.829778928128857,78108800
2003-03-19,16.092697143554688,16.1599542305045,15.738070881255686,15.884812662255271,73652100
2003-03-20,16.04990005493164,16.214985021098983,15.69527373846116,15.909272639100285,71798500
2003-03-21,16.245548248291016,16.386175598814205,15.915379635488756,16.35560484129165,85586800
2003-03-24,15.462926864624023,15.854238189150776,15.395669793396086,15.621896215563213,61105200
2003-03-25,15.585213661193848,15.744184204758703,15.303958891486745,15.652470743602036,63595100
2003-03-26,15.438471794128418,15.664699418695099,15.432357407929327,15.566870405709563,51673600
2003-03-27,15.310073852539062,15.444586856205788,15.034932292538969,15.248931154072377,60043300
2003-03-28,15.083847045898438,15.346759847394281,15.041047504482842,15.083847045898438,39584600
2003-03-31,14.802590370178223,15.108302698347453,14.680306138630518,14.827047916207752,71384000
2003-04-01,14.888187408447266,15.102186225314421,14.827044722742402,14.955443313142856,49803200
2003-04-02,15.72584056854248,15.897039879383186,15.346757962952209,15.346757962952209,68282500
2003-04-03,15.731952667236328,15.952065868285173,15.652467992524093,15.890923182860524,57394300
2003-04-04,15.3406400680542,15.774750882613903,15.242812246006952,15.750294510201906,55740600
2003-04-07,15.389562606811523,16.159958011984244,15.389562606811523,16.037672582769417,65627100
2003-04-08,15.640242576599121,15.793098739844304,15.407901721594431,15.475157640406328,54132100
2003-04-09,15.022706985473633,15.695274491374335,15.004364988041953,15.658589330310729,76875800
2003-04-10,15.034933090209961,15.157218493631122,14.845391764487193,15.108303399302628,51608900
2003-04-11,14.796475410461426,15.395671223346268,14.643619264345915,15.218357534076349,71565500
2003-04-14,15.138871192932129,15.212241481958774,14.674188419697733,14.839273319307265,51599600
2003-04-15,15.04104995727539,15.157220993062134,14.735337564510445,15.089963893469774,63399000
2003-04-16,15.236701965332031,15.738069979916643,15.041046268538032,15.652470904119253,86178700
2003-04-17,15.591330528259277,15.615788077099271,15.126647596100478,15.144990757730472,58356600
2003-04-21,15.414015769958496,15.658586577249894,15.334531073928817,15.658586577249894,41557800
2003-04-22,15.750295639038086,15.774752013202892,15.303956023183055,15.32229801225673,58844000
2003-04-23,15.72584056854248,15.890925493331743,15.572984415856105,15.744183726696809,55559300
2003-04-24,15.585213661193848,15.725841046047398,15.481271427562977,15.579099274956745,51703600
2003-04-25,15.420133590698242,15.676932062581098,15.389562816078977,15.487390694300988,53657400
2003-04-28,15.73807430267334,15.860359729857544,15.481275838546726,15.524075388201117,56287600
2003-04-29,15.774755477905273,16.04989703643849,15.701385173096394,15.866470108216324,65877300
2003-04-30,15.634130477905273,15.82367182152935,15.438474746912663,15.731958343401582,55566800
2003-05-01,15.72584056854248,15.866469115325868,15.493499729587143,15.615785118216202,42085800
2003-05-02,15.95818042755127,16.074351414505553,15.62801062237585,15.68303892323842,52695400
2003-05-05,15.811439514160156,16.1354937849894,15.799210743057218,16.049894719668437,50391500
2003-05-06,16.123271942138672,16.202756650314004,15.786987613827119,15.81144516477351,54299500
2003-05-07,15.890929222106934,16.11104250680843,15.7992157422147,15.964300705740822,49120000
2003-05-08,15.73807430267334,15.982643990841483,15.719731138735632,15.744188690652578,46401400
2003-05-09,16.11716079711914,16.202759910253317,15.82979034668221,15.835904735649,58913600
2003-05-12,16.019330978393555,16.184414795830044,15.933730709359484,15.988759037238419,53900800
2003-05-13,15.890929222106934,16.019329026916196,15.829786513445388,15.921501159537792,44501900
2003-05-14,15.664702415466309,16.00709994471908,15.615788482715912,15.945957237231049,45021000
2003-05-15,15.768656730651855,15.903169857061924,15.63414243804075,15.805341916727139,45450200
2003-05-16,15.634130477905273,15.927614074394194,15.536302612408969,15.82367182152935,60620900
2003-05-19,15.138871192932129,15.615782736404203,15.126642422694447,15.530182510940158,55336300
2003-05-20,15.059388160705566,15.285615787488366,14.979903471738599,15.20001671226241,52677600
2003-05-21,14.69253921508789,15.108307123568421,14.606938945112212,15.059393183382458,108960900
2003-05-22,14.772015571594238,14.839272638616622,14.698645285933154,14.79647311094771,93157100
2003-05-23,14.808704376220703,15.004361240830184,14.692534534165015,14.796476769720071,76968000
2003-05-27,15.157212257385254,15.218353767739888,14.808699350886243,14.827042503712368,68486800
2003-05-28,14.924874305725098,15.206130226509936,14.857617226933097,15.15110191953464,91467000
2003-05-29,14.918761253356934,15.083846189039239,14.814819016023629,14.961560792341242,75451300
2003-05-30,15.047161102294922,15.230588031943872,14.986018403678612,15.12053140767451,85096700
2003-06-02,15.065506935119629,15.303963403876013,15.022707385040356,15.273391463676335,66310800
2003-06-03,15.21224594116211,15.236703488806771,15.022704611716215,15.132761243717075,61058200
2003-06-04,15.206132888793945,15.420130602053554,15.126647024268888,15.279503200140077,83484600
2003-06-05,14.729219436645508,14.992132214256188,14.680305512871422,14.961560283022427,115877900
2003-06-06,14.472423553466797,15.01659119553703,14.46019477885395,14.943220880260215,119629400
2003-06-09,14.521330833435059,14.66195817846042,14.429617398253283,14.502987679918864,73610000
2003-06-10,15.089962005615234,15.132761548655782,14.582479543762862,14.637507860872162,80655300
2003-06-11,15.21224594116211,15.261159870251374,14.93099114044885,15.08384731462781,75768600
2003-06-12,15.279508590698242,15.371222095337151,15.1266523608999,15.26727981242626,66177700
2003-06-13,15.071614265441895,15.438469212645698,14.973786435014176,15.407898452961934,55157500
2003-06-16,15.524067878723145,15.542411033787694,15.083842652971219,15.16332732585154,69658600
2003-06-17,15.872586250305176,15.982642893977893,15.609674582442802,15.676930513198208,122213900
2003-06-18,15.939837455749512,16.159950661739067,15.719724249759954,15.884809154252121,89957700
2003-06-19,15.939837455749512,16.13549312054034,15.90315231015117,15.952066226348876,63626900
2003-06-20,16.09881019592285,16.129380960439033,15.903154504139499,16.10492458206607,86048900
2003-06-23,15.76252269744873,16.04377738389883,15.585209047660948,15.982634705827198,52584500
2003-06-24,15.713607788085938,15.921492180578245,15.603551207801832,15.68303586789618,51820300
2003-06-25,15.44459056854248,15.890930392093725,15.371219079506536,15.6769314791225,60483500
2003-06-26,15.744174003601074,16.20885656073864,15.41400435792471,15.524060906483498,51758100
2003-06-27,15.670808792114258,16.10492077609257,15.609667277531079,15.866465603859194,76040300
2003-06-30,15.676922798156738,15.97040742558558,15.591323746848113,15.860350836074716,48073100
2003-07-01,15.988755226135254,16.01932716000322,15.524072327142484,15.646357730214278,60926000
2003-07-02,16.43509864807129,16.465670588790722,16.172186955085945,16.202757729605082,94069300
2003-07-03,16.202749252319336,16.477890743838596,16.147720954015487,16.31892023387188,39440900
2003-07-07,16.7652587890625,16.844743455968,16.477889711850786,16.520689237584488,88960800
2003-07-08,16.936464309692383,16.99760584548041,16.661322733846102,16.66743712066491,61896800
2003-07-09,16.795833587646484,16.936462134013738,16.66132059351247,16.850861895746736,62300700
2003-07-10,16.453439712524414,16.765266470861906,16.25778398169308,16.661324218082743,55350800
2003-07-11,16.698001861572266,16.783602079938984,16.441203538871353,16.47788984654264,50377300
2003-07-14,16.753034591674805,17.003718596123885,16.539035738408536,16.893661976375522,60464400
2003-07-15,16.673545837402344,16.832516342031074,16.5696036292297,16.795830033593923,53567600
2003-07-16,16.82640838623047,16.887551090787138,16.6307526646092,16.850864768333082,49838900
2003-07-17,16.318923950195312,16.673550194357446,16.22721048753613,16.594064338172856,72805000
2003-07-18,16.44120216369629,16.649086558313904,16.35560311868887,16.575716281507408,63388400
2003-07-21,15.921493530273438,16.453432158474044,15.897035992048322,16.428975786448536,48480800
2003-07-22,16.12937355041504,16.239430118031873,15.97651746565819,16.068232049471803,51791000
2003-07-23,16.172182083129883,16.29446631056795,15.982639606370974,16.1538389242242,49828200
2003-07-24,15.897050857543945,16.459561934535834,15.884822076996128,16.373962803102515,53556600
2003-07-25,16.44120216369629,16.47788846829906,15.939834329453639,16.068234063164294,54173000
2003-07-28,16.2700138092041,16.508469100809503,16.19664232229463,16.471783940454877,52658300
2003-07-29,16.184415817260742,16.44732869678631,16.043788377672772,16.435099919552474,62391100
2003-07-30,16.03766441345215,16.24554883750434,16.00097926985461,16.17829176907578,41240300
2003-07-31,16.147722244262695,16.502348436001075,16.086579556128537,16.26389323509762,64504800
2003-08-01,16.000980377197266,16.208864815636037,15.970409616450294,16.098808211027304,42649700
2003-08-04,16.007097244262695,16.147724631420708,15.744184462758618,15.9887540852508,51825600
2003-08-05,15.6891508102417,16.227204962733293,15.65246567090804,16.08657645725508,58825800
2003-08-06,15.683034896850586,16.013204617259802,15.548521954942817,15.615779008996421,56294900
2003-08-07,15.719734191894531,15.780876917362054,15.560764738359659,15.725848581061332,44258500
2003-08-08,15.640242576599121,15.884812204551418,15.591328651008661,15.82366950601335,33241400
2003-08-11,15.658585548400879,15.89092640062168,15.615786009797043,15.658585548400877,36433900
2003-08-12,15.731952667236328,15.756410207886077,15.560754547486981,15.719723896911452,38208400
2003-08-13,15.652473449707031,15.829786016438252,15.59133074296518,15.768644475896533,39636900
2003-08-14,15.670808792114258,15.719722703500581,15.603552892832834,15.689151946208993,37338300
2003-08-15,15.615781784057617,15.689152068609692,15.548524718051844,15.658581311079603,27607900
2003-08-18,15.713607788085938,15.793092448180284,15.566864903574123,15.628007577754127,45817400
2003-08-19,16.276121139526367,16.294463128650357,15.756410067351835,15.805323982015338,72952900
2003-08-20,16.172182083129883,16.2210960073451,15.89704053054433,16.080467454801404,56739300
2003-08-21,16.043781280517578,16.343379193013615,15.97652420168382,16.2944652719163,63802700
2003-08-22,16.031553268432617,16.477894131572672,16.025438882230706,16.373951898540046,65846300
2003-08-25,16.202749252319336,16.227206792098688,16.03766435740778,16.086578270766797,36132900
2003-08-26,16.245548248291016,16.306690929535772,15.872578942277674,16.0865777435345,47546000
2003-08-27,16.153839111328125,16.25166696089166,16.080467641055495,16.20886742248261,30633900
2003-08-28,16.208866119384766,16.251665654352987,16.043781199193177,16.20275173350361,46211200
2003-08-29,16.214984893798828,16.23332689020663,16.11104263808729,16.178298568582864,34503000
2003-09-02,16.66743278503418,16.691889159747646,16.184406847796044,16.32503537564749,74168900
2003-09-03,17.303314208984375,17.36445689690795,16.740803579247086,16.765261120896426,109437800
2003-09-04,17.38280487060547,17.40726125283286,17.113777668903563,17.18103476087906,59840800
2003-09-05,17.35223960876465,17.578467353926023,17.22384092873832,17.260526099288622,64024500
2003-09-08,17.633487701416016,17.682401628715645,17.32777536424334,17.3583461314806,46105300
2003-09-09,17.34611701965332,17.554000317994326,17.309430702710863,17.517315167251784,44315200
2003-09-10,16.844745635986328,17.229943749840544,16.801946104713583,17.138230301941842,54763500
2003-09-11,17.022064208984375,17.18714916240817,16.869208029784588,16.912007573368513,37813300
2003-09-12,17.32777214050293,17.364457287602566,16.783604654759053,16.80194664520897,55777200
2003-09-15,17.34000587463379,17.492862058532324,17.321662712733918,17.34612026193375,41432300
2003-09-16,17.6701717376709,17.700743669174447,17.315545495629333,17.370573806135777,52060600
2003-09-17,17.425601959228516,17.700743509275256,17.40725880049209,17.584572503011085,47221600
2003-09-18,18.037031173706055,18.043145561505575,17.376692451960757,17.419492000357174,67268100
2003-09-19,18.318288803100586,18.32440319183064,18.049262696180573,18.19600452710069,92433800
2003-09-22,17.77411651611328,18.342741695258304,17.615145948143695,17.969772240937353,65678700
2003-09-23,18.098169326782227,18.165425243235514,17.657942845706483,17.80468578353169,57827800
2003-09-24,17.40113639831543,18.15930361670136,17.376680030799424,18.1042753320411,66336500
2003-09-25,17.266632080078125,17.706857410898255,17.254403307116462,17.407259470537337,56224500
2003-09-26,17.236064910888672,17.596805625141343,17.205492972104416,17.28497884674326,49864700
2003-09-29,17.627370834350586,17.67628475476745,17.18103116477171,17.37057246061208,47380300
2003-09-30,16.997610092163086,17.492865052420886,16.967039316631272,17.480636275728028,63333700
2003-10-01,17.437829971313477,17.505085884681037,17.003717896414358,17.138232055549242,58375900
2003-10-02,17.425601959228516,17.57845811676561,17.236060650418505,17.39503119420107,38143600
2003-10-03,17.780229568481445,18.012570432717574,17.688516100130343,17.82914349601537,57303000
2003-10-06,17.84748077392578,17.91473667324346,17.67628150088154,17.823023235119617,34047600
2003-10-07,17.816911697387695,17.957540235594944,17.68239871105883,17.737427015966052,52356800
2003-10-08,17.621261596679688,17.951431530604523,17.535662502491853,17.951431530604523,46989100
2003-10-09,17.694623947143555,17.945307878880385,17.609023730945903,17.86582204713968,62653300
2003-10-10,17.676286697387695,17.85360040726048,17.52954492001021,17.676286697387695,37604700
2003-10-13,17.596803665161133,17.792459386786817,17.425604325638616,17.71908790807714,39320300
2003-10-14,17.535655975341797,17.59068427717988,17.413370600990557,17.52342720466672,34851300
2003-10-15,17.873830795288086,17.990653548381022,17.646335151243647,17.953762584730523,57242100
2003-10-16,17.972211837768555,18.021400192143076,17.707823993226942,17.775458420270482,42232500
2003-10-17,17.787757873535156,18.009106080369182,17.707826055403753,18.00295738876346,49960000
2003-10-20,18.045988082885742,18.058285459981633,17.707817249203302,17.800046404680057,38794500
2003-10-21,18.045988082885742,18.09517641852688,17.935314034507577,18.045988082885742,44166800
2003-10-22,17.763158798217773,17.95991219090149,17.70782175993264,17.849239287073946,48798500
2003-10-23,17.775449752807617,17.879975101478866,17.277417761017457,17.658627028353326,67357900
2003-10-24,16.36129379272461,16.847028688339186,16.24447100102268,16.767098045222905,210558300
2003-10-27,16.54574203491211,16.662564771472443,16.49040501089629,16.54574203491211,65619100
2003-10-28,16.724050521850586,16.736346726193364,16.52729600671455,16.656416120624375,71752600
2003-10-29,16.44120979309082,16.754785740336235,16.392021478194003,16.699448739484577,73551500
2003-10-30,16.06001091003418,16.625677479245006,15.9308907679436,16.6072314095913,98729400
2003-10-31,16.072303771972656,16.256760911891075,16.05385887890052,16.21372126439951,69623700
2003-11-03,16.40432357788086,16.44736321922699,16.16453062024255,16.20142157386177,57772300
2003-11-04,16.029266357421875,16.367437241342977,15.992375393396108,16.348991172958794,84026100
2003-11-05,16.04770851135254,16.182976128280128,15.986222804479157,16.078450778418073,61514400
2003-11-06,16.127635955810547,16.170675590383357,15.986219678573573,16.14608201608836,68189800
2003-11-07,16.04770851135254,16.287501478142186,16.004668868363865,16.219867083307232,57822100
2003-11-10,15.986228942871094,16.127645302061307,15.986228942871094,16.060012053998854,54579100
2003-11-11,15.863256454467773,16.035416254120186,15.783325830937214,15.992376597392756,64990700
2003-11-12,15.973919868469238,16.072296496127496,15.740275670966348,15.893989298275116,75877300
2003-11-13,15.795620918273926,15.943185936812142,15.648055899735708,15.900146286331312,78949500
2003-11-14,15.678800582885742,15.998525425249895,15.641909615764554,15.801772036946632,83146400
2003-11-17,15.463603019714355,15.641911532680076,15.272998298029808,15.611168079025894,103900200
2003-11-18,15.463603019714355,15.887853298199309,15.445158120264692,15.574277107383722,106868300
2003-11-19,15.586566925048828,15.703389646757694,15.475892891086986,15.549675971308973,78853300
2003-11-20,15.432852745056152,15.758724975798694,15.420555369964145,15.475892385135943,106845700
2003-11-21,15.439004898071289,15.605014808107352,15.420558831292839,15.5742725362191,70712900
2003-11-24,15.820215225219727,15.869403566982168,15.543531242584468,15.574273516407528,99463800
2003-11-25,15.617307662963867,15.95547841950805,15.60501028867306,15.90629009508699,85663800
2003-11-26,15.648056030273438,15.758728915543456,15.568124244934364,15.746432710119585,69758400
2003-11-28,15.807921409606934,15.832516172402956,15.617316688909106,15.678802423156325,33402600
2003-12-01,15.887848854064941,16.115344483756797,15.678798118663362,15.92473981538801,101914600
2003-12-02,15.777166366577148,16.04155398905492,15.746424110692617,15.95547473438472,85121700
2003-12-03,15.783329010009766,16.029270792805942,15.752586726938842,15.875557031965467,93121600
2003-12-04,16.109203338623047,16.127648240208217,15.777181037174204,15.814072013087527,87202400
2003-12-05,15.973919868469238,16.281347123086775,15.937028926282867,15.961622496826477,96610900
2003-12-08,16.133787155151367,16.195272859577415,15.869399447038953,16.060005248033924,90504000
2003-12-09,16.219863891601562,16.361281341405256,16.139933309314333,16.25675601211144,103547100
2003-12-10,16.34898567199707,16.37357924882502,16.219865582238167,16.26290639398594,82853700
2003-12-11,16.36129379272461,16.459670510133712,16.15839166647546,16.348996409862725,79309000
2003-12-12,16.385883331298828,16.484260024366304,16.293655328140908,16.41047809093704,69154100
2003-12-15,16.44120979309082,16.66255779649745,16.404318850103692,16.631814366723233,88860600
2003-12-16,16.637969970703125,16.699455683075225,16.45966269484069,16.496553653166984,73978000
2003-12-17,16.62567901611328,16.65027260518229,16.50885624299281,16.62567901611328,53712300
2003-12-18,16.847017288208008,16.877760724559078,16.63181792471925,16.66256136107032,61177800
2003-12-19,16.822439193725586,16.939260841145213,16.71791375942053,16.902369856314976,76856400
2003-12-22,16.711755752563477,16.865469471887653,16.58263561850501,16.699458373559317,43894800
2003-12-23,16.69330596923828,16.81012869829562,16.607226680849898,16.705603345505864,39609000
2003-12-24,16.62567901611328,16.699460956063103,16.60108425430148,16.687163575157204,19924200
2003-12-26,16.730201721191406,16.754796480776925,16.601082751595488,16.6318250283347,12076900
2003-12-29,16.883914947509766,16.926955775502513,16.699458947082867,16.730201222906466,40426700
2003-12-30,16.92080307006836,16.939247962088036,16.847019983762543,16.853168672016558,34406600
2003-12-31,16.82857322692871,16.939246085009955,16.742492773653645,16.859315492049795,42198900
2004-01-02,16.877765655517578,17.074519014678575,16.803982559460938,16.957696267898285,44487700
2004-01-05,17.302017211914062,17.326611971827276,17.043778096538805,17.04992678651711,67333700
2004-01-06,17.363496780395508,17.388091531585353,17.25897143332324,17.332754514150487,46950800
2004-01-07,17.34505271911621,17.40653843144574,17.222082467199577,17.320459137829854,54298200
2004-01-08,17.314311981201172,17.51106533986942,17.21593530186705,17.45572831115116,58810800
2004-01-09,17.006885528564453,17.252827240832765,16.963845875510323,17.234382345376762,67079900
2004-01-12,16.951547622680664,17.049924302515635,16.81627998109321,17.013033340763155,55845200
2004-01-13,16.865468978881836,16.99458793642333,16.760943605887142,16.93925090526481,51555900
2004-01-14,17.031476974487305,17.049921866356804,16.890059491281097,16.920802932300866,43907000
2004-01-15,16.933103561401367,17.043776452104684,16.859320461523236,16.93925107804384,58504100
2004-01-16,17.099109649658203,17.142149292960166,16.926951076450354,17.037623942337262,63983400
2004-01-20,17.277420043945312,17.338905758242547,17.17289468146275,17.20363695224014,63068500
2004-01-21,17.400388717651367,17.400388717651367,17.12370478758523,17.295863364672865,53570600
2004-01-22,17.222078323364258,17.48646600184674,17.179038686912158,17.437277678366893,78425200
2004-01-23,17.511064529418945,17.68322429665699,17.351202139714147,17.388094272313886,127259100
2004-01-26,17.707813262939453,17.726259324430835,17.412683315530302,17.51720865183048,58299600
2004-01-27,17.36964988708496,17.658631250629664,17.351203818999842,17.609442908478595,63196200
2004-01-28,17.037622451782227,17.4864672550378,16.890057470767243,17.400386803222393,71336000
2004-01-29,17.160600662231445,17.1851954218603,16.95154989635695,17.099114935902,63748400
2004-01-30,17.000736236572266,17.154449947884387,16.93925051749891,17.117558985537393,40528700
2004-02-02,16.847017288208008,17.09295891530565,16.74864063736895,16.976137375398135,62891800
2004-02-03,16.77938461303711,16.93924579623214,16.711750223633057,16.847017829698938,47993800
2004-02-04,16.607227325439453,16.86546637337019,16.607227325439453,16.736346263033624,60648000
2004-02-05,16.576486587524414,16.705606718922983,16.496555971129172,16.63797230853599,55527500
2004-02-06,16.6502685546875,16.717902960473808,16.558040565815045,16.619526282644184,47209600
2004-02-09,16.539594650268555,16.74249669674137,16.508852377943967,16.717903113430204,48108500
2004-02-10,16.613378524780273,16.693309140218098,16.490407084230085,16.521150530738918,37790600
2004-02-11,16.69330596923828,16.742494301566264,16.508850016193932,16.582631928314733,51515300
2004-02-12,16.570337295532227,16.693307551637663,16.558039918098945,16.65641659208028,44537000
2004-02-13,16.34898567199707,16.63796694299316,16.29364865820643,16.588778616595057,67541100
2004-02-17,16.59493064880371,16.662565051011587,16.348988967242043,16.428919573971168,43477000
2004-02-18,16.45966148376465,16.66871218680272,16.44121541958752,16.539592083047516,50334700
2004-02-19,16.269062042236328,16.588786910039254,16.250617143579525,16.551895939982852,61840600
2004-02-20,16.33669090270996,16.47810721706587,16.29365125684011,16.39202792532617,57821900
2004-02-23,16.36129379272461,16.45352181870277,16.28136197686535,16.435075744409946,50256800
2004-02-24,16.527301788330078,16.57034262318494,16.324399686414225,16.361291830575535,55426500
2004-02-25,16.41663360595703,16.594940996493477,16.361296546507713,16.53960393704416,64275700
2004-02-26,16.29364776611328,16.38587572646738,16.238310755352394,16.34898477687417,66602700
2004-02-27,16.312095642089844,16.367432659007275,16.201421608254982,16.27520351565004,58266500
2004-03-01,16.41663360595703,16.428929818145523,16.29366210212673,16.373592758696205,51912300
2004-03-02,16.226015090942383,16.41047220382859,16.20142151286958,16.36128387494072,66331000
2004-03-03,16.213726043701172,16.324398952984225,16.12149686018445,16.201428662866572,54998700
2004-03-04,16.213726043701172,16.244468323044888,16.115348169767152,16.18913128203197,44023200
2004-03-05,16.201427459716797,16.355141190505872,16.109199455791895,16.127644352931256,59849800
2004-03-08,15.881696701049805,16.201421423426993,15.869399325710162,16.176826672747705,69367800
2004-03-09,15.81406307220459,15.967776753137636,15.703390207036342,15.863251403193471,81111700
2004-03-10,15.59886360168457,15.86325012650785,15.586566226741473,15.771022159919058,75155800
2004-03-11,15.426704406738281,15.850954475078774,15.414407031367887,15.48204142316279,90536300
2004-03-12,15.605016708374023,15.684948501405,15.512788708735906,15.605016708374025,64137100
2004-03-15,15.469746589660645,15.635757666211825,15.408260875448084,15.555825885912759,68835300
2004-03-16,15.482036590576172,15.598859274645179,15.432848277190574,15.53122490396177,65453800
2004-03-17,15.451298713684082,15.654200725898859,15.43900251047585,15.525081796645054,56241400
2004-03-18,15.303731918334961,15.389812367109636,15.113127304516356,15.346771556351207,123231000
2004-03-19,15.143872261047363,15.334478081503358,15.100832615377424,15.229952725129627,86281600
2004-03-22,15.063944816589355,15.272995573169597,14.762666060986684,15.05164743732166,127605200
2004-03-23,14.848739624023438,15.162315637542216,14.824146047748219,15.156166950287867,91696300
2004-03-24,15.008606910705566,15.11313228292331,14.867190575570554,14.990160842875648,97584700
2004-03-25,15.488182067871094,15.518924317590438,15.1131205230385,15.125417892022899,85677900
2004-03-26,15.389816284179688,15.68494631090193,15.371370217731117,15.439004621966728,61584900
2004-03-29,15.561970710754395,15.617307722531926,15.371366099488542,15.525079760483427,51881600
2004-03-30,15.494338035583496,15.574268626070705,15.389812695566556,15.500485550223722,59010400
2004-03-31,15.328332901000977,15.494344006069634,15.291441935233271,15.494344006069634,70533200
2004-04-01,15.420555114746094,15.439001177078813,15.27913882175523,15.34062452345541,69051900
2004-04-02,15.893999099731445,15.924741375054477,15.641908689306176,15.666502275016075,98043800
2004-04-05,15.955483436584473,15.973928331078373,15.820214622335719,15.869402962223667,53800300
2004-04-06,15.863256454467773,15.924742180968114,15.777177141012912,15.844811557437554,48992000
2004-04-07,15.734142303466797,15.850965102324613,15.58657721831416,15.826370335094316,63268900
2004-04-08,15.666497230529785,15.893993981993031,15.592715324414641,15.875547919093119,45294600
2004-04-12,15.746432304382324,15.826362914919303,15.635758249221507,15.666500521102845,38786800
2004-04-13,15.648056030273438,15.844809389965732,15.623461273940636,15.789472360959458,56971500
2004-04-14,15.684946060180664,15.789471422900114,15.605014279590371,15.611162968308275,61079600
2004-04-15,15.506644248962402,15.820220471463422,15.432862298222728,15.697250162649645,73756900
2004-04-16,15.469746589660645,15.61731160012532,15.439004318925592,15.574271951999263,51768600
2004-04-19,15.697244644165039,15.740284295756096,15.408262115923575,15.420559494304605,44592100
2004-04-20,15.574277877807617,15.91244767553219,15.543535595375529,15.771031299955943,59902600
2004-04-21,15.648056030273438,15.67264961386371,15.494342321421017,15.592719001267165,49252000
2004-04-22,15.955483436584473,15.980077020157182,15.660352224514256,15.684946980829494,99207700
2004-04-23,16.933103561401367,17.043776452104684,16.81013211918534,16.847023082753115,258269000
2004-04-26,16.7486515045166,16.93925624259594,16.662572172366502,16.877771675484695,89391000
2004-04-27,16.73634910583496,16.828578274345105,16.681012073825915,16.699458142076463,80716800
2004-04-28,16.330533981323242,16.63181252326548,16.275196986605096,16.607218954913975,72842200
2004-04-29,16.281356811523438,16.56419066390139,16.17683143584459,16.29980287996415,77787300
2004-04-30,16.066158294677734,16.447368855178365,15.961632912987456,16.348992163321945,66172200
2004-05-03,16.201427459716797,16.305952843563077,16.103050765831206,16.103050765831206,65916200
2004-05-04,16.189128875732422,16.31824900981816,15.998524192098108,16.20142625473918,55496400
2004-05-05,16.170677185058594,16.355134287800745,16.139934920972667,16.182974559789844,51841700
2004-05-06,16.06001091003418,16.195278569266648,16.004673873815744,16.084604496829773,62693900
2004-05-07,15.85095500946045,16.21986690107126,15.832508945782989,16.00466868854572,68290200
2004-05-10,15.943175315856934,16.016957189603094,15.75257077381399,15.758718286008055,64621400
2004-05-11,15.949331283569336,16.05385662972283,15.857103312902671,16.041559254236002,57917200
2004-05-12,15.949331283569336,15.986222237287548,15.635755245108854,15.90629164210771,64145600
2004-05-13,16.04770851135254,16.103045530264353,15.857103875513136,15.87554876665553,63861500
2004-05-14,15.900141716003418,16.09074633023518,15.764872941668076,15.986220992222501,43775300
2004-05-17,15.703390121459961,15.857103801555338,15.629607039007563,15.660349305929715,55149600
2004-05-18,15.881696701049805,15.967775982942795,15.764873980807707,15.801766106826639,58158600
2004-05-19,15.752586364746094,16.15224189919363,15.752586364746094,16.004676832908828,60052800
2004-05-20,15.820215225219727,15.906295702860927,15.734135920321101,15.83251260384598,52089900
2004-05-21,15.918583869934082,16.109189624158272,15.850950667129286,15.967772186856651,57809300
2004-05-24,15.83865737915039,16.090747714979795,15.826360003563034,16.016964634197933,56250500
2004-05-25,16.04770851135254,16.103045530264353,15.74028114972794,15.807914371820578,66615000
2004-05-26,16.072303771972656,16.078452460577513,15.893996493401533,15.980075788384665,50306900
2004-05-27,16.103044509887695,16.103044509887695,15.937033463671622,16.084598447171828,49071900
2004-05-28,16.127635955810547,16.20141902417971,15.998517052092115,16.072298947719194,37393000
2004-06-01,16.053855895996094,16.15223254990996,15.906290915125297,16.066152098178662,48369500
2004-06-02,16.066158294677734,16.158387469442967,15.992376362156758,16.060010777586548,54020000
2004-06-03,15.918583869934082,16.06614882070179,15.900138984051855,16.01696050377922,45933100
2004-06-04,15.955483436584473,16.133790728899836,15.949334747505663,16.00467177647242,48815300
2004-06-07,16.250614166259766,16.250614166259766,15.967780320332011,15.998523767032083,65218600
2004-06-08,16.355138778686523,16.385881051213836,16.133790663713818,16.158385419929683,58447700
2004-06-09,16.275211334228516,16.385885421230984,16.232171672114852,16.232171672114852,50385500
2004-06-10,16.45966148376465,16.47195885988273,16.219867340431367,16.219867340431367,48109200
2004-06-14,16.539594650268555,16.539594650268555,16.312099020484574,16.3243952257689,67377500
2004-06-15,16.853164672851562,16.969987376471718,16.58262831758355,16.59492569117348,114183400
2004-06-16,16.797832489013672,16.90850653762601,16.693307128962285,16.810129866135583,67431100
2004-06-17,17.07451820373535,17.166746189868945,16.779388179010866,16.791684383817532,105427500
2004-06-18,17.431129455566406,17.523357417954575,17.031474170056228,17.07451380765456,134218700
2004-06-21,17.431129455566406,17.621734067534245,17.289713168388403,17.35119769481907,116881700
2004-06-22,17.394248962402344,17.43113993498765,17.099117663491278,17.3081684627128,98932000
2004-06-23,17.400388717651367,17.449577050068168,17.215932764273944,17.338904181687123,58558400
2004-06-24,17.455732345581055,17.615594779632602,17.437287446906936,17.511069387089005,65503800
2004-06-25,17.566396713256836,17.60328766294482,17.3696434179314,17.511059702353787,71136500
2004-06-28,17.388097763061523,17.677079156652468,17.320463345793186,17.58485115212282,77024100
2004-06-29,17.523357391357422,17.572545716072597,17.326604092496716,17.326604092496716,55371700
2004-06-30,17.56024932861328,17.707814311052122,17.455723986126326,17.56639801614101,83544400
2004-07-01,17.603290557861328,17.732410662116695,17.375794962507232,17.646331374441345,78441400
2004-07-02,17.566396713256836,17.634031098303257,17.46187137852243,17.597140148615278,36690100
2004-07-06,17.22823143005371,17.41883608584231,17.179043093955286,17.412687397237203,69158900
2004-07-07,17.277420043945312,17.412687677205263,16.93924920168175,17.013032293386924,66255700
2004-07-08,16.994590759277344,17.308166930347397,16.939253718927173,17.14215580929688,59125100
2004-07-09,17.12985610961914,17.215935411398522,16.994587295117217,17.08066776963913,50249300
2004-07-12,17.148292541503906,17.21592691537746,16.963836650793073,17.013024966498758,45757300
2004-07-13,16.969985961914062,17.185185290831228,16.969985961914062,17.1605905457015,43274100
2004-07-14,17.29586410522461,17.437281593127505,16.81012944840392,16.847020406110484,87656300
2004-07-15,17.13599967956543,17.338901667961608,17.092958868791058,17.24667253190156,46759700
2004-07-16,16.896211624145508,17.33890788314454,16.754795284850864,17.326610504229542,66406300
2004-07-19,17.1851863861084,17.37579098204379,16.96998704347576,16.982284416824385,60354500
2004-07-20,17.412683486938477,17.51106013704327,17.123702223848426,17.215930186728894,89010700
2004-07-21,17.744712829589844,18.378012627473264,17.713969380874406,18.378012627473264,201518000
2004-07-22,17.830793380737305,18.015249394889214,17.726267993319823,17.8738330391899,124640700
2004-07-23,17.2343807220459,17.461876344687482,17.22823203322552,17.449578967046726,97372700
2004-07-26,17.62174415588379,17.652486436698904,17.338911419607626,17.437288125507408,72387600
2004-07-27,17.48647689819336,17.683230314715686,17.295870999787343,17.646339342303467,72968400
2004-07-28,17.572551727294922,17.701671856805557,17.388095739699807,17.424986702670317,62718800
2004-07-29,17.511064529418945,17.707817878981018,17.369648206014016,17.69552167419024,60148400
2004-07-30,17.517213821411133,17.713967177748632,17.41883714324238,17.4926202382402,59552900
2004-08-02,17.535659790039062,17.55410468412823,17.314311679029025,17.381946084669316,52267000
2004-08-03,17.258974075317383,17.474173490201988,17.215934426888957,17.449578735247194,53990900
2004-08-04,17.252830505371094,17.338911000509885,17.209790844173103,17.222088225299046,46217900
2004-08-05,16.92694854736328,17.34504871464345,16.920799860275643,17.3143064519474,55591700
2004-08-06,16.687162399291992,17.129858698767375,16.63797405187725,16.834727441536216,75628000
2004-08-09,16.711755752563477,16.77324147484167,16.662567409289444,16.76094409583751,51877500
2004-08-10,17.043766021728516,17.062212078595152,16.75478483393578,16.78552708930497,57632700
2004-08-11,16.853164672851562,16.91465036805912,16.72404576838357,16.84086729926163,53097300
2004-08-12,16.527301788330078,16.791689624438607,16.515005579685813,16.74250127163303,50279700
2004-08-13,16.613378524780273,16.754794860493192,16.588783767573208,16.60722983547851,43333200
2004-08-16,16.656415939331055,16.724050339821115,16.57648416188964,16.619524981219392,54347200
2004-08-17,16.631820678710938,16.83472270125694,16.588781033434874,16.736346034128115,56879700
2004-08-18,16.883914947509766,16.908509706362764,16.533447843053068,16.55804260190607,58844000
2004-08-19,16.674863815307617,16.877765866066397,16.60722940747384,16.816280147375927,46293000
2004-08-20,16.724050521850586,16.82857588158999,16.625673850653783,16.68100970205236,46494800
2004-08-23,16.798049926757812,16.853550186276543,16.72405036486739,16.81655040533133,39572200
2004-08-24,16.798049926757812,16.933716574358137,16.70554988629387,16.896716793412924,40835300
2004-08-25,16.989212036132812,17.0632127533273,16.761045412502675,16.779544709650175,53512700
2004-08-26,16.92137908935547,17.020045926804652,16.890544967526676,16.933711561885506,35465500
2004-08-27,16.933719635009766,17.050887001415585,16.927553983906023,16.958386944232902,33248700
2004-08-30,16.835052490234375,16.8905527589263,16.55755232297677,16.835052490234375,36679600
2004-08-31,16.835052490234375,16.847386144655253,16.680885338579476,16.828886839225962,52106700
2004-09-01,16.89055061340332,16.97071818075371,16.736383481331504,16.791883742973507,48507500
2004-09-02,17.032386779785156,17.06938656542816,16.865885980088674,16.896718938757513,42161700
2004-09-03,16.717884063720703,17.032385152136836,16.711717237335854,16.93371710618111,46174400
2004-09-07,16.87205696105957,16.884389441842245,16.748722743614664,16.82889033781453,44893400
2004-09-08,16.81038475036621,16.939884580797973,16.736384007118122,16.835050880647632,53278100
2004-09-09,16.82271957397461,16.939885759316027,16.76105247967797,16.835052051872342,56904700
2004-09-10,16.95221710205078,16.964550754468867,16.76105019437782,16.859717061318822,52664500
2004-09-13,16.80422019958496,17.001553973369408,16.489719056540224,16.976887839747388,48239200
2004-09-14,16.92137908935547,16.964545683714302,16.81654542754053,16.87821249499664,55920000
2004-09-15,16.767223358154297,16.896723228886202,16.736389215454597,16.87205709092872,52605700
2004-09-16,16.81038475036621,16.865885013751797,16.75488448698062,16.785717443882877,35951500
2004-09-17,16.964553833007812,16.97688748766407,16.810386678410723,16.89055308127231,65283000
2004-09-20,16.964553833007812,17.050887063197525,16.85355329350558,16.921387217912955,51513600
2004-09-21,16.81038475036621,16.97688554052297,16.804217923745377,16.927552103758217,73874400
2004-09-22,16.724044799804688,17.106378486818134,16.69321067910913,16.822711633627605,68409000
2004-09-23,16.865880966186523,16.890547090548434,16.754880466053848,16.76721411633562,52155800
2004-09-24,16.82887840270996,16.933710884127585,16.767211337722024,16.89054429149646,49859800
2004-09-27,16.767223358154297,16.84738977676896,16.730222386914654,16.754889701074415,47813600
2004-09-28,16.816551208496094,16.872051470665536,16.674717727930577,16.779550249581874,62055100
2004-09-29,17.007715225219727,17.07554912879605,16.791881039823707,16.8103815161268,61529300
2004-09-30,17.050886154174805,17.137220555963875,16.97071975558708,17.01388636838062,71218000
2004-10-01,17.42088508605957,17.464051692770788,17.131051315140084,17.155717443460002,66302800
2004-10-04,17.340721130371094,17.550387367197217,17.309886995395207,17.538054889408844,62016200
2004-10-05,17.501062393188477,17.54423020303619,17.32839585860783,17.359228832296502,58017700
2004-10-06,17.593547821044922,17.605880293691627,17.40854661692642,17.507213455309024,56999600
2004-10-07,17.371551513671875,17.63055232806045,17.36538468759098,17.59971937385778,38401500
2004-10-08,17.26055335998535,17.47022077063685,17.248219706134797,17.328387279961415,49556600
2004-10-11,17.303720474243164,17.402387355505976,17.22355407429288,17.390054877499626,44691000
2004-10-12,17.285213470458984,17.365379834703916,17.149545686996287,17.161879335711347,56412900
2004-10-13,17.285213470458984,17.433213726435262,17.229713227442698,17.383880307776504,49500700
2004-10-14,17.143383026123047,17.36538405210392,17.143383026123047,17.291384494244806,41548700
2004-10-15,17.26055335998535,17.414720504511337,17.1557196546596,17.248219706134797,49828500
2004-10-18,17.519554138183594,17.544221445783812,17.254386462491095,17.309886728389614,50350700
2004-10-19,17.37772560119629,17.630559695153035,17.371558772538528,17.593559899408763,57026500
2004-10-20,17.698383331298828,17.729216280436333,17.34071571077635,17.40238160905136,69078100
2004-10-21,17.612049102783203,17.815549626904588,17.556548852913586,17.766216202154,94988500
2004-10-22,17.106386184692383,17.476387566129674,17.007719306469365,17.45172025847294,101912800
2004-10-25,17.038551330566406,17.12488572642906,16.98921789415999,17.063218636870566,61529500
2004-10-26,17.20505142211914,17.20505142211914,17.038550639920764,17.087884074327484,76966600
2004-10-27,17.35921859741211,17.48255277185486,17.007717729312688,17.180385338292165,72392600
2004-10-28,17.272884368896484,17.599719088677173,17.2050504593076,17.334551452504396,63059600
2004-10-29,17.24821662902832,17.359217141476694,17.143382942405047,17.34071784020314,80010100
2004-11-01,17.316055297851562,17.43938949586017,17.24205454380598,17.365388741814588,72930900
2004-11-02,17.414714813232422,17.556548257555466,17.28521501872919,17.42704846305223,89417100
2004-11-03,17.556550979614258,17.66755149279946,17.457884118161136,17.66755149279946,79666700
2004-11-04,17.88338851928711,17.88338851928711,17.501053488587285,17.501053488587285,87867700
2004-11-05,18.074548721313477,18.105382844043344,17.901882338832294,18.012881652055263,95337700
2004-11-08,18.05605697631836,18.179389990220688,17.963555745639102,17.99438988126619,112802100
2004-11-09,18.35822296142578,18.43222252853358,18.09922212414466,18.1485555609505,100401000
2004-11-10,18.33355712890625,18.500057932588025,18.308890996621177,18.45072449181587,84097700
2004-11-11,18.487716674804688,18.549383744458247,18.389049833839607,18.432216429736638,87358900
2004-11-12,18.481557846069336,18.623392520496242,18.376724135163553,18.59872521148216,162269000
2004-11-15,18.82520866394043,18.900812332767515,18.694622177143703,18.790844074978143,104468000
2004-11-16,18.639631271362305,18.79083724311686,18.59151902901241,18.783964065638305,64522600
2004-11-17,18.67400360107422,18.797718225204083,18.598399928344836,18.728987732806925,58830700
2004-11-18,18.605266571044922,18.673997039291148,18.557155636549957,18.6465043276228,63249900
2004-11-19,18.460939407348633,18.605272254926987,18.44719304731497,18.5777808457847,85808600
2004-11-22,18.316612243652344,18.433453726708215,17.93859637484393,18.38534275914266,92410800
2004-11-23,18.234128952026367,18.3509703856023,18.144778926449188,18.22725577229543,70459700
2004-11-24,18.30973243713379,18.371589747604517,18.14478004618687,18.295987387748685,60069200
2004-11-26,18.282238006591797,18.43344401224417,18.247872111494765,18.254745290514172,24398700
2004-11-29,18.399078369140625,18.52279296252002,18.289110133008894,18.309728357955606,67079900
2004-11-30,18.42657470703125,18.564035694467997,18.35097234377366,18.38533693517028,75960400
2004-12-01,18.728992462158203,18.749612008361627,18.426579005801848,18.52280224382572,99889000
2004-12-02,18.619014739990234,18.832078032469358,18.50217332587108,18.74272933269578,96088300
2004-12-03,18.71523094177246,18.85956502645875,18.65337366418182,18.66712001718516,76498400
2004-12-06,18.783971786499023,18.8595754589143,18.60527303137889,18.6258925722899,55297400
2004-12-07,18.605266571044922,18.818329842776038,18.557155636549957,18.735854329620285,111656000
2004-12-08,18.804594039916992,18.804594039916992,18.495307436263637,18.564037938289417,95655000
2004-12-09,18.71523094177246,18.804580925369777,18.515914066921578,18.646500487680154,83006000
2004-12-10,18.61214828491211,18.680878784679688,18.584656871560227,18.61214828491211,70949200
2004-12-13,18.728992462158203,18.749612008361627,18.49530951555449,18.62589735299196,93812500
2004-12-14,18.71523094177246,18.78396139586477,18.58464452101389,18.59151638659118,127843200
2004-12-15,18.632766723632812,18.83208371912619,18.605274000985357,18.708369089062977,106303900
2004-12-16,18.667131423950195,18.749608281444274,18.564036335276484,18.66025824324859,88997500
2004-12-17,18.5296630859375,18.777092249404653,18.419694860157577,18.55715579784481,126184400
2004-12-20,18.522798538208008,18.660258219288064,18.481559454051336,18.56403631143951,85552800
2004-12-21,18.605266571044922,18.673997039291148,18.51591787997208,18.557155636549957,94646100
2004-12-22,18.536548614501953,18.66026327866451,18.405962078708615,18.447199863120957,63651900
2004-12-23,18.56403160095215,18.660253484385105,18.440317001724154,18.46780971751919,65801900
2004-12-27,18.45406150817871,18.625887031884428,18.43344197340113,18.564029738476393,55958500
2004-12-28,18.522798538208008,18.577782672825066,18.4197021387415,18.454068042205392,55075900
2004-12-29,18.48843002319336,18.55716050948757,18.433445896342988,18.45406543550875,47594900
2004-12-30,18.39220428466797,18.5159188719542,18.385331106382655,18.481552980527628,48355400
2004-12-31,18.364713668823242,18.48842827023799,18.337222263467112,18.385333206033987,54959500
2005-01-03,18.37845802307129,18.522792145959336,18.316600729108515,18.419695782071564,65002900
2005-01-04,18.447189331054688,18.625888042717634,18.323474737524588,18.467808866951298,109442100
2005-01-05,18.40595245361328,18.625888936700917,18.39220609568909,18.447190216461,72463500
2005-01-06,18.385334014892578,18.598397331744504,18.30973035271854,18.454064497693984,76890500
2005-01-07,18.33034324645996,18.48154920507403,18.29597867297818,18.433438277829758,68723300
2005-01-10,18.41970443725586,18.46094352655858,18.24100696064543,18.28224473902281,70376600
2005-01-11,18.3715877532959,18.43344505705177,18.28911222223802,18.344096346584916,64712000
2005-01-12,18.40595245361328,18.454063395423095,18.29598421206946,18.399079274651186,72940600
2005-01-13,18.055435180664062,18.41970463017592,17.979831493742576,18.337229072557346,89861600
2005-01-14,17.95233154296875,18.179141184974082,17.897347427056086,18.144775293200713,92180800
2005-01-18,18.08979034423828,18.110409878352755,17.759885663954677,17.890473424830354,69146400
2005-01-19,17.856107711791992,18.048552765995698,17.814869954078585,18.014186875463956,58114100
2005-01-20,17.773637771606445,17.938590165127085,17.691160919383577,17.759891411081785,58380100
2005-01-21,17.629301071166992,17.959205810736396,17.622427891893683,17.835492516591547,76501000
2005-01-24,17.643049240112305,17.86985893570541,17.622429700176554,17.70490654899452,69010900
2005-01-25,17.88360023498535,18.00044163970757,17.698028360851588,17.70490153888521,67580700
2005-01-26,17.876728057861328,17.986696290707,17.801124406183153,17.917965817447268,64974500
2005-01-27,17.945470809936523,17.979835414617284,17.766771981560165,17.835502501847323,93204100
2005-01-28,17.993572235107422,18.316603804882575,17.842364908507395,18.241001452507508,110466500
2005-01-31,18.062294006347656,18.227246301405824,17.979817203356415,18.11040492854075,71442100
2005-02-01,18.13789939880371,18.16539210810554,18.02105800612001,18.04167753809638,57981700
2005-02-02,18.186016082763672,18.213508800763517,18.062302784539217,18.158524675688774,79329500
2005-02-03,17.993572235107422,18.144778250782505,17.9385881102324,18.12416002328246,62545400
2005-02-04,18.08979034423828,18.124156234429073,17.966075761400763,17.986695295515236,61246500
2005-02-07,17.97982406616211,18.07604594727569,17.911093589256062,18.055427721851245,57763400
2005-02-08,18.03480339050293,18.103533849135285,17.97981928578194,18.000438816648984,61343700
2005-02-09,17.917966842651367,18.082919201357875,17.897348617141066,18.041681439412454,77874800
2005-02-10,17.911094665527344,17.959205608975104,17.86985690127568,17.938587382311717,71796400
2005-02-11,17.84923553466797,17.95233190112014,17.73926730064876,17.89047460561874,83835900
2005-02-14,17.876728057861328,17.952331709539504,17.8079975846016,17.821743941438495,58694000
2005-02-15,17.87672996520996,17.98014310226322,17.8284705889164,17.924989341503522,76551600
2005-02-16,17.78021812438965,17.876736914496863,17.69748679360497,17.83537190658947,57506600
2005-02-17,17.683696746826172,17.82847623653882,17.649226128545436,17.725061751757018,67024800
2005-02-18,17.566482543945312,17.68368440526155,17.51132880420643,17.676790023423077,77091100
2005-02-22,17.39413070678711,17.573380728468415,17.37344887176526,17.407919473447787,96419200
2005-02-23,17.373456954956055,17.476870123086908,17.35277379534197,17.401033186138385,83689400
2005-02-24,17.490642547607422,17.538901893295684,17.338968815480264,17.359651955761752,85236300
2005-02-25,17.407920837402344,17.49754519778071,17.338978313666303,17.463074593397323,62467700
2005-02-28,17.345870971679688,17.490650388617226,17.325187822126,17.387235955817925,82728000
2005-03-01,17.428598403930664,17.518222735588456,17.325183993981643,17.36655028394879,56394800
2005-03-02,17.414813995361328,17.566486484928255,17.34587147647848,17.366554626634088,67739000
2005-03-03,17.352764129638672,17.44928285746938,17.33208098154536,17.442388474771608,52183600
2005-03-04,17.352764129638672,17.442388474771608,17.325186598847587,17.380340345460713,63058200
2005-03-07,17.55959701538086,17.780213400536603,17.34587633050917,17.352770715823684,80407400
2005-03-08,17.51133155822754,17.663005352589987,17.46996657566009,17.51133155822754,52871800
2005-03-09,17.449289321899414,17.628539393541022,17.42860748111315,17.50444308894533,62991800
2005-03-10,17.532012939453125,17.56648353562256,17.407916689292836,17.532012939453125,59132900
2005-03-11,17.297611236572266,17.566485600207667,17.276928087458348,17.545803766062857,60617900
2005-03-14,17.3114013671875,17.338977586543926,17.207986928435563,17.29071821644327,65550500
2005-03-15,17.173526763916016,17.40103630051061,17.159737988372097,17.30451750164321,71469400
2005-03-16,16.9804744720459,17.214878211722304,16.93221511063646,17.11146510656365,74841400
2005-03-17,16.918434143066406,17.014952902865552,16.911539758085112,16.98737536294038,60573200
2005-03-18,16.759870529174805,17.173524537064694,16.739188683510708,16.911544410550675,135904000
2005-03-21,16.684022903442383,16.794330384211516,16.649550993846468,16.78743600229233,71446200
2005-03-22,16.539243698120117,16.732282449110283,16.518560552131163,16.67712870810865,102113300
2005-03-23,16.670255661010742,16.815033923316555,16.518581692914452,16.539264865374108,79293300
2005-03-24,16.73918342590332,16.870172790532983,16.684029663172563,16.711605887053228,78820900
2005-03-28,16.684022903442383,16.87016595538473,16.670234139604016,16.82190659691935,49802000
2005-03-29,16.490991592407227,16.71160665344767,16.422049057089716,16.64266411813016,74231700
2005-03-30,16.656452178955078,16.677135333160486,16.546144653131755,16.5737221920723,59585700
2005-03-31,16.66335105895996,16.75986984135087,16.628880440954575,16.71850483675045,62382300
2005-04-01,16.628877639770508,16.78744455983587,16.6150888689032,16.711607635035232,64619600
2005-04-04,16.704713821411133,16.72539697842009,16.504781896869655,16.621983823314523,62196400
2005-04-05,16.870176315307617,16.89085947376663,16.628879374801,16.69782060639163,73549600
2005-04-06,17.008056640625,17.19420106966584,16.856384132685797,16.870171586157117,78020200
2005-04-07,17.30451011657715,17.3251919560966,16.980480604431595,17.001163758920498,77451500
2005-04-08,17.194204330444336,17.40792502192801,17.173521173860916,17.283828712366656,47956300
2005-04-11,17.21488380432129,17.31140387346562,17.13904820388502,17.256250111798604,47791800
2005-04-12,17.4561710357666,17.47685417650856,17.097671152717428,17.18040240071669,67517800
2005-04-13,17.26314353942871,17.54580671667445,17.228671618441837,17.394132894270854,60929300
2005-04-14,17.125261306762695,17.332087606880734,17.118366921429487,17.24246322748813,66754400
2005-04-15,16.8632869720459,17.16663347864398,16.828816345942297,16.946018315652683,100251600
2005-04-18,16.9942684173584,17.125259091808115,16.821912751229064,16.85638467343656,75766400
2005-04-19,16.9804744720459,17.0976763418841,16.8563795348369,17.035628215795114,65956200
2005-04-20,16.766752243041992,17.0287334865095,16.752963479708153,17.001155959841824,91923500
2005-04-21,17.428598403930664,17.504433972266074,16.8701653240938,16.87705970575499,93562300
2005-04-22,17.22178077697754,17.407925243690897,17.08389700957363,17.270040161317386,80087500
2005-04-25,17.22867202758789,17.428605229151792,17.139047660832276,17.283825787507354,75457900
2005-04-26,17.070100784301758,17.407917642135025,17.05631201909166,17.201091423859648,60464300
2005-04-27,17.22867202758789,17.338979547426817,16.98047945046563,17.001162603548938,47732800
2005-04-28,16.856388092041016,17.180416336690595,16.849493706201283,17.11147379326291,83623100
2005-04-29,17.4423828125,17.4423828125,17.09077861383726,17.152825408037035,98641200
2005-05-02,17.39413070678711,17.483756375112346,17.20109323341429,17.39413070678711,54376700
2005-05-03,17.483760833740234,17.511337059124784,17.29761638125889,17.325192606643444,67867800
2005-05-04,17.380342483520508,17.511333140954015,17.311401278000016,17.46996815464788,86864200
2005-05-05,17.39413070678711,17.463073225121327,17.29071758677036,17.37344887176526,59362300
2005-05-06,17.387235641479492,17.5664856561301,17.366553807268843,17.46307254016951,64322600
2005-05-09,17.3114013671875,17.46307386107088,17.27003506569904,17.394131340225993,61872400
2005-05-10,17.166622161865234,17.290718437982186,17.111468407476504,17.263142218272435,62235100
2005-05-11,17.173526763916016,17.214891775577755,16.987382238983162,17.159737988372097,59463300
2005-05-12,17.235572814941406,17.3114097561175,17.11837086720101,17.125265254123367,74540700
2005-05-13,17.4423828125,17.497536541208724,17.228662278124766,17.25623979996344,77204300
2005-05-16,17.629127502441406,17.636043756328988,17.42164516237611,17.44930885878589,50577300
2005-05-17,17.60838508605957,17.63605011157915,17.463147659504845,17.50464387864319,39983200
2005-05-18,17.774364471435547,17.871189378187232,17.580713338791757,17.636042045384208,71182400
2005-05-19,17.9265193939209,18.01642805402184,17.774365769465255,17.80894571893319,52120800
2005-05-20,17.802032470703125,17.92652242042998,17.795116215813774,17.898857400872572,64444500
2005-05-23,17.87810516357422,18.03025877293684,17.802027699322718,17.802027699322718,75421100
2005-05-24,17.808940887451172,17.898849523160322,17.78819213191514,17.84352082753773,61287700
2005-05-25,17.78128433227539,17.822781863073004,17.636046931906094,17.760536886017366,35749000
2005-05-26,17.912683486938477,17.981844691889183,17.795109834264363,17.808942339082556,50579200
2005-05-27,18.03026008605957,18.044092593138227,17.850441451458465,17.864273958537122,54978000
2005-05-31,17.84351921081543,18.00259035056529,17.808939273862006,17.974925345690515,46131100
2005-06-01,17.850440979003906,17.981847154492215,17.712119869299773,17.795112271294165,54621000
2005-06-02,17.83661460876465,17.88502707619341,17.732872099542096,17.78128456697086,27212500
2005-06-03,17.58762550354004,17.85043646897531,17.525380558200613,17.77436033955832,79659500
2005-06-06,17.546127319335938,17.63603594175467,17.504629814398093,17.553042251018947,40756900
2005-06-07,17.642961502075195,17.864276368629664,17.50463905090832,17.51847155985314,54511400
2005-06-08,17.56688117980957,17.719036115303563,17.525384978829596,17.670622341829738,45369700
2005-06-09,17.642961502075195,17.71212272765863,17.53230406879796,17.566884022019348,52767900
2005-06-10,17.58762550354004,17.649870448879465,17.525380558200613,17.629121694052955,39459800
2005-06-13,17.504638671875,17.629128611401434,17.47005871940238,17.53921994348825,49104100
2005-06-14,17.539220809936523,17.594549528110363,17.456227073105417,17.50463953661494,44243300
2005-06-15,17.470054626464844,17.573795778718537,17.36631347421115,17.566879526016248,50764800
2005-06-16,17.317903518676758,17.4493083815251,17.255658554531536,17.442392127826686,65918800
2005-06-17,17.317903518676758,17.49080590371559,17.234909793436294,17.47697339631876,90821300
2005-06-20,17.366310119628906,17.48388375457594,17.241820233315572,17.276400171007023,50538900
2005-06-21,17.39398193359375,17.421646951985924,17.317905771296633,17.345569470548128,81084000
2005-06-22,17.338651657104492,17.470057844371777,17.310987960340128,17.366316673009422,60492700
2005-06-23,17.504638671875,17.719038598455253,17.393981240993863,17.407813749639164,105159800
2005-06-24,17.317903518676758,17.566882056117127,17.317903518676758,17.442392127826686,57970700
2005-06-27,17.32482147216797,17.46314393195859,17.3109902815015,17.338653981975177,61636200
2005-06-28,17.338651657104492,17.428561639654948,17.310987960340128,17.352484165056957,53058100
2005-06-29,17.35247802734375,17.5115478551111,17.290233082714767,17.442386658952223,55859900
2005-06-30,17.179584503173828,17.387066878870687,17.165751993023164,17.331738157408807,82018200
2005-07-01,17.089664459228516,17.283315530066968,17.062000774331594,17.186490654217742,69718400
2005-07-05,17.276411056518555,17.421649788442743,17.027432446155643,17.055096149911122,61883500
2005-07-06,17.08275032043457,17.34556127528646,17.07583406910425,17.269483829792993,64214600
2005-07-07,17.048171997070312,17.089668193051963,16.944430847546048,16.999759548568342,80082900
2005-07-08,17.35247802734375,17.37322678193344,17.034337052668945,17.041253304198843,56104000
2005-07-11,17.490798950195312,17.55304257045488,17.366309071396202,17.393972756051568,61525400
2005-07-12,17.712116241455078,17.719032493394746,17.42855650762958,17.456220196248076,63384800
2005-07-13,17.74669647216797,17.808941421502492,17.622206573498918,17.65678783376265,44749200
2005-07-14,17.961097717285156,18.051007688386637,17.83660911898682,17.83660911898682,69506800
2005-07-15,17.83661460876465,18.05101324415237,17.808949587867755,18.00951703194783,56472800
2005-07-18,17.67061424255371,17.83660160867467,17.67061424255371,17.781271607207792,39668000
2005-07-19,18.092500686645508,18.15474563435164,17.808940955602086,17.83660596308933,113290100
2005-07-20,18.113250732421875,18.14091442273937,17.898850866545075,17.98184457577807,71424800
2005-07-21,18.286157608032227,18.313821305193606,17.981849024413556,18.18933137011594,112932100
2005-07-22,17.760528564453125,18.216990636228683,17.72594730499124,17.97492709655615,97558900
2005-07-25,17.76744842529297,17.91268578711319,17.739783412104106,17.76744842529297,45174600
2005-07-26,17.663715362548828,17.802036534489115,17.65679910608066,17.788204021552776,51476400
2005-07-27,17.788192749023438,17.843521446565493,17.65678791682368,17.712116614365737,57977300
2005-07-28,17.808940887451172,17.87810208676445,17.746695939983237,17.808940887451172,44738700
2005-07-29,17.712116241455078,17.98184347140124,17.698283737575743,17.82968988614908,59524400
2005-08-01,17.9265193939209,18.01642805402184,17.815861972654883,17.85044192212282,61346800
2005-08-02,18.54204750061035,18.604292451658065,17.891935619441245,17.91268305703033,137510100
2005-08-03,18.846363067626953,18.970853016383888,18.486725731027086,18.507474495533486,139422400
2005-08-04,18.894777297973633,19.01926725836364,18.70804235738862,18.78411984854715,91461400
2005-08-05,19.199077606201172,19.323567512531007,18.84635664464673,18.87402165456015,82212400
2005-08-08,18.76337242126465,19.254416042389245,18.72879246052868,19.226751018487715,77207200
2005-08-09,18.9155216217041,19.02617904514032,18.680374267116996,18.825611640699332,64761800
2005-08-10,18.63888168334961,19.019266485401317,18.56972045048363,18.957021507736012,62818800
2005-08-11,18.860193252563477,18.880940695371788,18.597380877773308,18.659625844479372,48646800
2005-08-12,18.708040237426758,18.77028521056827,18.604299055237803,18.72878900152083,52006500
2005-08-15,18.81902503967285,18.936947479462255,18.513815108614967,18.714976139400683,45976600
2005-08-16,18.54849624633789,18.82596040065172,18.52075049243323,18.749658585123825,46894600
2005-08-17,18.694169998168945,18.832901445293633,18.493007613715584,18.603993300636834,52413100
2005-08-18,18.603988647460938,18.78434067436228,18.590115109302353,18.652544707962566,40861900
2005-08-19,18.534622192382812,18.66641815816148,18.520749977343016,18.62479886693526,36043500
2005-08-22,18.66641616821289,18.84676817503781,18.569304058019966,18.583177594634176,41691700
2005-08-23,18.638673782348633,18.777405204372165,18.5484971011325,18.617863473671022,48296700
2005-08-24,18.597055435180664,18.839837107175676,18.576246447016363,18.61786574639864,63645000
2005-08-25,18.74966049194336,18.791279788559706,18.624801279040728,18.65948380571209,39306300
2005-08-26,18.708038330078125,18.784341470129377,18.638673282453507,18.770467931383063,36774600
2005-08-29,18.83289337158203,18.888386191252735,18.597048557218237,18.597048557218237,52307700
2005-08-30,18.85371208190918,18.88839461352325,18.701105767478218,18.770472153760128,55163200
2005-08-31,18.992433547973633,19.034054151697013,18.7565900754732,18.846765404101035,65210200
2005-09-01,18.86758041381836,18.999375056002016,18.832896568727865,18.992438286983916,75974500
2005-09-02,18.74272346496582,18.91613874205162,18.708039615716523,18.87451812295246,52047500
2005-09-06,18.728849411010742,18.930011761972477,18.71497587169196,18.770468705913554,46089000
2005-09-07,18.624797821044922,18.8051498369686,18.603987515073726,18.68722741590517,44656100
2005-09-08,18.458316802978516,18.645604238739303,18.395887216707198,18.590111420170707,52552300
2005-09-09,18.437511444091797,18.603989944440624,18.402828919330858,18.46525852234336,41515800
2005-09-12,18.458316802978516,18.55542890471027,18.395887216707198,18.465253570681234,40550500
2005-09-13,18.36814308166504,18.56236863922465,18.291841270846174,18.409763694533552,63422900
2005-09-14,18.250213623046875,18.479121613372786,18.24327685690938,18.39588306582856,54969600
2005-09-15,18.222482681274414,18.333468383507704,18.187798822417804,18.291849075933705,60357200
2005-09-16,18.083730697631836,18.31263863090366,18.014364376598927,18.271019367504927,187384300
2005-09-19,18.035186767578125,18.22247556308195,17.938074646822106,18.0976163660794,61832300
2005-09-20,17.924196243286133,18.187786780811052,17.820147381711905,18.08373791923682,61043400
2005-09-21,17.68141746520996,17.96581834900204,17.639798178644924,17.896451989358134,68281800
2005-09-22,17.577362060546875,17.757713999432493,17.445566158466466,17.681410899851294,71314900
2005-09-23,17.528810501098633,17.716099253517125,17.424761635217177,17.556556247908905,66396800
2005-09-26,17.528810501098633,17.6814154161879,17.487189896303562,17.618985832048402,56203700
2005-09-27,17.577362060546875,17.653665160128078,17.549614997770885,17.59817235762887,48797900
2005-09-28,17.806276321411133,17.94500903815474,17.60511401443822,17.612050782580724,71019400
2005-09-29,17.993566513061523,18.03518580215001,17.68835530595482,17.76465843849483,66807100
2005-09-30,17.847898483276367,18.000504760896415,17.76465989825948,17.97275768385515,57644500
2005-10-03,17.688356399536133,17.847898120116774,17.64673710787454,17.834024581878435,55341300
2005-10-04,17.327655792236328,17.6120567674571,17.168114039903443,17.591247779011578,151666300
2005-10-05,17.112621307373047,17.376211972764533,17.112621307373047,17.36927652527455,73684700
2005-10-06,17.154239654541016,17.30684595191629,17.015508220535956,17.105683586486563,81724600
2005-10-07,17.05712127685547,17.23053649819556,17.008565226568745,17.181980447908835,50768700
2005-10-10,16.966951370239258,17.119557672478766,16.89064954217317,17.112620902099366,48880900
2005-10-11,16.932270050048828,17.029382196185146,16.821284362163393,17.001636435740668,76567300
2005-10-12,16.855968475341797,17.13343404414809,16.835159483819048,16.987764488219398,71294400
2005-10-13,17.05712127685547,17.154233377428913,16.835150005228655,16.862895752655437,70192000
2005-10-14,17.112621307373047,17.15424060758145,16.994698854237818,17.140367066494083,53846700
2005-10-17,17.015506744384766,17.126492411181893,16.953077141429695,17.119555641625382,46924400
2005-10-18,17.043249130249023,17.223601133903642,16.960010558133508,16.98775630782093,69328200
2005-10-19,17.403955459594727,17.403955459594727,16.994695343439062,17.036314635049667,66574500
2005-10-20,17.195844650268555,17.43168800608046,17.161160830992962,17.376195218291937,58830600
2005-10-21,17.188926696777344,17.34153169943296,17.043257142514094,17.279102079470693,69431200
2005-10-24,17.410892486572266,17.410892486572266,17.11955479487627,17.265222979197546,51868000
2005-10-25,17.36233139038086,17.431696416293512,17.223598692449432,17.3068385758189,41310500
2005-10-26,17.417831420898438,17.570436393402588,17.292972205643398,17.320717962892513,58178100
2005-10-27,17.237478256225586,17.528815965344034,17.237478256225586,17.494132117202835,61566100
2005-10-28,17.70917320251465,17.7577292811055,17.41089863625209,17.41089863625209,106559300
2005-10-31,17.827089309692383,17.8964543554538,17.688356572062673,17.764659710064358,75122100
2005-11-01,18.007436752319336,18.10455018027879,17.764656490053703,17.764656490053703,71370400
2005-11-02,18.35426902770996,18.38201610217507,17.98662955242059,17.98662955242059,75067100
2005-11-03,18.34039306640625,18.4791244412276,18.208597135730866,18.451378695484554,73421600
2005-11-04,18.493005752563477,18.52768828009073,18.347337549284664,18.402830387160442,57464000
2005-11-07,18.73577880859375,18.78433485405032,18.52074432597764,18.534616536784508,77104800
2005-11-08,18.763532638549805,18.853709324443553,18.569308373031415,18.687230815547686,60091700
2005-11-09,18.701095581054688,18.832891510896147,18.68722336979747,18.71496911536496,59562100
2005-11-10,18.791282653808594,18.83290195677095,18.479134573956443,18.687233734875807,73314800
2005-11-11,18.923070907592773,18.999372711268556,18.819020708215646,18.832894244539695,51945600
2005-11-14,18.98550033569336,19.03405638935919,18.867577924053528,18.978563567590637,67152200
2005-11-15,19.131593704223633,19.15942211381149,18.957670125094328,19.01332561733844,65081000
2005-11-16,19.29856300354004,19.39595979747947,19.08985520883217,19.117682295558378,86277000
2005-11-17,19.45857810974121,19.479449426107628,19.31248287597285,19.375095498139917,91351000
2005-11-18,19.52814483642578,19.65337006151624,19.409876715721676,19.562930358357566,75431200
2005-11-21,19.590761184692383,19.64641670346409,19.368139109605554,19.528148560207683,65794400
2005-11-22,19.416828155517578,19.535096241718605,19.38204397066558,19.52118203700517,104253300
2005-11-23,19.42379379272461,19.54206193089287,19.29856854914266,19.42379379272461,70541300
2005-11-25,19.312471389770508,19.437696559626254,19.110719432351498,19.340298468109896,44082500
2005-11-28,19.305519104003906,19.37508880760288,19.15246681763155,19.333347516216186,57517200
2005-11-29,19.25682830810547,19.333355144954194,19.201172788651554,19.333355144954194,62220400
2005-11-30,19.25682830810547,19.31944093335765,19.222042779114116,19.25682830810547,55904700
2005-12-01,19.402915954589844,19.549012465305484,19.29160495925018,19.29160495925018,61006100
2005-12-02,19.486398696899414,19.54901129389258,19.333346419211487,19.35421640025477,42319600
2005-12-05,19.375097274780273,19.493365424503775,19.27769911640472,19.430752796595318,47517300
2005-12-06,19.263778686523438,19.42378808320773,19.256821583154757,19.409873876470368,65980000
2005-12-07,19.305519104003906,19.305519104003906,19.16637969680596,19.249863606511074,55583200
2005-12-08,19.263778686523438,19.34726127308403,19.201166083137096,19.277691566329008,63931600
2005-12-09,19.277687072753906,19.361170966786425,19.228988687456386,19.277687072753906,48467000
2005-12-12,19.09682273864746,19.305530647304774,19.013338779025023,19.27074643817273,63757200
2005-12-13,18.874195098876953,19.08290428813685,18.783755379050223,18.985507462641568,104285500
2005-12-14,18.846372604370117,18.95072656101138,18.67940600835759,18.78375996499885,65076200
2005-12-15,18.728090286254883,18.860272572517253,18.651563489955898,18.839401266181653,79018100
2005-12-16,18.71417808532715,18.83940328288263,18.65156548654941,18.700263879613942,88542500
2005-12-19,18.665477752685547,18.69330616122024,18.54025256814253,18.658520650551875,68680100
2005-12-20,18.686344146728516,18.700257020406823,18.554161894800547,18.616774470612153,62960600
2005-12-21,18.595911026000977,18.721136230528675,18.581996819513062,18.693309144484612,75800900
2005-12-22,18.49851417541504,18.630696482764865,18.380246074508726,18.58199676021258,91276900
2005-12-23,18.53330421447754,18.554175530730664,18.39416608691991,18.449821603329397,30689200
2005-12-27,18.4080753326416,18.67939708257934,18.401119555530816,18.561128967717227,37819000
2005-12-28,18.359378814697266,18.547216662324097,18.33155172260369,18.4428627448421,35444400
2005-12-29,18.275901794433594,18.435911271914726,18.268944687551922,18.373298636912118,34495500
2005-12-30,18.19240379333496,18.30371476363916,18.157619612714186,18.19240379333496,49044600
2006-01-03,18.672439575195312,18.783750583610306,18.157625829543004,18.261979734065573,79973000
2006-01-04,18.762880325317383,18.839407145498512,18.623742220453106,18.623742220453106,57975600
2006-01-05,18.77679443359375,18.87419123917173,18.72113892655891,18.7559231208562,48245500
2006-01-06,18.72113609313965,18.783748694944002,18.428944393696582,18.707221886753846,100963000
2006-01-09,18.686344146728516,18.832439272334792,18.616774470612153,18.735042521930605,55625000
2006-01-10,18.78374671936035,18.797660924282724,18.49851215310978,18.540253440945282,64921900
2006-01-11,18.985498428344727,19.055066798061517,18.71417674410919,18.79070354311557,70120700
2006-01-12,18.88115119934082,18.96463513598666,18.762883063136304,18.957678030688495,45994800
2006-01-13,18.915937423706055,18.957678730102877,18.790712177583377,18.804626388693052,41418000
2006-01-17,18.77679443359375,18.915933864646824,18.714181822313062,18.714181822313062,58566600
2006-01-18,18.665477752685547,18.76983163082754,18.5750380788109,18.60286516041404,52376200
2006-01-19,18.797670364379883,18.950722714593272,18.67940221700926,18.693316428919285,60367600
2006-01-20,18.37328338623047,18.790700164128324,18.268929523488843,18.790700164128324,79165900
2006-01-23,18.33155059814453,18.45677582221442,18.296765076496243,18.373291897190505,47925600
2006-01-24,18.282848358154297,18.401116453076238,18.241105740935946,18.324589648440952,63040700
2006-01-25,18.3663272857666,18.484595357165677,18.248059214367526,18.373284387252596,59072100
2006-01-26,18.43590545654297,18.588957778864017,18.303723121351315,18.477646757733794,69509300
2006-01-27,19.33335304260254,19.44466406940616,18.915936028622916,18.943763121857767,134520700
2006-01-30,19.479446411132812,19.604671636084927,19.326394095597998,19.354221186180702,103999200
2006-01-31,19.583786010742188,19.743795313717804,19.388992538226134,19.41681960847228,94841300
2006-02-01,19.50727653503418,19.5281465230638,19.31248157618777,19.451619695136266,68448800
2006-02-02,19.25682830810547,19.47249328012285,19.1663872596602,19.45857906852631,55073400
2006-02-03,19.159427642822266,19.270738659432528,19.020288208593442,19.117685016394425,75022700
2006-02-06,18.902021408081055,19.15942898130737,18.846365895887807,19.13855766663537,60170500
2006-02-07,18.74201011657715,18.888105323987514,18.651569088905255,18.748967220777445,72159500
2006-02-08,18.72113609313965,18.839404193555456,18.58199668314514,18.790705798136905,51795200
2006-02-09,18.547212600708008,18.80462011259771,18.540255497475123,18.755920389967514,52861700
2006-02-10,18.568086624145508,18.707224728343057,18.442861401515344,18.51938822132977,52127000
2006-02-13,18.359378814697266,18.575045081349725,18.324594617847286,18.526345348054875,46707000
2006-02-14,18.54026222229004,18.561133539559016,18.331554357329242,18.373295664934954,58432900
2006-02-15,18.76363754272461,18.798540942267294,18.498378363342972,18.56818383099979,62808900
2006-02-16,18.714767456054688,18.777592221449833,18.54723519214366,18.7426901657539,48868500
2006-02-17,18.63798713684082,18.71477194407137,18.540258960885325,18.61704509954427,41513200
2006-02-21,18.526302337646484,18.65195059022385,18.386691392877886,18.65195059022385,50216100
2006-02-22,18.651947021484375,18.749675196695193,18.4774340396281,18.51931811390205,43043100
2006-02-23,18.61005973815918,18.770611322752785,18.52629427290515,18.658923148128707,47359100
2006-02-24,18.58912467956543,18.665910827710192,18.512339862849235,18.56120329114915,44753800
2006-02-27,18.882312774658203,19.0289044390722,18.617053506263403,18.67289763284278,51301500
2006-02-28,18.75666046142578,19.056821745203063,18.75666046142578,18.81250457601559,65036100
2006-03-01,18.945127487182617,18.98701155836789,18.81249858938079,18.833439293545137,53061200
2006-03-02,18.82646369934082,18.91721121332148,18.777600267856766,18.861367101421322,41850300
2006-03-03,18.798532485961914,18.95908405735031,18.665902290218998,18.714765696169557,45218800
2006-03-06,18.78457260131836,18.952104862575602,18.728728514232614,18.791553278632588,53054100
2006-03-07,18.8892879486084,18.917210669470048,18.71477493750891,18.777599728019016,51613900
2006-03-08,19.02191734313965,19.19643034628772,18.826462300299532,18.840423660094228,57547400
2006-03-09,18.847396850585938,19.14057863262995,18.847396850585938,19.035871138634523,45360700
2006-03-10,18.96607208251953,19.000974148456173,18.763636372087305,18.88928593974476,41297200
2006-03-13,18.924192428588867,19.04984201677259,18.805523521018536,18.97305586145394,40342600
2006-03-14,19.00794792175293,19.112655412947845,18.84041566955547,18.875319054239096,39821800
2006-03-15,19.09870147705078,19.161526258074904,18.85438303211569,18.987013273325328,57152000
2006-03-16,19.035879135131836,19.182469422018748,19.00097573485263,19.084742564094142,73793700
2006-03-17,19.196420669555664,19.308108828755213,19.035869107134797,19.091713186734573,120615000
2006-03-20,19.46866226196289,19.538467701027336,19.315091361163514,19.33603339231125,67094100
2006-03-21,19.363954544067383,19.699019049969603,19.322071813686602,19.363954544067383,73199600
2006-03-22,18.95210838317871,19.196426808849733,18.70778995750769,18.903244964330167,145696100
2006-03-23,18.742694854736328,18.917207839731212,18.61006461334026,18.903246481388802,73682900
2006-03-24,18.85438346862793,18.99399306080275,18.582143632172848,18.64496708322303,69157600
2006-03-27,18.85438346862793,19.056817843281376,18.847402789304923,18.85438346862793,59908600
2006-03-28,18.7775936126709,18.9939893031601,18.7147688426211,18.85437973860469,58520500
2006-03-29,18.861364364624023,18.987013931024695,18.791558902020487,18.812500940230088,53150300
2006-03-30,19.00794792175293,19.11963608988457,18.847396346492193,18.868338377302372,54612000
2006-03-31,18.993989944458008,19.224348330037017,18.993989944458008,19.05681471662897,62190500
2006-04-03,19.238306045532227,19.35697489745105,19.15454058031192,19.315092164840895,57605300
2006-04-04,19.294158935546875,19.405847161082388,19.17549002948681,19.26623754487733,45470000
2006-04-05,19.363954544067383,19.50356542057397,19.29414910581409,19.461681358765198,41539300
2006-04-06,19.238306045532227,19.34999422011135,19.105677170362064,19.308111487501193,51885500
2006-04-07,19.02191734313965,19.350001309743742,19.00795598334495,19.273216493730004,47249400
2006-04-10,19.04983139038086,19.15453887831639,18.987006631333955,19.007947330064294,39432000
2006-04-11,18.938156127929688,19.07078642242585,18.84740992522954,19.049845707956788,42953400
2006-04-12,18.98701286315918,18.98701286315918,18.826459908772314,18.917207404481637,32183000
2006-04-13,18.896263122558594,18.98701060748704,18.84739970671784,18.903243800739876,28160000
2006-04-17,18.73571014404297,18.882300380809966,18.65892402111085,18.868340356899864,35796200
2006-04-18,19.000972747802734,19.19642776435401,18.721752246606897,18.805519062679835,56272700
2006-04-19,18.86834144592285,18.98002963221871,18.819476699418736,18.92418553907078,45111100
2006-04-20,18.86834144592285,18.98002963221871,18.63798439525912,18.882301470638684,45648300
2006-04-21,18.95210838317871,19.119640675557275,18.847400866870647,18.882302928497232,58528000
2006-04-24,18.924192428588867,19.021919294319012,18.833444912043426,18.89626970613529,42318400
2006-04-25,18.924192428588867,18.993996571865434,18.861367634497004,18.910231067362076,49222500
2006-04-26,18.917207717895508,19.0079538836799,18.84740225806145,18.903246359643017,39190000
2006-04-27,19.02191734313965,19.287176522096154,18.805521592036037,18.826462300299532,96509600
2006-04-28,16.857948303222656,17.102266664718513,16.753240814418135,16.913792386013597,591052200
2006-05-01,16.955677032470703,17.451293117934604,16.816066154956026,16.976617732098305,174800900
2006-05-02,16.760225296020508,17.451296476727528,16.683439165465863,17.095289868830893,190533500
2006-05-03,16.173860549926758,16.767204856875715,16.159899194133097,16.746262823185223,211527100
2006-05-04,16.362340927124023,16.52289258401009,16.152924506837763,16.29951613418101,171257400
2006-05-05,16.61363410949707,16.718342955997276,16.41818043641037,16.515907272953722,131604300
2006-05-08,16.56477165222168,17.451297905356604,16.411200709968753,16.648538467995873,80693500
2006-05-09,16.48798370361328,16.7532427953784,16.397236226205237,16.57872984959321,75345900
2006-05-10,16.592695236206055,16.60665659480371,16.46704567168405,16.522889774646227,76563300
2006-05-11,16.20876121520996,16.606651832570712,16.159897805559005,16.5508064141947,92916700
2006-05-12,16.173860549926758,16.313471445007043,16.090093746592952,16.152918516236266,83115900
2006-05-15,16.22291374206543,16.27897559446461,16.138821631776654,16.18787558554844,67314800
2006-05-16,16.12480354309082,16.81856936917491,16.054725903395298,16.2299193343242,82095100
2006-05-17,15.92859172821045,16.17386288058288,15.928591728210447,16.040715454445802,98598300
2006-05-18,15.998676300048828,16.21591594636395,15.949622315715171,16.005684203042325,95476400
2006-05-19,15.809459686279297,16.047722932419074,15.781429423767673,15.970638708046945,100071200
2006-05-22,16.033695220947266,16.131804408400274,15.732363773869315,15.753386120979856,87322300
2006-05-23,15.970633506774902,16.384088766354846,15.956617711773609,16.194880880316493,79986300
2006-05-24,16.468189239501953,16.496220841487386,16.10378643341345,16.11079433390981,107356700
2006-05-25,16.636375427246094,16.762514967380643,16.496221422245792,16.517243787854618,83052700
2006-05-26,16.622356414794922,16.73448013178422,16.510232697805623,16.657395911741666,46861600
2006-05-30,16.22291374206543,16.65038620199668,16.215905843438033,16.503223004061336,52497500
2006-05-31,15.872533798217773,16.363076224516306,15.872533798217773,16.30000644580305,120202000
2006-06-01,15.99165153503418,16.005667326242552,15.851497632808693,15.935589706820101,80230800
2006-06-02,15.949609756469727,16.110787388541144,15.886540015812255,16.026695292077697,73935600
2006-06-05,15.767411231994629,15.928588892688438,15.760403333274898,15.921580993968707,63914100
2006-06-06,15.508127212524414,15.809460230462918,15.403011385402213,15.802452330438735,126601300
2006-06-07,15.445063591003418,15.690333485059824,15.424039884389723,15.522147842012284,73827500
2006-06-08,15.494111061096191,15.564187380463048,15.396001808066387,15.438049203630637,104126900
2006-06-09,15.360971450805664,15.550180817091098,15.339947742344796,15.52214920580994,52573800
2006-06-12,15.213800430297852,15.487103154861964,15.206793867660414,15.388993901876336,74309700
2006-06-13,15.073637962341309,15.438040498704684,15.038598485795198,15.227807649286108,113175300
2006-06-14,15.332929611206055,15.374977000078744,15.101674318885879,15.12970591146767,86081500
2006-06-15,15.466083526611328,15.508129596599929,15.276874206731929,15.42403745662273,121577300
2006-06-16,15.487110137939453,15.61324970821102,15.269870509483265,15.396008743134114,147506500
2006-06-19,15.802454948425293,15.837494454351182,15.50112321718554,15.515137682935414,129640900
2006-06-20,15.809459686279297,15.949615008698064,15.767413624201753,15.795445223333592,90598500
2006-06-21,16.173858642578125,16.22291259287505,15.788433601713797,15.844495450141697,91660300
2006-06-22,16.033695220947266,16.23692015381065,15.96361894841983,16.159834650087404,76590600
2006-06-23,15.767411231994629,16.02669813814468,15.76741123199463,16.012682340705215,60532600
2006-06-26,15.99165153503418,16.04070546764407,15.858504191793463,15.872519983001837,53644100
2006-06-27,16.019685745239258,16.229917301372517,16.005669951731804,16.040708098880803,84759100
2006-06-28,16.229917526245117,16.29298726128288,16.054724114833473,16.08976226246794,71906500
2006-06-29,16.447162628173828,16.559286343037876,16.27196915662124,16.3420468125663,121395500
2006-06-30,16.328031539916992,16.57330267531389,16.328031539916992,16.49621845424984,73048800
2006-07-03,16.60834503173828,16.62235949649505,16.43315152438501,16.489213393273243,25711400
2006-07-05,16.363073348999023,16.482204983786524,16.32803384663779,16.454173381897537,53093500
2006-07-06,16.454181671142578,16.545283086556275,16.412135583747574,16.433159295755587,44775200
2006-07-07,16.328031539916992,16.503225017111895,16.328031539916992,16.39110129863677,63168800
2006-07-10,16.468189239501953,16.580312974202975,16.38409577016601,16.4191352726478,50565100
2006-07-11,16.18787956237793,16.377088861940162,15.93560049629495,16.377088861940162,88676300
2006-07-12,15.865523338317871,16.0337089422277,15.85150887379066,15.970640510304335,77379300
2006-07-13,15.59921932220459,15.84449033106638,15.592211426337743,15.676304840120444,73099500
2006-07-14,15.620251655578613,15.802451702486085,15.578204257104389,15.613243755832908,67499400
2006-07-17,15.753390312194824,15.844491629308898,15.599220600350453,15.620244289673604,37053500
2006-07-18,15.935603141784668,15.949618944809464,15.753401712323951,15.830487292339786,65047300
2006-07-19,16.398107528686523,16.4401535846791,15.921581105370604,15.991658756438243,82188200
2006-07-20,16.01268768310547,16.43315239023126,15.963633712321212,16.426144489173442,76605200
2006-07-21,16.727479934692383,16.923695845783957,16.117805822007703,16.874641868011064,175483800
2006-07-24,16.81857681274414,16.895662384187744,16.67141490721042,16.825584713477234,59586700
2006-07-25,16.97273826599121,17.021793546980618,16.74849089937573,16.818568535598004,60075800
2006-07-26,17.07785987854004,17.189983591325998,16.8886506119812,16.902666410234467,54942100
2006-07-27,16.727479934692383,17.239044755210628,16.657402250750827,17.22502895109819,85386800
2006-07-28,16.993770599365234,17.014794301908623,16.860623156497933,16.874638958193525,51705800
2006-07-31,16.860618591308594,17.112897607040413,16.825580433176977,16.867626490258928,40254400
2006-08-01,16.811559677124023,16.958722838438813,16.713451793993936,16.83258336777461,49168700
2006-08-02,17.028804779052734,17.09888243449898,16.839596846954006,16.902666603193616,46462000
2006-08-03,16.96573829650879,17.154947601737305,16.92369222977591,16.951723832011403,43155300
2006-08-04,17.021799087524414,17.161953068968916,16.923689830231073,17.09888330950183,45690400
2006-08-07,16.97273826599121,17.154939585521227,16.951715910758345,17.014785649696417,36862400
2006-08-08,17.056835174560547,17.18297467815572,16.958727265817636,17.091873331505866,58171300
2006-08-09,17.12691307067871,17.267067037089877,17.056835419163114,17.161951228126494,44405700
2006-08-10,17.140928268432617,17.239037519419373,17.0568361522955,17.07785984963982,31753400
2006-08-11,17.11991310119629,17.13392890531503,16.95873536369267,17.11991310119629,30255500
2006-08-14,17.189985275268555,17.239039237340258,17.063845751872613,17.182977375455422,47831900
2006-08-15,17.316593170166016,17.337692952415324,17.189989110499713,17.26735721465153,48994500
2006-08-16,17.372852325439453,17.393952096555655,17.211079811477756,17.309550329007028,52373600
2006-08-17,17.372852325439453,17.408019504994396,17.309550329007028,17.372852325439453,45674800
2006-08-18,18.13951873779297,18.14655110438311,17.569800452920628,17.61903506830752,128414800
2006-08-21,18.371612548828125,18.37864491036889,17.977733225460685,18.048068914743563,88398300
2006-08-22,18.019941329956055,18.463054036554833,18.019941329956055,18.294249132062816,89312400
2006-08-23,18.05510711669922,18.252046827455302,17.94960422725711,18.041039707029064,44648500
2006-08-24,18.10434913635254,18.18875228745802,17.93554417568415,18.160617456575334,35933300
2006-08-25,18.181713104248047,18.28721600520038,18.069176497693263,18.08324256735598,33115900
2006-08-28,18.25204849243164,18.287215678272997,18.069176174663852,18.174679073730076,34190900
2006-08-29,18.1746768951416,18.273146076927674,18.0269717809205,18.230945190668212,42711200
2006-08-30,18.14655113220215,18.209853163951674,18.034014484990248,18.18171967292003,30283100
2006-08-31,18.076202392578125,18.27314069818097,18.062134987451753,18.195772653069106,26380500
2006-09-01,18.1746768951416,18.2661123722941,18.034005485554076,18.20984407676749,31594600
2006-09-05,18.012908935546875,18.259081934050254,17.97774040608766,18.069177241139393,44222400
2006-09-06,18.012908935546875,18.090277017272697,17.94257321817067,17.94257321817067,50160400
2006-09-07,17.886302947998047,18.076208961592403,17.858168127520923,17.921470132052374,51266900
2006-09-08,18.00587272644043,18.139510436722396,17.907402199186432,17.956638133584452,36866800
2006-09-11,18.223915100097656,18.252049924211494,17.879271553956663,17.88630525998512,55608200
2006-09-12,18.237985610961914,18.2731528055372,18.09028044235226,18.216884489291257,52248800
2006-09-13,18.273151397705078,18.357554536342498,18.16061477388343,18.16061477388343,37706700
2006-09-14,18.519329071044922,18.63889942289121,18.273154659415194,18.28018836735234,74324500
2006-09-15,18.885068893432617,18.948370906762,18.63186084011508,18.695162853444465,126057700
2006-09-18,18.84286880493164,19.018707440252573,18.75846566969897,18.80770027294206,49135000
2006-09-19,18.892101287841797,18.948369591167598,18.79363075086502,18.807698162082012,43039100
2006-09-20,19.117177963256836,19.152345156125907,18.983540215578017,18.99760762934261,71676400
2006-09-21,18.920236587524414,19.16641094131769,18.885069397643502,19.159377235033045,58495100
2006-09-22,18.751428604125977,18.88506631866156,18.62482459472827,18.870998908385797,47712500
2006-09-25,18.955406188964844,19.124211124698256,18.84286956514257,18.85693563696357,67903900
2006-09-26,19.131240844726562,19.21564262423406,18.906166302441676,18.9272674180896,54766500
2006-09-27,19.300048828125,19.32114860560114,19.074975591430743,19.117176487925338,66233900
2006-09-28,19.27191925048828,19.35632240800267,19.173450018007067,19.321153866728892,44179700
2006-09-29,19.236740112304688,19.285974697989975,19.138269599392267,19.236740112304688,34283500
2006-10-02,19.243776321411133,19.335211800795484,19.096071203584696,19.215641502190092,52908100
2006-10-03,19.25081443786621,19.328182525370245,19.138276476734077,19.25081443786621,39386200
2006-10-04,19.651723861694336,19.66578993123186,19.250812036718475,19.264878106256,82191200
2006-10-05,19.63765525817871,19.771292972236648,19.539186069684483,19.63765525817871,81967200
2006-10-06,19.602489471435547,19.693924961334616,19.447750631009498,19.525120051222522,36452200
2006-10-09,19.496986389160156,19.644691532763,19.42665201191735,19.55325469587975,33366300
2006-10-10,19.47588348388672,19.51808437176146,19.300044885942924,19.47588348388672,34598500
2006-10-11,19.37038803100586,19.461823546766297,19.285984881306373,19.314118370177834,37219600
2006-10-12,19.848665237426758,19.89790118361457,19.37038526262639,19.398518747477063,120174900
2006-10-13,19.95417594909668,20.17924926687217,19.91197369585668,19.93307482247668,129751900
2006-10-16,20.010433197021484,20.11593608860976,19.926030078825633,20.03153297041391,49744800
2006-10-17,20.00340461730957,20.0526392232295,19.81349855886777,19.862733164787706,40122600
2006-10-18,20.059677124023438,20.186281189454615,19.876804734127592,20.045609707521603,40630800
2006-10-19,19.897905349731445,20.01044199578119,19.778334995610763,19.94010625661444,44730800
2006-10-20,19.996362686157227,20.038563567939885,19.81349040970992,20.031529864052466,48887800
2006-10-23,20.010433197021484,20.179238091871134,19.82052718723736,19.90492896389116,48525000
2006-10-24,19.890869140625,19.996372065338093,19.785364874369435,19.996372065338093,61409600
2006-10-25,19.911962509155273,20.017465399897308,19.792392208569755,19.89086273593209,40717100
2006-10-26,19.94009780883789,19.98229869784215,19.722058317183457,19.92603039865578,69964200
2006-10-27,19.93305778503418,20.249567706088733,19.86975580082327,20.038560644871815,89060100
2006-10-30,20.06670379638672,20.28474330954438,19.9189986579919,19.940099775346077,47296800
2006-10-31,20.19329833984375,20.291768839613145,20.08779547866523,20.158131166631467,61861700
2006-11-01,20.26364517211914,20.390249211777906,20.186277080193985,20.24254539320428,75895900
2006-11-02,20.235506057739258,20.298808059960752,20.10186834843366,20.193303828563575,58674400
2006-11-03,20.20737075805664,20.34804216888177,20.12296898479516,20.291773872860116,41124500
2006-11-06,20.284748077392578,20.43245190896238,20.22847975943134,20.23551346686931,60446200
2006-11-07,20.362110137939453,20.446511913520773,20.256605906149748,20.298808135482442,56511200
2006-11-08,20.383211135864258,20.559049744023632,20.158137932067,20.24254105426203,77403300
2006-11-09,20.580158233642578,20.678627460198985,20.397285854650256,20.474655299254632,89407500
2006-11-10,20.566083908081055,20.601252435422666,20.5027819004083,20.516849311344945,37855100
2006-11-13,20.64345932006836,20.72082741959775,20.50982156045572,20.530922682986937,47271800
2006-11-14,20.62934684753418,20.763441509856282,20.516425451724796,20.664635625055375,63012500
2006-11-15,20.55170249938965,20.721084496429178,20.544644747913612,20.558758904737232,63943200
2006-11-16,20.798723220825195,20.918702339140093,20.558764984195395,20.56582273775849,64328500
2006-11-17,20.74931526184082,20.848122441641866,20.66462493187252,20.685796841300334,49356700
2006-11-20,21.095136642456055,21.172770565289905,20.819891055868407,20.83400655931611,85703800
2006-11-21,21.11631202697754,21.17277270033328,21.024563937572694,21.10925427454199,66446600
2006-11-22,21.11631202697754,21.17277270033328,21.0457358487507,21.15159944302664,43907200
2006-11-24,21.003387451171875,21.059848115847263,20.918695781094574,20.932811283795527,20456700
2006-11-27,20.80577850341797,20.989276035879026,20.699914904802007,20.95398861838327,72722100
2006-11-28,20.74226188659668,20.763435146620566,20.558764338109437,20.706974466019016,52602300
2006-11-29,20.869300842285156,21.017510985021946,20.770494977879924,20.77755273192729,58775100
2006-11-30,20.721092224121094,20.86930102200527,20.69991896179666,20.76343740264101,53297400
2006-12-01,20.55170249938965,20.678737987572955,20.396434659173742,20.62933507336915,72257000
2006-12-04,20.699913024902344,20.83400762223982,20.586991683816645,20.62933685019164,55123400
2006-12-05,20.55876350402832,20.74931879812592,20.48818866573625,20.721089132034844,45606000
2006-12-06,20.459957122802734,20.558762970751697,20.375266780597542,20.53759105826476,48564100
2006-12-07,20.36114501953125,20.51641149662583,20.332914016716796,20.43877758501439,46831100
2006-12-08,20.74931526184082,20.74931526184082,20.32585957361376,20.33997507731798,108854900
2006-12-11,20.84812355041504,20.996332308806064,20.54464693527693,20.60110760696807,107712000
2006-12-12,20.77049446105957,20.911645500107873,20.62228432201061,20.862242569134523,68529400
2006-12-13,20.855178833007812,20.89046759224408,20.692854578906555,20.89046759224408,46002500
2006-12-14,21.2221736907959,21.229231442589445,20.83400676505053,20.848122268637617,85866500
2006-12-15,21.306869506835938,21.335099173367585,21.193948148451806,21.271580741010414,102783700
2006-12-18,21.095136642456055,21.356268071724504,21.017504065750707,21.306865155786056,56986800
2006-12-19,21.16571617126465,21.29275303018989,20.84106761723677,20.968103130033303,53822100
2006-12-20,21.236289978027344,21.342153566579984,21.151598299508098,21.165713803616065,31202100
2006-12-21,21.158655166625977,21.271576502509795,21.095136746925267,21.264518750750995,32270500
2006-12-22,20.918699264526367,21.07396712783559,20.90458510560352,21.052793870258338,37971700
2006-12-26,21.16571617126465,21.172773924108128,20.749318176400223,20.84106761723677,37098300
2006-12-27,21.1868839263916,21.26451649524701,21.10925001140783,21.16571067336102,31248400
2006-12-28,21.158655166625977,21.193943925419987,21.038676078983357,21.073964837777368,26690600
2006-12-29,21.073970794677734,21.27864026902212,21.05279753341636,21.073970794677734,41739800
2007-01-03,21.073970794677734,21.349216460431137,20.74932085264779,21.1092582173178,76935100
2007-01-04,21.038681030273438,21.15160239273242,20.777550884385345,20.9610484349134,45774500
2007-01-05,20.918699264526367,20.99633319618098,20.784606004923052,20.911641512000617,44607200
2007-01-08,21.12336540222168,21.243344476506607,20.841062093941957,20.925752413361696,50220200
2007-01-09,21.14454460144043,21.29981248414005,20.982220311462484,21.172775615069025,44636600
2007-01-10,20.93282699584961,21.095151360364998,20.77050263133422,21.03163289666255,55017400
2007-01-11,21.666805267333984,21.702092684467015,20.925757392382295,21.00339132542937,99464300
2007-01-12,22.0267391204834,22.15377596380349,21.624456680722144,21.631514432698655,103972500
2007-01-16,21.991455078125,22.196125878435172,21.899706980622035,22.062031262581222,62379600
2007-01-17,21.949111938476562,22.189070180171544,21.88559350119678,22.06203330561198,58519600
2007-01-18,21.878538131713867,22.139669663002064,21.737385734347974,21.984401756673773,56364300
2007-01-19,21.956167221069336,21.956167221069336,21.659748329167954,21.68797799471018,75826900
2007-01-22,21.680917739868164,21.963222439485534,21.53270898408476,21.920875926865786,56143900
2007-01-23,21.695035934448242,21.85030246158934,21.539769407307144,21.617401997813324,49171200
2007-01-24,21.942049026489258,22.090257781214312,21.631514666804794,21.723264097363835,58527800
2007-01-25,21.4903621673584,22.217293078505282,21.4903621673584,21.93498974669443,97378700
2007-01-26,21.596233367919922,22.040861104125714,21.596233367919922,22.03380335007433,96103700
2007-01-29,21.546823501586914,21.72326325770369,21.41272891002218,21.631513830691,57605900
2007-01-30,21.511533737182617,21.624455068128842,21.271575572389775,21.575052154105926,61900400
2007-01-31,21.77972412109375,21.94910612694912,21.419786853852894,21.462132018784605,73968400
2007-02-01,21.5679988861084,21.836188112451914,21.433905619065367,21.76561192940737,55355800
2007-02-02,21.306869506835938,21.765612693537573,21.264522987845307,21.751497187207363,60401700
2007-02-05,20.897525787353516,21.18688688858599,20.75637343967148,21.151598128601204,99102100
2007-02-06,20.82695198059082,20.996334009383173,20.622281187802955,20.883412656854937,79281100
2007-02-07,20.728145599365234,20.961046051217487,20.643453914087747,20.91869953551441,65145500
2007-02-08,20.6505069732666,21.0316161050753,20.608161813316382,20.636391471240408,48749000
2007-02-09,20.452899932861328,20.74931883099535,20.417612513659392,20.714031411793414,69823100
2007-02-12,20.424665451049805,20.53052902982412,20.34703153175537,20.389376694039406,52774400
2007-02-13,20.545055389404297,20.67961490217341,20.50964428036206,20.566302054829638,50348100
2007-02-14,20.821266174316406,21.02664666177684,20.644214588904198,20.658379039928313,55588600
2007-02-15,20.863758087158203,20.99831766971767,20.693788727986636,20.94874344214218,63858100
2007-02-16,20.353851318359375,20.495493135507854,20.290112635722206,20.474246457696637,109340300
2007-02-20,20.417583465576172,20.43883013658659,20.162628816635387,20.275941693765503,53978200
2007-02-21,20.785863876342773,20.814191437786906,20.353857420245458,20.360939648305713,68604900
2007-02-22,20.81418228149414,20.920414304868917,20.65129516015404,20.75752583273253,57754400
2007-02-23,20.467159271240234,20.736278388438045,20.460077047019645,20.693785043114506,63787100
2007-02-26,20.587556838989258,20.601721289121286,20.41050526472785,20.509653714059418,63481900
2007-02-27,19.737709045410156,20.516734850175595,19.681052598685465,20.33260106062129,87143300
2007-02-28,19.95016860961914,20.006825051307814,19.773117060492524,19.79436373267432,86333300
2007-03-01,19.893510818481445,20.06348013201783,19.638556172778856,19.702294834204505,80175700
2007-03-02,19.659801483154297,19.94308365277982,19.659801483154297,19.84393523110987,63254700
2007-03-05,19.511077880859375,19.76603251389898,19.411929457253287,19.46858589228476,56454300
2007-03-06,19.709381103515625,19.787284228092766,19.581903754497144,19.688134428413775,49361800
2007-03-07,19.553571701049805,19.75895077654065,19.511078360634322,19.659802350496516,52044700
2007-03-08,19.34819793701172,19.72354780181835,18.83828983361103,19.631480216678767,72175200
2007-03-09,19.326950073242188,19.461508294172837,19.142816277930674,19.419016295499805,80125000
2007-03-12,19.433181762695312,19.46150931302825,19.213636831332344,19.24904795774396,36516400
2007-03-13,18.923267364501953,19.40484775048471,18.91618514108503,19.298617100822863,75169500
2007-03-14,19.404848098754883,19.404848098754883,18.930349927672953,18.994088588773213,75730300
2007-03-15,19.319862365722656,19.45442054846826,19.263205933304533,19.34818990653377,51757100
2007-03-16,19.35527992248535,19.46151060719169,19.26321368928558,19.369444373991918,65055300
2007-03-19,19.709381103515625,19.709381103515625,19.263211732747248,19.36236018162993,49412000
2007-03-20,19.716461181640625,19.943086954864697,19.659804738334607,19.780199849209414,47902400
2007-03-21,20.198043823242188,20.198043823242188,19.518165078784314,19.75895532673853,72808200
2007-03-22,20.0209903717041,20.2192872508558,19.836856590494538,20.19804192854451,47934900
2007-03-23,19.84394073486328,20.020992308834305,19.688134485259145,19.985581183562314,50519800
2007-03-26,19.98558807373047,19.98558807373047,19.617321699513585,19.787291107028327,47491500
2007-03-27,19.63148307800293,19.943094306452814,19.58190884068522,19.858110285564354,58979800
2007-03-28,19.574817657470703,19.829772305076418,19.404848342665574,19.53232566646843,46947000
2007-03-29,19.652725219726562,19.72354612130827,19.46859141593266,19.716463896070465,42629900
2007-03-30,19.737709045410156,19.794365492134848,19.47567213506081,19.652723699925,47061000
2007-04-02,19.645639419555664,19.78019897299536,19.518162090065015,19.75187007719917,41977600
2007-04-03,19.737709045410156,19.872267262133647,19.652723699925,19.73062682072004,39821300
2007-04-04,20.183883666992188,20.382181957726605,19.75895953015935,19.836862671304406,63244200
2007-04-05,20.21929359436035,20.290114509474765,20.04224198197262,20.056406435154823,30131200
2007-04-09,20.23345375061035,20.339684425323707,20.105976400635804,20.24053597569742,31384600
2007-04-10,20.11305809020996,20.283027435385133,19.985580743629512,20.18387898839869,38643100
2007-04-11,19.907678604125977,20.23345283867016,19.822693257707872,20.042236822326615,44050200
2007-04-12,20.21220588684082,20.268862329623154,19.858102781752194,19.872265879350667,43762100
2007-04-13,20.261777877807617,20.325516537779713,19.900592588231078,20.134300557863426,36002900
2007-04-16,20.346769332885742,20.360933784927283,19.978501684584593,20.254703096208704,30740100
2007-04-17,20.431751251220703,20.460078799733594,20.22637078361812,20.275945006612876,33170200
2007-04-18,20.254701614379883,20.30427584210195,20.084732254705767,20.261783839882522,41778400
2007-04-19,20.31844139099121,20.460081856308157,20.013912431904895,20.070568888190966,43648800
2007-04-20,20.55214500427246,20.60880144832492,20.325519228062632,20.523816106848145,60311500
2007-04-23,20.382169723510742,20.530892339194683,20.304266629126325,20.509645672327355,41739100
2007-04-24,20.38925552368164,20.509649271335693,20.2476137546359,20.38925552368164,34236700
2007-04-25,20.530895233154297,20.53797745644169,20.318433937716396,20.438829032010133,39475000
2007-04-26,20.608800888061523,20.785852439761715,20.47424133054646,20.60171866389798,68760300
2007-04-27,21.3311710357666,21.7702581170923,21.24618569862183,21.366580804945862,128298800
2007-04-30,21.20370101928711,21.50823000213659,21.20370101928711,21.338259269218657,67788800
2007-05-01,21.529476165771484,21.54364061919684,21.17537293491736,21.20370184176807,73539300
2007-05-02,21.678190231323242,21.73484666810896,21.45864535683208,21.522384017065512,80686700
2007-05-03,21.93314552307129,21.954392195353396,21.62153576771045,21.671109985572578,82036800
2007-05-04,21.642778396606445,21.74192817079155,21.45156377304109,21.727763724365683,104385900
2007-05-07,21.74901580810547,21.78442693518455,21.58612867593085,21.614457577594113,59889100
2007-05-08,21.777347564697266,21.91190716364526,21.656952418437807,21.727773331083938,60551700
2007-05-09,21.7985897064209,21.90482037788023,21.649865685740814,21.741933258256168,51735000
2007-05-10,21.656949996948242,21.904822488096503,21.621540219982663,21.7277709016758,55398600
2007-05-11,21.87649154663086,21.94023021986451,21.635701303480687,21.649865753265114,43425300
2007-05-14,21.93314552307129,21.94730997125936,21.81983263915896,21.84107931144107,70188500
2007-05-15,21.954463958740234,22.089459425685416,21.911834310557786,21.954463958740234,75013900
2007-05-16,22.07525062561035,22.089460961049575,21.890520330416987,22.025515806745247,45833600
2007-05-17,22.01130485534668,22.124984825334913,21.99709452030512,22.04683069295059,41045600
2007-05-18,21.90473747253418,22.018417481028532,21.727112289865183,22.00420714117359,58453000
2007-05-21,22.061031341552734,22.139186799594075,21.83367148743788,21.83367148743788,41836400
2007-05-22,21.805265426635742,21.9757854207868,21.783949919177193,21.95446991332825,39999500
2007-05-23,21.727102279663086,21.91183254714985,21.719997113009136,21.91183254714985,46322500
2007-05-24,21.4357967376709,21.883411385365488,21.28659095165807,21.698682477230665,64046400
2007-05-25,21.656049728393555,21.78394000459291,21.44290017150919,21.513950475527924,47726500
2007-05-29,21.876304626464844,21.904723933436433,21.592103425718374,21.66315372590499,42373100
2007-05-30,22.103666305541992,22.11787528260069,21.677365824828023,21.70578513411729,57376800
2007-05-31,21.805265426635742,22.139200245785005,21.748425428585392,22.110780924346052,85290500
2007-06-01,21.734203338623047,21.95445804258016,21.705782677378664,21.876303934501536,39469400
2007-06-04,21.826574325561523,21.854994995332454,21.59921438808257,21.613424722968034,41434500
2007-06-05,21.727102279663086,21.76262675776086,21.54947717883027,21.755522946278884,44265000
2007-06-06,21.521053314208984,21.691573212311205,21.4926326536061,21.577893280243057,38217500
2007-06-07,21.045024871826172,21.521060248943886,21.023709369505514,21.32922479357433,71971400
2007-06-08,21.35053825378418,21.357643420995796,20.895818393617418,21.016603525870725,61346200
2007-06-11,21.3292236328125,21.49263840952795,21.26527848450262,21.27238365155617,48467400
2007-06-12,21.208438873291016,21.485533617353877,21.151598891042937,21.286593001899575,56981800
2007-06-13,21.59210777282715,21.60631810675977,21.208438242850583,21.29369753610225,64435600
2007-06-14,21.684473037719727,21.81946714113648,21.52816207877317,21.563687912702843,59065700
2007-06-15,21.663164138793945,21.940258952024696,21.62053448025977,21.926049969294912,100933000
2007-06-18,21.6773681640625,21.82657260306872,21.613423017296405,21.805258457594697,45412600
2007-06-19,21.641841888427734,21.783942512826865,21.585001909702477,21.656052221902044,46802600
2007-06-20,21.322124481201172,21.677374803070222,21.286598635910806,21.627639974836146,46861600
2007-06-21,21.47132110595703,21.528161082441933,21.251066366474536,21.300801176502333,56564800
2007-06-22,20.952661514282227,21.386067292898726,20.924242196351397,21.315016965313227,86219900
2007-06-25,20.952661514282227,21.151602160487172,20.87450601842095,20.93845117773067,53905800
2007-06-26,20.973970413208008,21.17290964158334,20.9597600811321,20.995284556150022,48340300
2007-06-27,21.222646713256836,21.279486688824264,20.860291360825013,20.860291360825013,53468600
2007-06-28,21.194225311279297,21.293694926272238,21.087650530190878,21.215540809565727,46055200
2007-06-29,20.938444137573242,21.265274992506914,20.6329301354718,21.22264535235794,71193900
2007-07-02,21.130285263061523,21.17291491473439,20.952660133390353,21.080550443581146,47316000
2007-07-03,21.3292236328125,21.471322908367306,21.158703689043502,21.16580885609705,35202600
2007-07-05,21.307903289794922,21.471318029377166,21.194223353114083,21.350532927257305,47838500
2007-07-06,21.29368782043457,21.343423966505643,21.07343316566262,21.25105819325935,57541000
2007-07-09,21.222646713256836,21.279486688824264,21.18001571520233,21.21554154691442,33831400
2007-07-10,20.838977813720703,21.307907994868216,20.732403018945732,21.101863572326206,66013500
2007-07-11,20.952661514282227,21.066341496350113,20.75372086807728,20.775036372904616,48017000
2007-07-12,21.364742279052734,21.393162939506382,20.917127718281233,21.002386989298813,54302400
2007-07-13,21.187114715576172,21.329215290725955,21.07343479752495,21.272375331700346,42173000
2007-07-16,21.336326599121094,21.48553102633969,21.116070508695675,21.144491173978402,48023200
2007-07-17,21.86920166015625,21.94025061231599,21.32211605542615,21.329221221676505,77539600
2007-07-18,21.968673706054688,22.00419818606195,21.670263466408734,21.677368633444598,64414400
2007-07-19,22.387861251831055,22.622326261395674,21.975771193954703,22.06103045824825,121159300
2007-07-20,22.139190673828125,22.16761133815175,21.876306304693898,22.132085507747217,98292600
2007-07-23,22.160505294799805,22.394970345500468,22.110770489374183,22.281290403049955,48910600
2007-07-24,21.8834171295166,22.366557736496055,21.819471969465067,22.03262295469428,59729300
2007-07-25,21.8194637298584,22.23865901848709,21.57789487276376,22.01840430324598,54950100
2007-07-26,21.30080223083496,21.691578274286456,20.966867521853793,21.48553250234752,87025300
2007-07-27,20.881614685058594,21.315020536284923,20.860300531832713,21.265285705194525,69214600
2007-07-30,20.888704299926758,20.952649422333216,20.568980043065967,20.895809464102086,67499600
2007-07-31,20.597408294677734,21.11607330830597,20.590303127415037,21.10896814104327,66554000
2007-08-01,20.817655563354492,20.995280615448547,20.476615788575092,20.568981574560095,80006300
2007-08-02,20.973970413208008,21.165805830717243,20.618720242341364,20.739505354642898,47938300
2007-08-03,20.576093673706055,21.158705217638875,20.53346402347707,20.924240108621234,61535500
2007-08-06,20.988182067871094,20.988182067871094,20.426886112048788,20.640035685931824,59530500
2007-08-07,20.99528694152832,21.16580823546931,20.640036730299943,20.83897733644976,49163000
2007-08-08,21.31501007080078,21.322115236778334,20.75371415512054,21.116069488944778,52898600
2007-08-09,20.817655563354492,21.386056543158425,20.547666080447033,21.059225742616132,72964500
2007-08-10,20.39846420288086,20.64003442798369,20.078739861542545,20.533459647537587,76576200
2007-08-13,20.341629028320312,20.59740964586834,20.206634906989677,20.561885162396525,55492300
2007-08-14,20.156251907348633,20.598305478307257,20.106342764813512,20.512747336796235,42944100
2007-08-15,20.0350399017334,20.669601219956135,19.999389549072518,20.134858169340056,48117700
2007-08-16,19.828275680541992,20.213291402456477,19.61437896387094,19.878184823770425,81447400
2007-08-17,20.141986846923828,20.141986846923828,19.83540063485219,20.027908446142074,76747700
2007-08-20,20.14911460876465,20.31310212111247,20.02077608260665,20.092075414907942,49952000
2007-08-21,20.013654708862305,20.1919024370993,19.871057342226056,20.035044925822753,50786200
2007-08-22,20.12059783935547,20.191897184085867,19.97087043935133,20.156248191681613,44763500
2007-08-23,20.17763900756836,20.19902922104651,20.03504166414675,20.16338022517161,33886600
2007-08-24,20.541257858276367,20.562648064862078,20.013645001789754,20.113463246013236,45158900
2007-08-27,20.313108444213867,20.512746364816817,20.248939161160138,20.39866794159287,32789500
2007-08-28,19.913841247558594,20.313115874899992,19.899581099458615,20.177647187795337,43924400
2007-08-29,20.3844051361084,20.398665277129258,19.83540194610237,20.056428692238107,45753700
2007-08-30,20.28458595275879,20.626821162272776,20.191896400230938,20.263195742193478,33690700
2007-08-31,20.48422622680664,20.61969486533302,20.22042038116915,20.462837372249165,42511900
2007-09-04,20.541257858276367,20.74802577550682,20.305971025519884,20.32023116324369,45689600
2007-09-05,20.305980682373047,20.48422840892461,20.263201608778893,20.427189190825,47669800
2007-09-06,20.612564086914062,20.683863439478575,20.35588696165064,20.363017032899293,45430800
2007-09-07,20.277454376220703,20.555520293303925,20.191894900237237,20.405792910235032,52160900
2007-09-10,20.305980682373047,20.49848855343007,20.256071536526164,20.44144933533046,37247600
2007-09-11,20.626827239990234,20.641087384568877,20.377280149552938,20.412929151077307,34380800
2007-09-12,20.626827239990234,20.797944895167234,20.534137660151295,20.541267732440616,42364700
2007-09-13,20.790813446044922,20.86211280429423,20.648214729546304,20.762294518698486,35288600
2007-09-14,20.705249786376953,20.755158915874627,20.59117002762569,20.66246936687456,33496600
2007-09-17,20.48422622680664,20.591174579360274,20.405798160225753,20.52700665576576,39536500
2007-09-18,20.626827239990234,20.655346169225282,20.156253348272926,20.462839657102556,77462400
2007-09-19,20.441438674926758,20.612556239986166,20.177631578842558,20.584037325770357,94242200
2007-09-20,20.263200759887695,20.377279191307803,20.206161544177643,20.305979831689694,67168900
2007-09-21,20.427188873291016,20.541267307716925,20.277461438077832,20.455709161858596,135636100
2007-09-24,20.73377799987793,21.111663715336018,20.534140032479286,20.541270105592353,104459800
2007-09-25,21.076011657714844,21.076011657714844,20.755166552919842,20.776555410619473,75621000
2007-09-26,21.033227920532227,21.282774964455143,21.018967778611607,21.16156647797384,60337000
2007-09-27,21.026098251342773,21.19008580679746,20.990449255782018,21.17582702452636,43407100
2007-09-28,21.00471305847168,21.168702013044015,20.840725463821677,21.026103276873897,45819100
2007-10-01,21.225730895996094,21.239991034651137,20.96905383989199,21.00470282660793,43875100
2007-10-02,21.175825119018555,21.282773455999074,21.08313556302605,21.175825119018555,33700900
2007-10-03,20.997581481933594,21.282777555456324,20.8835030525245,21.182957909781756,37633900
2007-10-04,21.182960510253906,21.22574094647576,20.990453986944832,21.076012139543906,37868000
2007-10-05,21.275650024414062,21.382598394766834,21.197220584858286,21.311299027890882,45012300
2007-10-08,21.275650024414062,21.28278009709389,21.104532359865168,21.147311436021813,30265400
2007-10-09,21.461021423339844,21.667788029598828,21.38972207776292,21.411112289412568,63603100
2007-10-10,21.553712844848633,21.653532487557037,21.411115492285656,21.418245563902122,32251500
2007-10-11,21.325559616088867,21.838912620395647,21.240001461998908,21.603625656764745,50788400
2007-10-12,21.510936737060547,21.674924327053496,21.35407921966585,21.411118440529584,31121100
2007-10-15,21.418241500854492,21.62500809881985,21.38972121979894,21.461020562515973,47150500
2007-10-16,21.617883682250977,21.80326147782812,21.553714393015724,21.56084446514433,56286200
2007-10-17,22.15975570678711,22.266704062993725,21.85316942171858,21.924468779163703,86092400
2007-10-18,22.216785430908203,22.26669455182458,21.838899949807498,22.259564483133445,49208600
2007-10-19,21.510936737060547,22.166888456954638,21.46815766139332,22.166888456954638,75200200
2007-10-22,21.75335121154785,21.888819855164066,21.475285212476482,21.475285212476482,58785100
2007-10-23,22.031408309936523,22.188267105465066,21.895939721049583,21.895939721049583,49956200
2007-10-24,22.28095817565918,22.31660716477153,21.746215179443357,21.995762182995094,77979200
2007-10-25,22.80858039855957,22.972569351112803,22.452084922445938,22.509124144227226,169588700
2007-10-26,24.976062774658203,25.689053458215387,24.64095900287998,25.67479331816301,288121200
2007-10-29,24.648086547851562,25.16144068609607,24.562528431425307,24.84772305946066,114655600
2007-10-30,25.361074447631836,25.375334585463804,24.491225078784193,24.50548521661616,107297300
2007-10-31,26.245187759399414,26.38065500867867,25.318297704841246,25.325429134712753,185635800
2007-11-01,26.423437118530273,26.730023346369695,25.924343069500257,26.04555018663299,152078800
2007-11-02,26.423437118530273,26.737152056853603,25.967120772091217,26.5375155251791,96389800
2007-11-05,26.188142776489258,26.451948520461688,26.11684480887826,26.20953162280393,75485400
2007-11-06,25.959985733032227,26.1382333699577,25.574970184510864,26.088324249206014,100966700
2007-11-07,25.325420379638672,25.78173381929732,25.275511267166173,25.696175729321983,74897800
2007-11-08,24.769304275512695,25.596373584432975,24.526887268423426,25.382474145355584,133742400
2007-11-09,24.0491886138916,24.626712363318113,23.992150742257248,24.370035141350776,125136900
2007-11-12,23.79962730407715,24.034912790868024,23.542950249510138,23.756846888368205,84865200
2007-11-13,24.65089988708496,24.801122363731732,23.878325200875143,23.9927808110113,104311500
2007-11-14,24.271760940551758,24.8583461567347,24.142998065893416,24.76535014085114,84063100
2007-11-15,24.15015411376953,24.393372611753446,23.999931646177455,24.15015411376953,64014100
2007-11-16,24.38622283935547,24.50783073644045,24.1143897303859,24.221693063326736,71113800
2007-11-19,24.293214797973633,24.49351407192148,24.228833375782497,24.293214797973633,63026200
2007-11-20,24.736738204956055,25.01572352279841,24.393368721172422,24.486364736732007,100009400
2007-11-21,24.486366271972656,24.84404033857261,24.450599411079974,24.607976873611655,89518700
2007-11-23,24.400522232055664,24.636585667722095,24.114381922749942,24.579359243162685,33467200
2007-11-26,23.58502197265625,24.586507430871933,23.55640740072089,24.38621088499595,80335000
2007-11-27,23.6494083404541,24.03569422701517,23.37757530789633,23.799630781274317,84178400
2007-11-28,24.107234954833984,24.243150130842125,23.534956938961788,23.87832374848511,88585000
2007-11-29,24.028549194335938,24.271767722333188,23.828252546163082,24.02139691211712,53633600
2007-11-30,24.035694122314453,24.407675447132,23.742401522013203,24.264605286996584,71027800
2007-12-03,23.549251556396484,24.064302917585355,23.37756958855731,23.96415464820656,61770600
2007-12-04,23.44195556640625,23.778170017976972,23.341807277556132,23.420495998463,54801500
2007-12-05,24.429136276245117,24.693814282839888,23.627944519188024,23.706633238973648,84894700
2007-12-06,24.715282440185547,24.75820431921401,24.228845393211486,24.507830784803673,49209700
2007-12-07,24.70096206665039,24.822572628412946,24.479205964528273,24.75819120838234,40771000
2007-12-10,24.865497589111328,25.001415468192057,24.65804872375645,24.77965658521151,36083500
2007-12-11,24.393354415893555,25.030016133381952,24.27174662203154,24.844024211336194,55070700
2007-12-12,24.658050537109375,25.101565606850254,24.27176189789804,24.75819883716346,63345400
2007-12-13,25.194562911987305,25.35909266030529,24.522133899307146,24.665204076186114,73913200
2007-12-14,25.258947372436523,25.638081066943872,25.044340717064006,25.072955301625274,71126200
2007-12-17,24.600814819335938,25.130173487002537,24.579355254712894,25.058637056866086,58121200
2007-12-18,24.8511962890625,25.037185610049015,24.472059908501393,24.779659835731785,52791800
2007-12-19,24.8869571685791,25.137327872956753,24.593664602521276,24.815420732445478,58469100
2007-12-20,25.409151077270508,25.602295287119464,25.09439906612867,25.24462143084398,59345000
2007-12-21,25.79545783996582,25.79545783996582,25.57369890900297,25.68100223372236,83240500
2007-12-24,26.167438507080078,26.267586818624014,25.78830210487354,25.845531270805406,29622600
2007-12-26,26.18889808654785,26.210357659359346,25.938524578787497,26.045827900518624,30252400
2007-12-27,25.7310791015625,26.145979694589236,25.709616797055517,26.002909489503843,33311100
2007-12-28,25.8383731842041,25.917061913572944,25.516465986257256,25.82406589442463,33447200
2007-12-31,25.46639060974121,25.7453786537474,25.4091641822164,25.68099721725926,35229700
2008-01-02,25.194562911987305,25.723919018951843,25.037185444536775,25.602311142348544,63004200
2008-01-03,25.30185890197754,25.502158204758715,24.93703260960109,25.194558335436774,49599600
2008-01-04,24.593664169311523,25.18024929109466,24.386212601432227,25.173094283189325,72090800
2008-01-07,24.758201599121094,24.89411677452303,24.50067581091799,24.7152797248083,80164300
2008-01-08,23.928407669067383,24.82974557078101,23.89264079013647,24.82974557078101,79148300
2008-01-09,24.636587142944336,24.708123588972434,23.8568576186746,23.864012627695605,74305500
2008-01-10,24.557905197143555,24.679513082199666,24.16446150116945,24.572209759872756,72446000
2008-01-11,24.257455825805664,24.49352202678664,24.12154065874297,24.421985573987868,55187900
2008-01-14,24.600814819335938,24.729577664745765,24.379058708002404,24.65088895601356,52792200
2008-01-15,24.32183074951172,24.593663739609728,24.32183074951172,24.34329031518085,61606200
2008-01-16,23.771013259887695,24.071460833161268,23.25596183646786,23.906928394918594,120778500
2008-01-17,23.685176849365234,24.178766073109074,23.585028548504443,23.992776761344253,94247800
2008-01-18,23.613645553588867,24.321841552421233,23.585033696266944,23.720948887266754,117062000
2008-01-22,22.86252212524414,23.270270279424544,22.533462690087347,22.562077265884323,108521400
2008-01-23,22.841066360473633,22.926907373319523,22.204406951596464,22.519159151255796,137597400
2008-01-24,23.785322189331055,23.864010909879475,22.97697814483755,23.141507865604158,155640400
2008-01-25,23.563566207885742,25.03718432481303,23.513492057543036,24.965650603991033,196992300
2008-01-28,23.40619659423828,23.678026975868704,23.191589927173986,23.620800532465452,81019000
2008-01-29,23.32034683227539,23.52779843498463,23.141509808319793,23.49918385623099,68023000
2008-01-30,23.03421401977539,23.46342187496124,22.926910691560433,23.291739824421697,106432600
2008-01-31,23.32034683227539,23.420497857913123,22.6908411082957,22.826757628539053,103642200
2008-02-01,21.782346725463867,23.785320541048083,21.639276582457278,22.218708069239756,291138900
2008-02-04,21.596355438232422,21.975488986329324,21.5391276556281,21.810959281894142,119998600
2008-02-05,20.795164108276367,21.41751740776463,20.66640126256032,21.39605647867266,137534100
2008-02-06,20.4017333984375,20.99547241990953,20.237203620486852,20.945398258308774,138315600
2008-02-07,20.115589141845703,20.587718777976423,19.95821168685665,20.27296523241654,164964900
2008-02-08,20.430334091186523,20.802315298411354,20.201422998869006,20.237191209804703,124872000
2008-02-11,20.179964065551758,20.46610432362944,19.965360236411367,20.40172290200375,156814100
2008-02-12,20.272974014282227,20.4732720599344,20.10844420772088,20.337355480226897,84365900
2008-02-13,20.71647834777832,20.780859779799272,20.408879840189222,20.473261272210173,88986200
2008-02-14,20.387413024902344,20.77370150555783,20.358798456964443,20.65924459822392,69113500
2008-02-15,20.330196380615234,20.48757249715607,20.208587129155084,20.251507640135596,68166100
2008-02-19,20.229656219482422,20.71080180605484,20.157843179600604,20.68207604221419,68261200
2008-02-20,20.265565872192383,20.294291641444396,20.050128081682555,20.21529714572143,93056200
2008-02-21,20.17938232421875,20.796971021394445,20.078843546295694,20.55280894000277,98776500
2008-02-22,19.87776756286621,20.38763738278656,19.533066723788842,20.279918541789808,125705400
2008-02-25,19.992671966552734,20.279922725036606,19.73414559905742,19.856227342628024,109974300
2008-02-26,20.380462646484375,20.725164968641188,19.870592658886313,19.920861376568393,108923500
2008-02-27,20.294286727905273,20.595900383426063,20.179386418156376,20.244018013605096,75199500
2008-02-28,20.057315826416016,20.301479462899085,19.963958416732225,20.121947457821566,83002900
2008-02-29,19.53307342529297,19.985493260585542,19.403810223860848,19.884955823791604,117411400
2008-03-03,19.382261276245117,19.669512005496642,19.296086742329422,19.56179315324226,76544300
2008-03-04,19.81313705444336,19.841861441058207,19.360715980214334,19.403804614715778,86925600
2008-03-05,20.193748474121094,20.402004763386024,19.89213483092524,19.92804066260964,106489800
2008-03-06,19.79877471923828,20.22965148803296,19.74850601399414,20.15065702566675,91127700
2008-03-07,20.01421356201172,20.157838236838344,19.61924262436969,19.633605502768194,77597600
2008-03-10,20.143476486206055,20.294283978394613,19.928038777044744,19.98548892413573,72175100
2008-03-11,21.026784896850586,21.069872186287427,20.380468706696796,20.39483159308249,98740700
2008-03-12,20.55998992919922,21.17758002372369,20.495359713690853,21.134492756811603,75993800
2008-03-13,20.552812576293945,20.818519022047504,20.222473167049348,20.495362422910496,84552200
2008-03-14,20.078845977783203,20.832880739779892,19.849045377078557,20.624623089316543,105214900
2008-03-17,20.323013305664062,20.631808434961552,19.590524094685694,19.60488560765869,84490100
2008-03-18,21.127315521240234,21.17040279672573,20.588719783652245,20.588719783652245,83695300
2008-03-19,20.552812576293945,21.249395857283208,20.552812576293945,21.098588348576847,61442100
2008-03-20,20.954959869384766,20.983684256034323,20.53126455097803,20.638983397922914,60170200
2008-03-24,20.94778060913086,21.11294961627401,20.868786140619093,21.062680907119102,48294700
2008-03-25,20.926231384277344,21.09140172242237,20.782606730319014,21.062675969799137,49149000
2008-03-26,20.509721755981445,20.8759669585532,20.380458582165584,20.84724256977165,45868100
2008-03-27,20.143476486206055,20.459452980066256,20.10757065791902,20.45227154046494,47894400
2008-03-28,20.042945861816406,20.416372629285323,19.98549569526119,20.272746528037274,49244000
2008-03-31,20.380462646484375,20.531270169250448,19.992674417422723,20.021398811932556,46780600
2008-04-01,21.18475914001465,21.213484894618947,20.559987674564812,20.703613708147575,65796200
2008-04-02,20.94060516357422,21.242218874560677,20.825704832695568,21.235037432665763,49499400
2008-04-03,20.825702667236328,21.05550330509893,20.682076583712277,20.825702667236328,38961400
2008-04-04,20.94060516357422,21.012418212803375,20.63899145258776,20.919060837889475,43860800
2008-04-07,20.94060516357422,21.249400316455592,20.847249158380308,21.220674548875937,44428600
2008-04-08,20.646169662475586,20.82570157258407,20.49536351544995,20.78261429767957,44733500
2008-04-09,20.746707916259766,20.854428162370883,20.495364327920033,20.62462615775768,45839300
2008-04-10,20.904695510864258,21.11295180895148,20.682074961887217,20.703619283642336,65591600
2008-04-11,20.308650970458984,20.83288384004563,20.258380883069183,20.732346404705677,54373700
2008-04-14,20.15066146850586,20.330193380943737,20.057305476714873,20.2799246646163,43418100
2008-04-15,20.287099838256836,20.452268817941853,20.129112297217173,20.19374387530598,34310000
2008-04-16,20.789791107177734,20.861602759448065,20.380457292751714,20.516901897560388,54107400
2008-04-17,20.98368263244629,21.069858525166108,20.753882078152568,20.911870986519013,48743300
2008-04-18,21.543825149536133,21.615638173978493,21.26375586090241,21.551006588952323,73658900
2008-04-21,21.84544563293457,21.974708843676424,21.630007861511448,21.680276583528848,54411700
2008-04-22,21.723360061645508,22.046518031938035,21.522283839050193,22.003429389419228,67387500
2008-04-23,22.585113525390625,22.592293596023783,21.759265691168824,21.866985926741886,98351500
2008-04-24,22.83645248413086,23.05189017239421,22.37685135198535,22.71437076218978,115416700
2008-04-25,21.42174530029297,21.82389635488229,21.256576288373022,21.579732872166005,145194900
2008-04-28,20.818525314331055,21.4289342345977,20.696443530277726,21.400208464363924,97473000
2008-04-29,20.56717872619629,20.75389210923489,20.43073543721117,20.682079058878504,84428900
2008-04-30,20.48100471496582,20.976511899402055,20.47382327276413,20.638992334242875,74733600
2008-05-01,21.112953186035156,21.177584785796352,20.45227567603613,20.466638558143025,71699400
2008-05-02,20.9980525970459,21.27094187466822,20.725164689143384,21.24939755178652,66024200
2008-05-05,20.883146286010742,21.70899258331581,20.818514705639792,21.49355489522559,119687700
2008-05-06,21.32839012145996,21.443290427093547,20.775431544523514,20.82570025702325,93582000
2008-05-07,20.976503372192383,21.644362158536193,20.883147400960862,21.32120560914755,88775000
2008-05-08,21.01959228515625,21.105766818242156,20.825697531133702,21.026773724533324,69589900
2008-05-09,21.10576629638672,21.220666584139934,20.789791189925104,20.976503130234477,51621200
2008-05-12,21.536643981933594,21.586912688761828,21.077042811253115,21.112948639067703,64278800
2008-05-13,21.464569091796875,21.716837938559014,21.284376272817003,21.623138277584808,70934700
2008-05-14,21.572681427001953,21.810535859092106,21.428526642502867,21.54384992019737,66730400
2008-05-15,21.947486877441406,22.005148527088124,21.579893345407758,21.60872348285003,53355800
2008-05-16,21.61592674255371,21.969104443027014,21.565472981737795,21.9618965665159,81538200
2008-05-19,21.233919143676758,21.5438509833105,21.125803737348285,21.529436603958818,59615000
2008-05-20,20.72937774658203,21.125801315936197,20.63567673034513,21.118593439705528,75767600
2008-05-21,20.361791610717773,20.938408168372995,20.31854571258421,20.765423201076427,60125100
2008-05-22,20.52035903930664,20.68613748816071,20.311336070834752,20.383413477976234,52203100
2008-05-23,20.21763801574707,20.41945451060387,20.14556197272044,20.36900073058027,48890700
2008-05-27,20.498727798461914,20.541973673894763,20.21762617124442,20.26087342143886,47334500
2008-05-28,20.31134033203125,20.592440766617795,20.210432765720693,20.585232886915257,52318500
2008-05-29,20.405029296875,20.671715206689605,20.282498155840464,20.332951912484962,47699200
2008-05-30,20.412240982055664,20.68613481889862,20.32574920445622,20.45548687085539,63399200
2008-06-02,20.037439346313477,20.441072218943635,19.85724654149137,20.354579067733745,77028400
2008-06-03,19.68426513671875,20.405036485003343,19.655434997663736,20.116728220641956,86616700
2008-06-04,19.850053787231445,19.92212985927056,19.604991292962197,19.662652975451255,79567400
2008-06-05,20.397823333740234,20.397823333740234,19.89328434522099,19.979776114790283,76063400
2008-06-06,19.814002990722656,20.30412769762065,19.814002990722656,20.174388642881517,78500800
2008-06-09,19.972578048706055,20.116732901812757,19.677061837123624,19.92933214267907,66787100
2008-06-10,20.102313995361328,20.390623656451744,19.69147451549854,19.720306031512525,77433900
2008-06-11,19.547313690185547,20.13834579802373,19.54010581389949,20.07347628621107,59330800
2008-06-12,20.35457992553711,20.578018627999544,19.59777066329484,19.74913196583847,113996300
2008-06-13,20.95281982421875,21.313205445893686,20.541980435471253,20.635680092211437,131969100
2008-06-16,20.851913452148438,20.981652503143682,20.64288912004229,20.91678297764606,74718900
2008-06-17,20.75821304321289,20.988861015714416,20.751006539950428,20.931199366279575,44256700
2008-06-18,20.51314353942871,20.801453060872834,20.51314353942871,20.57801304427747,49677800
2008-06-19,20.851913452148438,21.039314150834667,20.419450407084987,20.578019594544667,62037800
2008-06-20,20.347368240356445,20.844700694489415,20.253668600329963,20.830284942250938,97480400
2008-06-23,20.159975051879883,20.47711484477148,20.03023735797007,20.397829552858003,57145300
2008-06-24,19.986989974975586,20.18880645565912,19.828420766785722,20.123936921680922,65218300
2008-06-25,20.433856964111328,20.66450345104652,20.008601988289005,20.044639986337064,64280200
2008-06-26,20.001405715942383,20.32575338556529,20.001405715942383,20.203222196459112,67049100
2008-06-27,19.9149112701416,20.116727737731,19.792380088884148,19.95095066154804,73450200
2008-06-30,19.828420639038086,20.167182689482125,19.814004881633075,19.986989846206345,57830500
2008-07-01,19.36713218688965,19.73472446823426,19.05720019989162,19.65544053243573,100327800
2008-07-02,18.6535587310791,19.46082310940141,18.6535587310791,19.388745711821596,84669000
2008-07-03,18.72564125061035,18.812134426316675,18.451748714604715,18.718433371404625,37074500
2008-07-07,18.761672973632812,19.021149645108203,18.343625774007197,18.819334608934213,71527600
2008-07-08,18.63193702697754,18.884207238611143,18.386874692791988,18.6895986717999,65553200
2008-07-09,18.185060501098633,18.631939334897925,18.149022484156433,18.58869343961484,54255800
2008-07-10,18.343639373779297,18.5022086447292,18.004875812311393,18.163446458024147,57830600
2008-07-11,18.199480056762695,18.480580496923345,17.925587496447513,18.134610512916005,69532600
2008-07-14,18.127399444580078,18.60310843260671,18.069737790721163,18.365253938593394,51216200
2008-07-15,18.84817123413086,19.201349043899377,17.968830649080406,17.968830649080406,92719300
2008-07-16,19.648216247558594,19.669839870956867,18.682383065286153,18.83374430478961,82060400
2008-07-17,19.835628509521484,20.116728904991287,19.540112356652642,19.87887440695631,96526100
2008-07-18,18.639144897460938,19.07881442353139,18.09856646191752,18.99953052115655,150277000
2008-07-21,18.480573654174805,18.86258289596402,18.40128975475591,18.49498940852806,77575600
2008-07-22,18.595897674560547,18.696806584260187,18.365251094839184,18.408498359608483,88657200
2008-07-23,19.049991607666016,19.345507822655065,18.631944178552533,18.639152058767216,79408800
2008-07-24,18.3364200592041,18.86258271519745,18.3364200592041,18.80492107309903,81092600
2008-07-25,18.855375289916992,18.898621178836603,18.379666387515208,18.48057391991497,58682300
2008-07-28,18.379669189453125,18.81934014724239,18.264345884912043,18.783300755346907,59707800
2008-07-29,18.8193359375,18.876997576872068,18.307587685156196,18.394080831595264,66368200
2008-07-30,18.905826568603516,19.09322722894749,18.66797214869806,18.884204314369647,51977700
2008-07-31,18.53823471069336,18.941867571250597,18.531026833744626,18.631935736264914,60461000
2008-08-01,18.3364200592041,18.704013543117288,18.069734105272655,18.682389911794633,82720200
2008-08-04,18.221101760864258,18.41570899697075,18.098570566031537,18.30038568121788,60588300
2008-08-05,18.89141082763672,18.941865961991287,18.379663980611266,18.480571499796717,84297600
2008-08-06,19.475242614746094,19.576150165935132,19.013948006248455,19.266218258983333,95550000
2008-08-07,19.741933822631836,20.001412040377016,19.266224673274156,19.388755901124632,82565800
2008-08-08,20.27529525756836,20.347372659653605,19.597771252348515,19.713094545780066,80814100
2008-08-11,20.109516143798828,20.46990174270118,19.936531221297134,20.080686010762857,68743800
2008-08-12,20.26809310913086,20.44107808644303,19.878875879106676,20.02303071424802,62813000
2008-08-13,20.116735458374023,20.541990816844095,20.008619992185285,20.232058805610375,51165200
2008-08-14,20.116735458374023,20.383421558084798,19.864465120758478,20.051865903708233,49732300
2008-08-15,20.044641494750977,20.289703749251597,19.878864491636325,20.16717262200129,47267400
2008-08-18,19.958154678344727,20.217631372456697,19.85724577669268,20.023024195563206,38078200
2008-08-19,19.77001190185547,20.081179956251063,19.73383014772617,19.929214932613466,40332900
2008-08-20,19.748294830322266,19.95815139763208,19.661456725757787,19.929206282940484,41497200
2008-08-21,19.668701171875,19.704882924690445,19.43713464126719,19.610809539223048,43614200
2008-08-22,20.146310806274414,20.17525593724763,19.697649544101758,19.70488617190647,47930400
2008-08-25,20.016048431396484,20.146304933418907,19.871318677983748,19.979866683165913,51381300
2008-08-26,19.733827590942383,20.059467476651385,19.66146271181418,19.958157474019064,44774400
2008-08-27,19.94368553161621,20.110125178612826,19.632517497105816,19.784483891277446,33975300
2008-08-28,20.218669891357422,20.269324891181828,19.97263013771439,19.979866763438622,48372600
2008-08-29,19.748294830322266,20.10288111182459,19.748294830322266,20.030516254728333,50735500
2008-09-02,19.610803604125977,20.08840977402117,19.581857106437795,20.023281534467735,66079200
2008-09-03,19.466081619262695,19.668703042942433,19.422663235704725,19.538446512022997,57127700
2008-09-04,19.068071365356445,19.45883946691649,19.068071365356445,19.350292848718986,66141900
2008-09-05,18.561519622802734,18.973997621937986,18.54704637154478,18.83650587572304,82305200
2008-09-08,18.901630401611328,19.053595369139842,18.575989213700314,18.966757258948594,62110800
2008-09-09,18.887157440185547,19.248980374364407,18.850974318620686,18.959522303070308,85735700
2008-09-10,19.13319969177246,19.437131052134596,18.995706572020623,19.191091313734525,75064900
2008-09-11,19.78447914123535,19.871315876845976,18.836503392723397,18.887158385203765,72913300
2008-09-12,19.987098693847656,20.073935421648553,19.49501930215955,19.639747641909352,75628500
2008-09-15,19.408187866210938,19.89303080055288,19.343059607848186,19.480552751085703,82349400
2008-09-16,18.807565689086914,19.169388810570492,18.467452451780794,18.879930589432764,111729700
2008-09-17,17.77997398376465,18.720714187816363,17.729319007439667,18.619402854921816,106972100
2008-09-18,18.2792911529541,18.344419378530414,17.374733997999392,17.946413402203532,132291300
2008-09-19,18.206932067871094,19.104252884001635,17.005679896257213,19.082544388767545,134926100
2008-09-22,18.380605697631836,19.046359984959214,18.32271408048359,18.973995118462643,105207700
2008-09-23,18.409549713134766,18.937810820888046,18.337184856399215,18.568751293757103,92181300
2008-09-24,18.6121768951416,18.87992655513429,18.42402874654451,18.51086688445293,80250300
2008-09-25,19.256221771240234,19.451605155135493,18.626649102424647,18.68454073103163,96203500
2008-09-26,19.827899932861328,19.94368318132586,18.91610581601924,18.937815692698287,100744300
2008-09-29,18.0983829498291,20.016044184301077,18.0983829498291,19.49501966700997,134383100
2008-09-30,19.314111709594727,19.314111709594727,18.481919103605733,18.648357348754494,107192700
2008-10-01,19.162145614624023,19.531205237670378,19.017417243784113,19.08978073908147,88957000
2008-10-02,18.99571418762207,19.198335635845158,18.597709299598744,18.945059170627722,93819800
2008-10-03,19.046361923217773,19.87855452200406,18.988470300178168,19.082545050270756,114289400
2008-10-06,18.026020050048828,18.807557601153995,17.468812351324708,18.547044624037248,146374600
2008-10-07,16.810302734375,18.24312203591651,16.745174458828046,18.07668372296129,145941200
2008-10-08,16.65109634399414,17.58459906260252,16.282036680278388,16.571494834100935,171598600
2008-10-09,16.137306213378906,17.30237678476224,15.970867954679942,17.201066780379445,131948700
2008-10-10,15.558388710021973,16.173488074606762,14.943289345437183,15.768246708628329,228467500
2008-10-13,18.452972412109375,18.452972412109375,16.376107850968015,16.542547474651798,144935400
2008-10-14,17.439868927001953,18.619411303140254,17.07804592594484,18.554283052530355,165674900
2008-10-15,16.397825241088867,17.548422982086578,16.2675686847124,17.20830971396143,113280200
2008-10-16,17.5049991607666,17.5049991607666,15.420897665630852,16.600441555645794,161147800
2008-10-17,17.316852569580078,18.17075524639571,16.86819134980991,17.05633951421382,133673100
2008-10-20,17.888530731201172,17.910240610647865,16.65109658789237,17.51223581584273,93484300
2008-10-21,16.90436553955078,18.098380777692306,16.839237310175356,17.584591565980034,100385600
2008-10-22,15.580100059509277,16.687277640193617,15.124202271966643,16.672805768081478,150054800
2008-10-23,16.151779174804688,16.347163934236665,15.116965130678222,15.594571400237319,154774100
2008-10-24,15.891277313232422,16.542560301681483,15.160395524410669,15.239995705029594,153919700
2008-10-27,15.32681941986084,15.89126230304029,15.211036193555056,15.681405722952912,117683900
2008-10-28,16.716222763061523,16.795822883956752,15.442605646040672,15.659698892475221,134088800
2008-10-29,16.643857955932617,17.34579407718585,16.426764708605493,16.73793132837565,111701800
2008-10-30,16.376110076904297,17.280667671038866,16.202435184459905,17.14317591050707,95323000
2008-10-31,16.159013748168945,16.578728337202747,16.00704876363287,16.30374348793719,93055200
2008-11-03,16.368873596191406,16.578730224475205,16.072177457867006,16.267562214722616,61923500
2008-11-04,17.027393341064453,17.121466727370706,16.549787022365674,16.73793379497818,72123000
2008-11-05,15.978099822998047,16.889893731677336,15.95638995127537,16.882657107769777,81179700
2008-11-06,15.109724998474121,15.978100585387152,15.095253130213363,15.826135616812092,95509700
2008-11-07,15.558388710021973,15.587335212000166,15.196565716765647,15.428132211610466,71256300
2008-11-10,15.41365909576416,15.898501966188414,15.33405897511658,15.811665219982837,67106800
2008-11-11,15.341293334960938,15.413656819363354,15.044598632127055,15.406421575119106,78014500
2008-11-12,14.690013885498047,15.19656665958223,14.675542013856278,15.116965154448788,90162300
2008-11-13,15.377479553222656,15.377479553222656,13.56112768507138,14.581468570889111,148413700
2008-11-14,14.516338348388672,15.442605723672628,14.219643599322172,14.878161347761985,96624500
2008-11-17,13.980840682983398,14.646595066946666,13.857820806156102,14.28477206218935,97289000
2008-11-18,14.29411506652832,14.323256269433378,13.660277575598615,14.20668867862256,108966500
2008-11-19,13.32514762878418,14.53453756444826,13.296005032939044,14.301400966473532,103010500
2008-11-20,12.771450996398926,13.725848790423965,12.749594049203065,13.201294564082552,139532800
2008-11-21,14.337828636169434,14.352399933507527,13.099296154339502,13.128438749015688,157231900
2008-11-24,15.073665618896484,15.255802704805252,14.476256199451033,14.490826110231012,125289900
2008-11-25,14.563678741455078,15.248514456890685,14.243117135779514,15.197516303859551,92948100
2008-11-26,14.927950859069824,15.066375391392517,14.374254119374314,14.374254119374314,79678300
2008-11-28,14.731240272521973,14.796809704636653,14.585531504174392,14.73852591937861,28650800
2008-12-01,13.558280944824219,14.534535535852452,13.550995296879798,14.483536000241505,79639900
2008-12-02,13.951693534851074,14.068261100448135,13.521850115613796,13.835125969254015,79689800
2008-12-03,14.476248741149902,14.498104290857528,13.550992487931222,13.587419330507245,80961500
2008-12-04,13.922555923461914,14.51267954995978,13.689420732232897,14.133834169414953,78719200
2008-12-05,14.476248741149902,14.556388072736148,13.456280473881607,13.7768419690115,91996200
2008-12-08,15.306800842285156,15.481652277729205,14.67296317290426,14.825959047415106,107225000
2008-12-09,15.008090019226074,15.481645971008486,14.906092347904162,15.022661313642793,80484900
2008-12-10,15.015379905700684,15.270370682008773,14.789528947262786,15.168374371485537,61499000
2008-12-11,14.170260429382324,14.658387688836294,14.06826275529072,14.651102041430097,83564300
2008-12-12,14.104692459106445,14.461680881563359,13.623850797054663,13.951696626856169,78112600
2008-12-15,13.871561050415039,14.16298010828181,13.762277687818782,14.090124996416197,59925900
2008-12-16,14.651105880737305,14.702104036349544,13.842416871470315,13.995411338307031,97688700
2008-12-17,14.323261260986328,14.60739468890673,14.206693629552534,14.432543241756038,78922700
2008-12-18,14.060983657836914,14.585539398672848,13.83513404141911,14.46897176506393,80759200
2008-12-19,13.929844856262207,14.425256559634226,13.922559206119072,14.148408802173519,113530400
2008-12-22,13.973560333251953,14.053701112239706,13.762280603046419,14.017272853792559,58575400
2008-12-23,14.046411514282227,14.257689795534228,13.849703142719768,14.046411514282227,47511400
2008-12-24,13.966275215148926,14.170269301458697,13.91527704097049,14.031844693262924,16880400
2008-12-26,13.937124252319336,14.082834425133276,13.907983051513664,13.98812378552085,23101000
2008-12-29,13.813271522521973,13.995408550337475,13.580136349253369,13.951696052748423,58512800
2008-12-30,14.09012222290039,14.199404174389784,13.842415725073547,13.84970137378556,43224100
2008-12-31,14.162981033325195,14.337832479465535,14.039127751942983,14.068268964835156,46419000
2009-01-02,14.811383247375488,14.862381393520677,14.111977718078169,14.22854530629439,50084000
2009-01-05,14.949811935424805,15.059093906057736,14.614678983942083,14.71667669418238,61475200
2009-01-06,15.124661445617676,15.299512854344442,15.015379488862882,15.117375796554628,58083400
2009-01-07,14.213979721069336,14.782247984131002,14.192122768399178,14.709392864826302,72709900
2009-01-08,14.658391952514648,14.70939010959668,14.243118267141913,14.301402073749314,70255400
2009-01-09,14.221267700195312,14.789534666695028,14.141126916880307,14.694823968810425,49815300
2009-01-12,14.184835433959961,14.417972065983978,14.060982162720435,14.359686865781232,52163500
2009-01-13,14.439826965332031,14.563680230900891,14.221263032961378,14.221263032961378,65843500
2009-01-14,13.907984733581543,14.337828266814348,13.849700935326013,14.228546318784648,80257500
2009-01-15,14.017267227172852,14.06097973016698,13.492713022457062,13.893413977359975,96169800
2009-01-16,14.3596830368042,14.505393219266463,13.95169647134326,14.30139924173835,79634100
2009-01-20,13.46357250213623,14.294118524584455,13.383433132563406,14.17754951597778,89873000
2009-01-21,14.119268417358398,14.170267976363773,13.449003784556908,13.747709928919086,68340900
2009-01-22,12.465458869934082,13.245005141756176,12.436316277913123,13.150293107283334,222436600
2009-01-23,12.531030654907227,12.742308928173948,12.203183381360814,12.363463498652655,117020600
2009-01-26,12.844304084777832,12.975442982400446,12.552885084280582,12.596598976551723,92476500
2009-01-27,12.866159439086914,13.092008962830311,12.698593708231982,12.953585823217228,61695000
2009-01-28,13.143011093139648,13.3397180644892,12.939017082945274,12.968158290347038,64145500
2009-01-29,12.815166473388672,13.084728603345884,12.793309521123575,12.95359105854269,49192800
2009-01-30,12.458173751831055,12.960872368812442,12.458173751831055,12.924444127236788,62370900
2009-02-02,12.990010261535645,13.208574096899888,12.38531550145993,12.407172440834344,88871700
2009-02-03,13.478144645690918,13.558285409876467,12.82245140030618,13.004588490112814,86865100
2009-02-04,13.572854042053223,13.842417520989283,13.47814337570009,13.507285974329108,75618000
2009-02-05,13.871561050415039,13.944414772684972,13.29600719523195,13.48542993024427,75195200
2009-02-06,14.323261260986328,14.519969660129274,13.88613194831171,13.958987065356776,86746000
2009-02-09,14.162981033325195,14.403401945467634,14.031842101320999,14.308689876977594,52196400
2009-02-10,13.696707725524902,14.425256038363369,13.62385400591756,14.024555022140463,83953200
2009-02-11,13.995404243469238,14.199398152100933,13.784126078810356,13.798697370054366,58599000
2009-02-12,14.031838417053223,14.075550919711999,13.507284216361708,13.820558773277568,75323200
2009-02-13,13.907984733581543,14.184832427896477,13.871557880770098,14.03912362705533,47416000
2009-02-17,13.269806861877441,13.570559694528999,13.123097548773593,13.563224088961437,75853300
2009-02-18,13.29180908203125,13.533878385554047,13.203783244785132,13.365162314092592,54946900
2009-02-19,13.137763023376465,13.482527939769984,13.064408398854436,13.42384451997698,49195600
2009-02-20,13.203781127929688,13.343154764923383,12.954376261361176,13.035066482640104,69413800
2009-02-23,12.624284744262695,13.313816123285775,12.587608123738194,13.218456070448036,70803400
2009-02-24,12.594943046569824,12.72698111191522,12.000773151638857,12.492247395355989,122674500
2009-02-25,12.440900802612305,12.646293547616006,12.074128943113731,12.477578828036329,105894600
2009-02-26,12.044785499572754,12.528924144815917,12.044785499572754,12.50691733398729,83219500
2009-02-27,11.846729278564453,12.118141035764149,11.810052656918504,11.94942633759529,93428000
2009-03-02,11.58265495300293,11.920085081761417,11.531307118048959,11.707357437515531,80602100
2009-03-03,11.648673057556152,11.912748515443097,11.47262275229819,11.758705023013675,80476600
2009-03-04,11.824722290039062,12.03011358249342,11.65600691478329,11.824722290039062,69285100
2009-03-05,11.201210021972656,11.64867132275468,11.201210021972656,11.63400011638726,89708500
2009-03-06,11.20854663848877,11.45795158835611,10.907793857611704,11.259895169060224,92821400
2009-03-09,11.11318302154541,11.545973770294289,11.076506408582867,11.149860334069503,66479100
2009-03-10,12.088801383972168,12.1914984664908,11.186542853541777,11.274568024835338,95184200
2009-03-11,12.550935745239258,12.616954803795512,12.052125702424831,12.198833633231281,84522200
2009-03-12,12.477578163146973,12.499584977228716,12.088799509110729,12.477578163146973,93694100
2009-03-13,12.213504791259766,12.506922050680268,11.868739686331157,12.455574205172162,82965800
2009-03-16,11.920084953308105,12.440900301227186,11.912749348518936,12.338204632425914,67028900
2009-03-17,12.396883010864258,12.396883010864258,11.927415688995394,11.971427900639855,62481000
2009-03-18,12.440900802612305,12.631622337446396,12.176826015177387,12.492250038205936,70710700
2009-03-19,12.572937965393066,12.800337508821785,12.411558862841543,12.741654071610004,58994600
2009-03-20,12.514251708984375,12.947042485593943,12.382213655222378,12.704973186738014,81725500
2009-03-23,13.44585132598877,13.636572790081464,12.69763667434583,12.741650288529362,71600000
2009-03-24,13.15243148803711,13.357822714961578,13.086412479633445,13.233121698113322,50044100
2009-03-25,13.115756034851074,13.431179936546338,12.851681348997072,13.189110658358379,73927100
2009-03-26,13.812621116638184,13.849297724202522,13.29180601378551,13.328482621349849,63775100
2009-03-27,13.299141883850098,13.658579398847703,13.24045846491391,13.599895979911516,47670400
2009-03-30,12.822334289550781,13.027726881054999,12.668290895264542,13.013055681849863,49633000
2009-03-31,13.475190162658691,13.78327838464204,13.042399531798205,13.07907613477036,92423300
2009-04-01,14.164725303649902,14.201403319963333,13.335821722692051,13.372498339882219,96438900
2009-04-02,14.150053977966309,14.590178933516567,13.937325703543655,14.304097432584278,99082300
2009-04-03,13.753939628601074,14.047356727519945,13.519205949465977,14.03268552279323,81858400
2009-04-06,13.761272430419922,13.761272430419922,13.401836382502434,13.599893408637419,47476100
2009-04-07,13.761272430419922,14.040018267884756,13.665911018226275,13.761272430419922,65815200
2009-04-08,14.076702117919922,14.392126090724483,13.907986026080778,13.915321629997557,56408900
2009-04-09,14.428804397583008,14.450811211905439,14.098709178364288,14.267425289922494,55759600
2009-04-13,14.370123863220215,14.56084542852883,14.20874472293931,14.443478526665658,44444700
2009-04-14,14.194066047668457,14.340773898301512,13.93732556015674,14.260085070146417,63796300
2009-04-15,13.812621116638184,14.120709377196476,13.577887470331463,14.09136697184669,72725500
2009-04-16,14.494818687438965,14.509489892175413,13.9299898971935,14.054692339207135,67688700
2009-04-17,14.084038734436035,14.44347495746025,13.93732944379928,14.44347495746025,61398500
2009-04-20,13.65124797821045,13.90065293486719,13.621905560192715,13.85663930784059,62937200
2009-04-21,13.91532039642334,13.99601063323144,13.621903261380144,13.63657446791312,60928300
2009-04-22,13.775941848754883,14.076694449896372,13.717258448510755,13.761270648913195,59401000
2009-04-23,13.878640174865723,13.893311377588518,13.548545109217336,13.878640174865723,86116300
2009-04-24,15.338398933410645,15.551127281850265,14.304102409571515,14.538836173971374,168478500
2009-04-27,14.964298248291016,15.272386803364252,14.87627374634108,15.07432957529055,68219600
2009-04-28,14.619526863098145,14.868931844939778,14.516831187912873,14.854260634449414,76685200
2009-04-29,14.85425853729248,15.323726013714568,14.714884855558381,14.751562876606009,79301600
2009-04-30,14.861595153808594,15.477771958145562,14.67820923344934,15.111000117427059,87439900
2009-05-01,14.846925735473633,14.92761599788544,14.56817971851494,14.810249106626651,63224500
2009-05-04,14.810246467590332,14.964289960247106,14.656201575810101,14.942284546509542,54313400
2009-05-05,14.516827583312988,14.846921342640439,14.406794931080546,14.773566707526573,66835500
2009-05-06,14.516827583312988,14.722218882683856,14.38478951993269,14.71488327926014,59639100
2009-05-07,14.172061920166016,14.663536180918591,14.040023850243925,14.641529369557123,68727200
2009-05-08,14.2454195022583,14.406798621549303,14.040026751150402,14.274760524345915,67597600
2009-05-11,14.172061920166016,14.472814679822614,13.944663799257617,14.084037472966862,63762600
2009-05-12,14.590179443359375,14.714881891555745,14.282091124234414,14.311433535162106,71966800
2009-05-13,14.487485885620117,14.670871782906447,14.428802454453425,14.612188351739755,49281700
2009-05-14,14.714882850646973,14.839585306971237,14.524161364555553,14.54616817418569,54539500
2009-05-15,14.83224868774414,15.037641366186142,14.65619842013235,14.766229662499326,61289900
2009-05-18,15.11099624633789,15.11099624633789,14.84692014095125,14.934945975787857,46073800
2009-05-19,14.992888450622559,15.31031566769585,14.948596706475566,15.140529475124746,51368300
2009-05-20,15.044561386108398,15.273405099666194,14.926449137566534,15.066707960713398,47450700
2009-05-21,14.63116455078125,14.933827281641346,14.40232230725479,14.867388983841941,58232800
2009-05-22,14.579493522644043,14.889538504509236,14.372796398730925,14.712370144587549,37318700
2009-05-26,15.015028953552246,15.096231624985215,14.358029617074127,14.424467910426811,44991700
2009-05-27,14.860001564025879,15.206957309973191,14.815709850418546,14.948586399248734,42892900
2009-05-28,15.096233367919922,15.2291085619578,14.800951404256853,15.000266307326799,45480800
2009-05-29,15.421035766601562,15.457946702878903,14.98549657458671,15.177429219204125,46134900
2009-06-01,15.797527313232422,15.871347817239991,15.398898844405961,15.502246705211153,57317100
2009-06-02,15.797527313232422,16.225684546865512,15.64988771322629,15.767999956434798,48935700
2009-06-03,16.041128158569336,16.06327472412219,15.716320311845058,15.731083280871804,56039600
2009-06-04,16.114953994750977,16.16662792354994,15.930403444463858,16.070662256924578,42330000
2009-06-05,16.343795776367188,16.46929020299369,16.10018911385796,16.210919158996898,59579200
2009-06-08,16.277353286743164,16.47666816160334,15.967308395185745,16.22567937281835,49000600
2009-06-09,16.29950714111328,16.476675528646023,16.15186611416474,16.28474275681659,50887700
2009-06-10,16.646461486816406,16.698136831118443,16.329035677016005,16.365945229222582,61297200
2009-06-11,16.8531551361084,17.17058228792264,16.661222406918185,16.675986787934864,65124600
2009-06-12,17.22224998474121,17.259159515925056,16.786710758331733,16.904822947730064,50963500
2009-06-15,17.2886962890625,17.377281176217938,16.993415678559398,17.148437471070146,69089600
2009-06-16,17.310842514038086,17.79805586355305,17.303460322923133,17.325605488259004,105295600
2009-06-17,17.480621337890625,17.583969154041,17.104138197332038,17.34774476969249,86483100
2009-06-18,17.347755432128906,17.488014274546156,17.2001143971624,17.43634033471066,58852200
2009-06-19,17.768524169921875,17.96783907314123,17.532299725221346,17.746379008236673,115459000
2009-06-22,17.18534278869629,17.679938177010396,17.1631962221717,17.679938177010396,71291600
2009-06-23,17.22964096069336,17.46586545997818,17.133673877853226,17.259168319099423,56752700
2009-06-24,17.325607299804688,17.53230444860841,17.24440600506787,17.31084432404017,54287700
2009-06-25,17.561832427978516,17.65779810218203,17.126292982266786,17.296079164016355,57724300
2009-06-26,17.237018585205078,17.488007401195887,17.214872016261637,17.39942253343084,65126400
2009-06-29,17.61350440979004,17.738998836314444,17.38466072094565,17.421571674634542,62854900
2009-06-30,17.54706573486328,17.894020244242697,17.443716474700715,17.694705322510128,66452400
2009-07-01,17.746379852294922,17.938311166736227,17.687322330302127,17.7537606345352,54908400
2009-07-02,17.251781463623047,17.746376862927836,17.133667847542448,17.539679794797514,65422200
2009-07-06,17.126293182373047,17.185349307498097,16.882686490231087,17.133673966005727,49207700
2009-07-07,16.631696701049805,17.081999102611295,16.58002136237054,17.03770736318094,52842500
2009-07-08,16.653837203979492,16.749804255220027,16.240444466351146,16.469286698680047,73023400
2009-07-09,16.56525230407715,16.838386239595906,16.51357839238487,16.720274039153985,46981200
2009-07-10,16.528343200683594,16.639074632927358,16.35117488030568,16.380703637706322,43229200
2009-07-13,17.148441314697266,17.1927344722073,16.34380059071966,16.550497768405148,67584000
2009-07-14,17.059856414794922,17.141057714209992,16.875305831019155,17.126294737594936,45448700
2009-07-15,17.80543327331543,17.80543327331543,17.392039129942127,17.53229790744409,67238700
2009-07-16,18.041656494140625,18.041656494140625,17.613499408974018,17.665173321458322,64555100
2009-07-17,17.930932998657227,18.04904524384483,17.79067417949356,18.01213428721806,52860100
2009-07-20,18.10810089111328,18.10810089111328,17.827583260149346,18.041662578938087,47798000
2009-07-21,18.329565048217773,18.329565048217773,17.989992629092946,18.226217165529228,52028400
2009-07-22,18.307415008544922,18.38123551422636,18.093337090878688,18.23359591087252,66192500
2009-07-23,18.86844825744629,18.98656049943273,18.336943168507304,18.4033814806258,106060500
2009-07-24,17.310842514038086,17.635650475042073,16.83839213874404,17.42895475585935,215135700
2009-07-27,17.059856414794922,17.310845321370703,16.904833192258486,17.303463129058567,80950000
2009-07-28,17.325607299804688,17.38466342689016,16.904832218319548,16.971270537291847,70288400
2009-07-29,17.5692138671875,17.650416569319454,17.229641491015915,17.517539932379574,73626900
2009-07-30,17.57659149169922,18.034277410227013,17.5027710005807,17.864491266260554,67820000
2009-07-31,17.36250877380371,17.76851924970474,17.34774439809609,17.547059246123883,54258200
2009-08-03,17.591354370117188,17.613500937965178,17.347747755823836,17.58397218083452,46902900
2009-08-04,17.54706573486328,17.56183011603063,17.369897384881735,17.48062742761909,49218300
2009-08-05,17.57659149169922,17.901400807815435,17.56182851988252,17.5987380614374,53310300
2009-08-06,17.318227767944336,17.702093356965054,17.177970324578933,17.665183799870864,59686000
2009-08-07,17.392038345336914,17.58397103009975,17.347746620548122,17.532297116511398,46169700
2009-08-10,17.2886962890625,17.384661959472627,17.200111401907062,17.3182236461083,35261900
2009-08-11,17.074615478515625,17.273930401239777,17.01555936156131,17.21487428428546,33615800
2009-08-12,17.369890213012695,17.643024111789753,17.000789284280657,17.074608343620422,61972300
2009-08-13,17.436336517333984,17.60612268476731,17.273931132824757,17.443717300258083,38954500
2009-08-14,17.48801040649414,17.569211690557033,17.3551337860162,17.43633647808804,46330200
2009-08-17,17.163196563720703,17.421567546281654,17.14843218574383,17.214870478631177,42474400
2009-08-18,17.504682540893555,17.556647020953857,17.274553522372543,17.28940092122574,38878900
2009-08-19,17.556640625,17.608605086129444,17.259699835742197,17.259699835742197,41821300
2009-08-20,17.571495056152344,17.719966218209372,17.47498979196343,17.519530574210165,39505900
2009-08-21,18.12082862854004,18.128252325178575,17.645723371076507,17.764499685442388,69011400
2009-08-24,18.29157066345215,18.358382521875917,18.024324645682537,18.120829876780505,54180900
2009-08-25,18.29157066345215,18.425194380299683,18.157946946604618,18.26187729077795,43980300
2009-08-26,18.224767684936523,18.37323886842557,18.12826240681694,18.25446248800479,41079000
2009-08-27,18.328693389892578,18.395505263774538,18.039174797762154,18.120834069379168,45495600
2009-08-28,18.321269989013672,18.922575447805542,18.26930551202158,18.610787169927203,55808000
2009-08-31,18.298994064331055,18.447465173074583,18.031748050888307,18.239605904018728,49592800
2009-09-01,17.81647491455078,18.36581605450495,17.742239319221575,18.07629879023989,62608500
2009-09-02,17.712541580200195,17.92039949695773,17.653153401708632,17.682846782991483,40771300
2009-09-03,17.898130416870117,17.92040009959969,17.638306596259763,17.74965925768537,34120000
2009-09-04,18.2767276763916,18.410349999183367,17.875856460239252,17.883280158604187,44999700
2009-09-08,18.425199508666992,18.440046907099358,18.12083492043267,18.276729772120845,53737100
2009-09-09,18.395503997802734,18.521704038014086,18.313844731805478,18.365809204376212,49900300
2009-09-10,18.558826446533203,18.595943533055834,18.29900259309652,18.4103552685905,46256000
2009-09-11,18.454896926879883,18.68502597156592,18.41777842552662,18.5068614128484,54303500
2009-09-14,18.558826446533203,18.62563833501481,18.291578892606775,18.29900259309652,42806800
2009-09-15,18.70730209350586,18.759266593421895,18.454901880262458,18.536559773304905,44716600
2009-09-16,18.70730209350586,18.81865479560114,18.521713784704914,18.744419188895478,50055800
2009-09-17,18.78153419494629,18.840922390518934,18.60336960822835,18.60336960822835,42428800
2009-09-18,18.75183868408203,18.91515584945226,18.633062306371666,18.900308448256936,68016500
2009-09-21,18.78153419494629,18.83350010500784,18.633064413977806,18.640488115415174,28878700
2009-09-22,19.13043212890625,19.16754920279422,18.774103122249528,18.85576096798819,61376700
2009-09-23,19.08589744567871,19.486768797733795,19.03393295543294,19.24179233234219,60599900
2009-09-24,19.256637573242188,19.382837642217435,19.04877821965766,19.241790173144864,56302900
2009-09-25,18.96711540222168,19.167551018424284,18.944845722149665,19.071045767618813,50158900
2009-09-28,19.174976348876953,19.419952761996775,19.004235512808016,19.004235512808016,44358000
2009-09-29,19.115589141845703,19.27148258724155,19.071048359722024,19.234365504792805,39050300
2009-09-30,19.093318939208984,19.293754592064445,18.840918802115294,19.12301373930283,63533400
2009-10-01,18.46973991394043,18.90772824734308,18.41035173733969,18.863187468873978,75958100
2009-10-02,18.52912712097168,18.625633787851637,18.135681002551713,18.157950682658058,51219700
2009-10-05,18.29157066345215,18.60335886412124,18.202489129504098,18.54397070284739,60804900
2009-10-06,18.64048194885254,18.714716106815825,18.306422574314542,18.32126997227752,48795300
2009-10-07,18.63304901123047,18.69243715771074,18.469730546465893,18.55138977884818,38472700
2009-10-08,19.05619239807129,19.22693316610001,18.722133142427875,18.885451630042567,60521300
2009-10-09,18.96711540222168,19.145281338352266,18.900303530154147,18.98196279955352,39520000
2009-10-12,19.093318939208984,19.21951900775583,18.96711887066214,19.048778154994217,29145800
2009-10-13,19.16012954711914,19.256636225069233,18.944847924484,18.996812405260556,37749000
2009-10-14,19.27147674560547,19.449642651945798,19.167547813511533,19.405100467397965,45365500
2009-10-15,19.828231811523438,19.828231811523438,19.22692676740412,19.22692676740412,65620100
2009-10-16,19.672353744506836,19.768859007793235,19.37541283909569,19.635236662302667,56500900
2009-10-19,19.56842803955078,19.73174521073618,19.486768745995004,19.66493331890439,48143200
2009-10-20,19.575851440429688,19.679780419052666,19.256639387886377,19.61296852824471,54604700
2009-10-21,19.731748580932617,19.85794868528927,19.59070107231603,19.642665571299403,61672700
2009-10-22,19.73916244506836,19.835667692806943,19.397679396916917,19.716891349778365,61600000
2009-10-23,20.800729751586914,21.788059106714584,20.69679937699262,21.676706448723287,281761000
2009-10-26,21.29067611694336,21.54307615360423,20.867535295460563,20.882381273674103,124149700
2009-10-27,21.223865509033203,21.43914707302371,21.11251287828463,21.327794442275138,69685800
2009-10-28,20.800729751586914,21.357494457469265,20.748765272252697,20.964046888912424,73542400
2009-10-29,20.949195861816406,21.090243292669427,20.674526114073046,20.837843223111648,65225500
2009-10-30,20.585439682006836,21.082816039207334,20.533475220436326,20.80814633778452,73371800
2009-11-02,20.696796417236328,20.822996455826058,20.34789109451209,20.563174096311023,62428900
2009-11-03,20.436975479125977,20.592868905677488,20.362739907276122,20.518633333827633,50294800
2009-11-04,20.830419540405273,21.075395912106284,20.503785322087676,20.555749792459764,63898400
2009-11-05,21.134790420532227,21.33522608003034,20.993744363190043,21.17190892187968,52681700
2009-11-06,21.171905517578125,21.25356337556039,20.9343528108555,21.067975146442613,38908500
2009-11-09,21.52080535888672,21.528229056058485,21.179323784538287,21.246135643158713,57518000
2009-11-10,21.535654067993164,21.736089656091135,21.387182947344545,21.45399481004387,65881100
2009-11-11,21.6173152923584,21.750937613986437,21.543079725281263,21.587620499157275,49693400
2009-11-12,21.795475006103516,21.891980230912807,21.528227589823388,21.53565128648954,55352400
2009-11-13,21.995920181274414,22.114697971563427,21.80290963487919,21.877143806911473,53037600
2009-11-16,21.929105758666992,22.122116270287542,21.80290570665305,21.981070236097587,54129500
2009-11-17,22.369028091430664,22.369028091430664,21.97384141649563,21.996210956573485,75648900
2009-11-18,22.451053619384766,22.473421742561708,22.227362432321428,22.369033375243056,59431200
2009-11-19,22.204994201660156,22.369033266964692,22.145343503168977,22.36157675188019,51967700
2009-11-20,22.085689544677734,22.197534410066517,21.944018623353475,22.115514178428583,42647100
2009-11-23,22.324289321899414,22.37648349063107,22.1453372767404,22.249725614203715,41832700
2009-11-24,22.301918029785156,22.361568706815696,22.182616675724077,22.33174407939259,37341400
2009-11-25,22.212444305419922,22.26463847376145,22.05586037821091,22.227355909100055,32033500
2009-11-27,21.787439346313477,21.91419726685286,21.436991647026915,21.70542051927147,29357900
2009-11-30,21.929100036621094,21.958926084996023,21.623390151699397,21.73523498873685,44172000
2009-12-01,22.376487731933594,22.406312367354257,21.929106823146007,22.01112705937606,49904200
2009-12-02,22.204994201660156,22.36157675188019,22.108060927746468,22.294469538304508,36308600
2009-12-03,22.242273330688477,22.51815867496812,22.19007915203185,22.249729845094382,43095200
2009-12-04,22.354108810424805,22.64490706133862,22.242263985696773,22.406302967152282,58810700
2009-12-07,22.212444305419922,22.428677491718318,22.130424085349276,22.204987792487643,38082700
2009-12-08,22.048398971557617,22.175156818903154,21.90672810165752,22.011117837355325,37402200
2009-12-09,22.152790069580078,22.227353769541097,21.80979904081739,21.9738380429842,44713300
2009-12-10,22.272092819213867,22.33919858470492,22.11550890724332,22.152790046092157,45940200
2009-12-11,22.25717544555664,22.369020262432,22.2124378032433,22.346650730183324,43744200
2009-12-14,22.451053619384766,22.4883347728029,22.294469646221945,22.30192616134254,34651200
2009-12-15,22.383943557739258,22.525613060452475,22.279553781516512,22.287010295688468,49473200
2009-12-16,22.443592071533203,22.67473829970027,22.398854413026402,22.421222531187542,55737800
2009-12-17,22.070775985717773,22.339203371755936,22.048406444304344,22.33174828013605,43691200
2009-12-18,22.6374568939209,22.704564092000467,22.21990067871814,22.24972673216884,94118000
2009-12-21,22.756759643554688,22.995362396893544,22.644914780700173,22.66728289996032,40129100
2009-12-22,22.98045539855957,23.06247564985837,22.77167864570439,22.816416318146935,36321000
2009-12-23,23.05500602722168,23.07737556181826,22.883510528533687,22.89842212941392,28362700
2009-12-24,23.114665985107422,23.114665985107422,22.93571390298166,23.02518923295218,11083900
2009-12-28,23.241430282592773,23.248886799172762,23.032652084908424,23.114672345103187,25384000
2009-12-29,23.40546417236328,23.487484414306024,23.286162778001906,23.37563953486534,29716200
2009-12-30,23.084836959838867,23.330897641092776,22.965535587089146,23.226507873298363,42006200
2009-12-31,22.726932525634766,23.10720617930705,22.726932525634766,23.099749665840786,31929700
2010-01-04,23.07737922668457,23.189224073060995,22.80895045763365,22.831319995782685,38409100
2010-01-05,23.084836959838867,23.18922672763328,22.84623421433943,23.002818154938776,49749600
2010-01-06,22.943159103393555,23.174305251046228,22.756750598664357,23.02517787838926,58182400
2010-01-07,22.70456886291504,22.89097746959846,22.5107037413021,22.838781865091867,50559700
2010-01-08,22.861148834228516,23.025187877641937,22.54798235339588,22.57780840975358,51197400
2010-01-11,22.57036018371582,22.93572097515376,22.458515275673214,22.898438391016114,68754700
2010-01-12,22.421226501464844,22.66728580010039,22.301925109531535,22.480877197431496,65912100
2010-01-13,22.62999725341797,22.756755118698315,22.376481522857276,22.56289006461165,51863500
2010-01-14,23.084836959838867,23.18922672763328,22.56289380960498,22.600174955270063,63228100
2010-01-15,23.010276794433594,23.29361722534593,22.89843050273575,23.17431584157393,79913200
2010-01-19,23.189224243164062,23.293612577589876,22.876057817702236,22.928251984915143,46575700
2010-01-20,22.80895233154297,23.06992460931818,22.6001742248859,22.972991358226345,54849500
2010-01-21,22.376487731933594,22.905887454766532,22.36903121753225,22.823868640721177,73086700
2010-01-22,21.593570709228516,22.518158581121483,21.50409538109997,22.36903113799431,102004600
2010-01-25,21.861997604370117,22.115513381952955,21.697958569186635,21.80234691683207,63373000
2010-01-26,21.996213912963867,22.257186226876648,21.690503935066943,21.772524170858453,66639900
2010-01-27,22.122970581054688,22.23481544588049,21.638308552019794,21.88436782351041,63949500
2010-01-28,21.74269676208496,22.272097871369255,21.541375153391584,22.249728329675122,117513700
2010-01-29,21.011974334716797,22.309377817229638,20.624244166006882,22.29446479023667,193888500
2010-02-01,21.1834716796875,21.23566585641611,20.81811102040258,21.168558651426565,85931100
2010-02-02,21.220748901367188,21.2505749523699,20.982146182083063,21.15364313097987,54413700
2010-02-03,21.347503662109375,21.46680642654604,20.967231522544697,21.071619841469573,61397900
2010-02-04,20.758460998535156,21.25057956952841,20.736091455422848,21.161102819263863,77850000
2010-02-05,20.892677307128906,21.08654243179213,20.557141240945484,20.87776427703524,80960100
2010-02-08,20.66897964477539,20.937408413598572,20.55713479849386,20.885214246812815,52820600
2010-02-09,20.88521385192871,21.131273077969503,20.69134879168682,20.85538780165256,59195800
2010-02-10,20.870302200317383,21.056710760258248,20.75845734878975,20.900128252556456,48591300
2010-02-11,20.967239379882812,21.1760160959703,20.654072883566865,20.82556844954865,65993700
2010-02-12,20.825565338134766,20.922497167238465,20.564593059830884,20.73608860019062,81117200
2010-02-16,21.237586975097656,21.25256974249033,20.99037702845992,21.07277939144894,51935600
2010-02-17,21.417375564575195,21.4623224372196,21.245078028742203,21.37242869193079,45882900
2010-02-18,21.70203399658203,21.74698228356397,21.357439036062985,21.417368656537377,42856500
2010-02-19,21.552213668823242,21.6645815442966,21.49228403998178,21.56719643324237,44451800
2010-02-22,21.522245407104492,21.67956155585934,21.462315785872857,21.604649172111074,36707100
2010-02-23,21.222604751586914,21.59716537299073,21.042815824773328,21.484797472336663,52266200
2010-02-24,21.44733428955078,21.567194967925193,21.260054033541017,21.364931948514258,43165900
2010-02-25,21.42486572265625,21.462321209578256,20.9903755017189,21.1776557939994,48735300
2010-02-26,21.477298736572266,21.612140742733647,21.35743949305879,21.462315973924362,40370600
2010-03-01,21.739500045776367,21.76197276988424,21.372430787381372,21.552219724421647,43805400
2010-03-02,21.319978713989258,21.949240342556642,21.15517264130147,21.784434269868854,93123900
2010-03-03,21.319978713989258,21.4323479846035,21.237576392062678,21.35743561380555,48442100
2010-03-04,21.44733428955078,21.462317052951953,21.177651692504494,21.319983658310743,42890600
2010-03-05,21.417375564575195,21.484796587959465,21.29002490138661,21.46981382079956,56001800
2010-03-08,21.44733428955078,21.672071454063474,21.349949185113086,21.364931948514258,39414500
2010-03-09,21.57468032836914,21.806908825149883,21.38740011222415,21.394891492330107,50271600
2010-03-10,21.70203399658203,21.806911904038362,21.574683374469586,21.619631661451525,44891400
2010-03-11,21.859355926513672,21.866847309659267,21.61214599804998,21.642110101797122,35349700
2010-03-12,21.926776885986328,22.009179242691907,21.75447936061484,21.96423237277657,31700200
2010-03-15,21.94175148010254,22.001681093947475,21.73199711722791,21.859347725252736,37512000
2010-03-16,22.00168800354004,22.091581738121068,21.874337355520954,22.03914348814294,36723500
2010-03-17,22.196462631225586,22.37625299364225,22.024165081814665,22.099077494682373,50385700
2010-03-18,22.181476593017578,22.263878943764873,22.099072813435157,22.19645792934928,43845200
2010-03-19,22.16648292541504,22.398709955941047,21.98669411834641,22.29383350902629,81332100
2010-03-22,22.173988342285156,22.248900749864784,22.016672143484406,22.099075934705528,37718200
2010-03-23,22.383739471435547,22.39872223744845,22.031653043143603,22.166495079589303,42026600
2010-03-24,22.211427688598633,22.361252394866685,22.173972226448765,22.26386590714216,33987700
2010-03-25,22.48112678527832,22.900634246042106,22.323810594469865,22.346284744252575,73168700
2010-03-26,22.21892738342285,22.623453384461616,22.166489145251493,22.54104962228672,55595500
2010-03-29,22.16648292541504,22.338780353584838,22.13651740981972,22.25637661453214,33336000
2010-03-30,22.301332473754883,22.368753477943272,22.099069461189718,22.196454562331326,34954800
2010-03-31,21.94175148010254,22.26387226149739,21.85185634491778,22.203942647652454,63760000
2010-04-01,21.8443660736084,22.129032825450242,21.439841516826274,21.98669944952932,74768100
2010-04-05,21.926776885986328,22.046636158317384,21.746987977489745,21.82189895107023,34331200
2010-04-06,21.96422004699707,22.158991612442833,21.709518879016795,21.83686946300693,47366800
2010-04-07,21.9867000579834,22.14401477085361,21.829383916278378,21.844366678123585,58318800
2010-04-08,22.41370391845703,22.458650785484735,21.94924819638694,21.964230961674556,63713800
2010-04-09,22.72833251953125,22.78077076383676,22.39871886110878,22.436175770494852,54752500
2010-04-12,22.713350296020508,22.84070093329224,22.630946522246145,22.66091205046774,37068800
2010-04-13,22.81073570251465,22.848191182098862,22.57101577513684,22.585998538504505,41374600
2010-04-14,23.087909698486328,23.222751711229645,22.968050449122263,23.065436982252418,68941200
2010-04-15,23.125377655029297,23.185307308342583,23.00551691956709,23.08792072868622,52745400
2010-04-16,22.97554588317871,23.20777304117684,22.923107630937377,23.065441050474714,88703100
2010-04-19,23.252716064453125,23.41003078549088,23.04296167423457,23.05045305554611,64970300
2010-04-20,23.49243927001953,23.552368903715085,23.32014032291404,23.387561339425933,52199500
2010-04-21,23.469961166381836,23.59731179512799,23.395048779677936,23.469961166381836,55343100
2010-04-22,23.514907836914062,23.61978574898628,23.147838716748602,23.25271662882082,84847600
2010-04-23,23.19278907775879,23.65724479861136,22.960561931750075,23.312649770910372,126766600
2010-04-26,23.305158615112305,23.432509263292403,23.117878334190696,23.22275483427955,63649300
2010-04-27,23.110380172729492,23.410028248543906,23.035467796567204,23.185292548891777,68730900
2010-04-28,23.155332565307617,23.222753577096316,22.938088194193536,23.162823947599147,64557900
2010-04-29,23.22275161743164,23.544873884609608,22.97554173801238,23.170313374651034,52665200
2010-04-30,22.87815284729004,23.282677388093717,22.863170086451273,23.275186007674332,63214800
2010-05-03,23.117876052856445,23.26769940550767,22.90812164454272,22.975542653328024,43989500
2010-05-04,22.571020126342773,22.88565107354307,22.28635471165452,22.863178352994268,82085600
2010-05-05,22.361265182495117,22.54105407553121,22.241405920471056,22.30133555148309,66833800
2010-05-06,21.70952606201172,22.383734670807847,20.907966827089165,22.166490325553884,128613000
2010-05-07,21.132705688476562,21.687056563610945,20.465988362182266,21.672073798588908,173718100
2010-05-10,21.679567337036133,22.08409203101345,21.507268379818598,21.73200559099289,86653300
2010-05-11,21.634618759155273,22.211442402928878,21.402391596548,21.484795382468583,63789400
2010-05-12,22.054126739501953,22.15900324176926,21.664583404173133,21.709530272454096,47146800
2010-05-13,21.9043025970459,22.271371794825342,21.859355727416943,21.919285363200625,45188800
2010-05-14,21.672069549560547,21.881822503404393,21.45482378583961,21.87433255119697,63334000
2010-05-17,21.679567337036133,21.89681173611917,21.312498130503567,21.814409377973657,46053300
2010-05-18,21.52153778076172,21.822538018092736,21.371036944455035,21.724713479191035,52690600
2010-05-19,21.250640869140625,21.58926709724158,20.91201607632229,21.461341792768177,61746700
2010-05-20,20.40031623840332,20.949641992008225,20.347641362753908,20.806666304329305,87991100
2010-05-21,20.197139739990234,20.400315483071903,19.896139436507756,20.039113683610267,117596300
2010-05-24,19.76820945739746,20.212185338365025,19.760684272178075,20.204660153145635,73711700
2010-05-25,19.617708206176758,19.813358711871075,19.09848191934501,19.3016576100986,98373600
2010-05-26,18.820064544677734,20.024067350563175,18.481438262143975,19.738115948582923,176684100
2010-05-27,19.565038681030273,19.83593967590423,19.361862934874807,19.361862934874807,136433600
2010-05-28,19.414535522460938,19.655337175807695,19.30918578587846,19.444636267360224,67496900
2010-06-01,19.482255935668945,19.79830650238432,19.2038312907543,19.21135647511445,76152400
2010-06-02,19.91118812561035,19.926238499416467,19.361862399230922,19.610187825901257,65718800
2010-06-03,20.21219253540039,20.264867415409928,19.8735662563636,19.978916016382676,67837000
2010-06-04,19.407007217407227,19.993957252382586,19.279081952169644,19.640282194505584,89832200
2010-06-07,19.030759811401367,19.437109793648084,18.993133882769545,19.42958460792172,80456200
2010-06-08,18.895307540893555,19.008182445483474,18.549156206831217,19.000657260473176,87355000
2010-06-09,18.654508590698242,19.20383421510045,18.624407848673933,18.978082955765277,87794000
2010-06-10,18.812536239624023,18.925411170005244,18.64698643741707,18.910360796545717,78930900
2010-06-11,19.309186935424805,19.354336620179147,18.639461109652096,18.842636843970535,68057700
2010-06-14,19.188785552978516,19.534935505390763,19.16620999444978,19.459686514193322,50972400
2010-06-15,20.00148582458496,20.05416068943713,19.36938457579409,19.3769097615276,81641500
2010-06-16,19.805831909179688,20.001482398894343,19.73810668445992,19.91870680528525,48698000
2010-06-17,19.843460083007812,20.069209900834394,19.595134709285638,19.98643429783289,47995500
2010-06-18,19.89613151550293,19.963856736234202,19.692955853309112,19.843456662774628,52075600
2010-06-21,19.527414321899414,20.234764692076574,19.482263198905617,20.15199050382,54625300
2010-06-22,19.391958236694336,19.90365933427563,19.384433051696696,19.685433275190903,55985400
2010-06-23,19.04580307006836,19.399479517365357,18.97807785400221,19.399479517365357,61466200
2010-06-24,18.812536239624023,19.354336766623454,18.759861367798294,19.15868621749745,85243400
2010-06-25,18.45885467529297,18.89530530732249,18.293303495200384,18.850154202597906,156256700
2010-06-28,18.293298721313477,18.5190498801772,18.150324566176362,18.44379949388929,73784800
2010-06-29,17.54081153869629,18.21053892511816,17.390312082915557,18.157862608547894,119882100
2010-06-30,17.315059661865234,17.819235723537865,17.26990997381054,17.5332843501985,81050500
2010-07-01,17.427934646606445,17.54833477193187,17.104358771563348,17.375259771186908,92239400
2010-07-02,17.510709762573242,17.668734384243585,17.34515851859555,17.57843501051272,62485100
2010-07-06,17.924577713012695,18.127753374210773,17.74397760370843,17.834278376001606,73592000
2010-07-07,18.285778045654297,18.300828413677362,17.76655326639735,17.924577824793264,79965300
2010-07-08,18.36855125427246,18.526577227473208,18.037450377080056,18.511526861400394,50758100
2010-07-09,18.263206481933594,18.368556202257814,18.172905696454052,18.308356157032218,53806100
2010-07-12,18.684612274169922,18.72976196249998,18.376086772562886,18.38361195983168,49854200
2010-07-13,18.91034698486328,19.038272195270398,18.737272122336464,18.917872166096824,61928700
2010-07-14,19.143640518188477,19.27156584367261,18.90284024322607,19.188790210923216,72808100
2010-07-15,19.196308135986328,19.256508181950192,18.797481934424297,19.188782950830557,56934700
2010-07-16,18.729755401611328,19.29413133153002,18.72223021697855,19.196306801868285,65064800
2010-07-19,18.98560905456543,19.03828392035949,18.744808847916897,18.782433341974812,38181800
2010-07-20,19.173734664916992,19.173734664916992,18.58678451178191,18.707184616798465,45530700
2010-07-21,18.902835845947266,19.301660670345917,18.797484673696424,19.264036174366524,73297300
2010-07-22,19.44463539123535,19.557510308956797,19.166209254592157,19.196309998135185,73016400
2010-07-23,19.422060012817383,19.580086047311738,19.000659646303212,19.444635570682994,108520100
2010-07-26,19.640291213989258,19.715541657853997,19.414539882395044,19.45969100988359,67249900
2010-07-27,19.68543815612793,19.74563821575317,19.53493728942351,19.67038778240096,60672100
2010-07-28,19.527414321899414,19.70801450802652,19.437113511194514,19.61771369732162,69704800
2010-07-29,19.587615966796875,19.873565925784774,19.264040068940297,19.66286497396861,69446200
2010-07-30,19.422060012817383,19.444635570682994,19.07591007057279,19.376910332368624,83534800
2010-08-02,19.813350677490234,19.85097515224747,19.376900168010394,19.55750023035222,55044600
2010-08-03,19.68543815612793,19.828413835968863,19.542462476286996,19.71553890358187,56877700
2010-08-04,19.361860275268555,19.745636153529098,19.14363562014932,19.67791091411356,78531900
2010-08-05,19.09095573425293,19.248980294492647,18.970554223945673,19.181255072880738,64922100
2010-08-06,19.226408004760742,19.23393319013704,18.827583226793383,18.947983322249456,55982100
2010-08-09,19.271560668945312,19.361860030167943,19.090960511217585,19.22640955305153,57096500
2010-08-10,18.865211486816406,19.068387226714822,18.722235806671303,19.060862039835328,87257700
2010-08-11,18.707183837890625,18.73728314525029,18.481432573922305,18.571733366566114,76746900
2010-08-12,18.428749084472656,18.57172467454159,18.33092458723501,18.376074244784558,70240500
2010-08-13,18.36102867126465,18.564204336172793,18.240628596196586,18.32340418603667,45263500
2010-08-16,18.436281204223633,18.519056803614557,18.285780375382366,18.33093148520411,40909700
2010-08-17,18.693492889404297,18.882621719655358,18.610277185291984,18.693492889404297,52912600
2010-08-18,18.776716232299805,18.87506406452821,18.466544963774417,18.670804514151314,46818900
2010-08-19,18.489240646362305,18.716194736645896,18.315240971343375,18.62541367770803,54064600
2010-08-20,18.33036994934082,18.45897764016856,18.307675408155138,18.390891130733944,49560100
2010-08-23,18.368192672729492,18.64053720945463,18.337931367016434,18.48923500970477,51643000
2010-08-24,18.186635971069336,18.4211554063277,18.156374654035215,18.22446117442297,66522500
2010-08-25,18.232030868530273,18.322811955488095,18.058032582744985,18.156379000772517,47404800
2010-08-26,18.020193099975586,18.300104378546575,17.997498565860596,18.224452564640497,49105300
2010-08-27,18.103412628173828,18.17149912537896,17.785676122196048,18.065585994760685,60939400
2010-08-30,17.88402557373047,18.020198591672784,17.85376570470927,17.95967741069162,45453100
2010-08-31,17.75541877746582,17.95211298628956,17.641941737781814,17.85376660334711,66074600
2010-09-01,18.08071517944336,18.118541809783874,17.808370655683685,17.906717008692212,65235900
2010-09-02,18.110979080200195,18.118544407352903,17.936979441565143,18.065587117283947,48837100
2010-09-03,18.37576675415039,18.496809148795386,18.307680226795185,18.337940103986853,64189100
2010-09-07,18.12611198425293,18.383327388090947,18.095852112416114,18.232025143029055,51928700
2010-09-08,18.103412628173828,18.307672119789228,17.959674307080935,18.209324315853582,65512400
2010-09-09,18.163938522338867,18.315240766522933,18.14880786503879,18.300111552161756,46028900
2010-09-10,18.042890548706055,18.179063536256344,17.99750003383544,18.14123690474879,58284300
2010-09-13,18.996105194091797,19.132278218742307,18.224459016364793,18.307676185415406,114680400
2010-09-14,18.935588836669922,19.177673634225847,18.829675655534796,18.943154166960948,87160400
2010-09-15,19.003671646118164,19.079322048340366,18.852367955795895,18.98854098849815,56201900
2010-09-16,19.162538528442383,19.192799842586656,18.9507136582491,18.95827898678517,44548300
2010-09-17,19.079322814941406,19.313843688657787,18.973411093223678,19.21549585311505,70341600
2010-09-20,19.238187789916992,19.306274294668416,18.996103080995795,19.124710762977518,49838700
2010-09-21,19.026371002197266,19.23063060291669,18.97341513007133,19.23063060291669,52675700
2010-09-22,18.61785316467285,18.890197854870138,18.428724226203403,18.829676652277485,94299400
2010-09-23,18.48166847229004,18.60271080133418,18.428712633700524,18.542189636812108,46201800
2010-09-24,18.7464542388916,18.761583451959048,18.59515056470694,18.64054108978683,51948800
2010-09-27,18.70862579345703,18.905319973740205,18.60271409751172,18.799408277794893,43603300
2010-09-28,18.67079734802246,18.837230190224833,18.421147363249712,18.761578373609797,56041200
2010-09-29,18.534631729125977,18.655674106615763,18.45897988246012,18.632978119734318,44318900
2010-09-30,18.52705955505371,18.78427487292203,18.428713200780965,18.617842026099527,61262700
2010-10-01,18.4438533782959,18.776720712827643,18.38333217592097,18.738895502445548,62672300
2010-10-04,18.08829116821289,18.148812369495396,17.98994475723104,18.126116377912236,98143400
2010-10-05,18.42115592956543,18.49680778136054,18.08828864743037,18.20176570365351,78152900
2010-10-06,18.48166847229004,18.56488561460978,18.254713023128485,18.398451329970296,50489700
2010-10-07,18.55732536315918,18.723758250371187,18.36819649194331,18.625411872231997,50096100
2010-10-08,18.587587356567383,18.648108544555768,18.43628510806589,18.62541400089696,41327800
2010-10-11,18.602712631225586,18.716189645499554,18.5346261340735,18.716189645499554,27587800
2010-10-12,18.784282684326172,18.859934534500944,18.48167672656611,18.648109642599387,50141500
2010-10-13,19.17010498046875,19.32140867417972,18.829672391088543,18.928020224882363,75336500
2010-10-14,19.086885452270508,19.170102617849338,18.912887236004575,19.132277420552843,51949100
2010-10-15,19.321409225463867,19.328973111720163,19.086888349226545,19.185236185826454,68954800
2010-10-18,19.533227920532227,19.631575733213126,19.253318023077526,19.359229720175126,48330500
2010-10-19,18.98853874206543,19.19279826695396,18.875061709218055,19.11714643074279,66150900
2010-10-20,19.147401809692383,19.21548830202332,18.988534289545804,19.1095766219256,56283600
2010-10-21,19.230621337890625,19.321403819896936,18.95071000773155,19.21549068373314,50032400
2010-10-22,19.200361251831055,19.321405049857734,19.117145534544743,19.306274394737063,25837900
2010-10-25,19.05661964416504,19.17766196931841,19.041488992786284,19.094444829673595,50912400
2010-10-26,19.59375762939453,19.64671350100528,18.958284284186988,19.003676268087013,69304200
2010-10-27,19.707231521606445,19.752623498178107,19.381931013810515,19.510538728218783,64805500
2010-10-28,19.881229400634766,19.95687980214808,19.608883337782302,19.82827209946096,80730300
2010-10-29,20.1762638092041,20.57721745158238,20.032525493190985,20.53939081950605,114193200
2010-11-01,20.38809585571289,20.59235396966201,20.19896695702516,20.33513855201158,61912100
2010-11-02,20.720962524414062,20.743658512641183,20.441052550974817,20.471312425671933,54402100
2010-11-03,20.448612213134766,20.796608611870546,20.395654921948385,20.773912629933527,110255300
2010-11-04,20.53183364868164,20.751223873054446,20.433487252095276,20.73609321421376,93599300
2010-11-05,20.31243896484375,20.56965431863739,20.070354265494117,20.55452366419338,110953700
2010-11-08,20.28217887878418,21.84060174994856,20.108180671003474,20.183832504846,71670800
2010-11-09,20.38809585571289,20.50913823543792,20.206530843186364,20.282182691249254,58538600
2010-11-10,20.38052749633789,20.486439202115083,20.282179675597266,20.433483349226485,52277300
2010-11-11,20.183834075927734,20.214093946056902,19.881228159941923,20.183834075927734,62073100
2010-11-12,19.873661041259766,20.06278990207966,19.74505335818469,20.024963264152465,64962200
2010-11-15,19.82070541381836,20.047659472176953,19.798009430807014,19.91905178765676,51794600
2010-11-16,19.64563751220703,19.820706291723695,19.523851418859202,19.820706291723695,65339200
2010-11-17,19.462953567504883,19.721749314933156,19.447729946643364,19.714137504502396,58299700
2010-11-18,19.66847038269043,19.851149498875237,19.493403077822222,19.56951828737914,59514000
2010-11-19,19.55429458618164,19.660857032665124,19.48578974149813,19.638021600502473,52423200
2010-11-22,19.58474349975586,19.592355311690334,19.364006760874826,19.523850456084745,53350500
2010-11-23,19.120441436767578,19.485799829696877,19.097605992782547,19.462964385711846,69742500
2010-11-24,19.31072425842285,19.379227657715987,19.15087912192664,19.181326367660997,56825900
2010-11-26,19.219388961791992,19.34117507273222,19.158495906321882,19.188941708154456,21356500
2010-11-29,19.26505470275879,19.34878318242989,18.975813107593137,19.17371586294003,56603600
2010-11-30,19.22699546813965,19.38683915020156,19.029092729535925,19.067150334273173,75282100
2010-12-01,19.82070541381836,19.980549109830754,19.455345698152748,19.462957510125438,74123500
2010-12-02,20.46769905090332,20.536203925559935,19.94249694760938,19.972942752009498,91759200
2010-12-03,20.566646575927734,20.597092373509607,20.38396743502222,20.406801420257437,52622000
2010-12-06,20.42963981628418,20.536202300962163,20.36874676049605,20.498144685521446,36264200
2010-12-07,20.452472686767578,20.650374004358863,20.437249061782158,20.612316393700105,57860500
2010-12-08,20.726484298706055,20.734096108856154,20.399183721273406,20.42201915172371,41666800
2010-12-09,20.6123046875,20.81020734450262,20.559023482115443,20.76453794728785,47148300
2010-12-10,20.810218811035156,20.855888233414003,20.63515148207895,20.696044529185663,37625800
2010-12-13,20.741718292236328,20.89395166776376,20.68082523238637,20.756941920150084,47943900
2010-12-14,21.023347854614258,21.122298524221844,20.74932838215488,20.78738599697204,64070500
2010-12-15,21.198408126831055,21.304970574178434,20.95483598900593,20.95483598900593,69634200
2010-12-16,21.304977416992188,21.304977416992188,21.053793387708225,21.12991006817714,57680200
2010-12-17,21.236473083496094,21.38109463484137,21.122298785825596,21.251696710333484,87456500
2010-12-20,21.1679630279541,21.304972732310535,21.0690123813659,21.274526937900553,52811000
2010-12-21,21.365875244140625,21.419156496830414,21.12991478859789,21.1984196711434,38153000
2010-12-22,21.457210540771484,21.617054261365073,21.297365368372983,21.320200807802745,42252300
2010-12-23,21.540935516357422,21.556159141184263,21.282139701520215,21.289751513933634,24902500
2010-12-27,21.365875244140625,21.464827386397587,21.22125366412174,21.40393431877994,21652800
2010-12-28,21.3201961517334,21.441982231819043,21.282137094328764,21.289748905809688,23042200
2010-12-29,21.289743423461914,21.403919114469705,21.221238589578928,21.266909446703732,19502500
2010-12-30,21.198408126831055,21.312582384961026,21.145126903157365,21.251689350504744,20786100
2010-12-31,21.244081497192383,21.251693309392948,21.030955110990753,21.1603530147909,24752000
2011-01-03,21.297359466552734,21.449592783621824,21.25169005215381,21.350640691985564,53443800
2011-01-04,21.381093978881836,21.44198703255827,21.19841481785254,21.26691968471414,54405600
2011-01-05,21.312593460083008,21.32020527482109,21.13752607652272,21.236476764507383,58998700
2011-01-06,21.936742782592773,21.95957822163554,21.206026154882913,21.343035885529734,88026300
2011-01-07,21.769285202026367,21.875847670582875,21.502877578830354,21.799730999411906,73762000
2011-01-10,21.48004722595215,21.617056976127156,21.343038927582235,21.510494482348857,57573600
2011-01-11,21.396312713623047,21.502875170243247,21.350641844953316,21.464817564823058,50298900
2011-01-12,21.731224060058594,21.761671306333955,21.365865815581905,21.403924873426107,52631100
2011-01-13,21.457210540771484,21.60944244822182,21.320200807802745,21.56377302116721,67077600
2011-01-14,21.540935516357422,21.601828563860014,21.244082091257884,21.373479998676487,62688400
2011-01-18,21.814956665039062,21.87584971731211,21.419151099361805,21.43437472538129,53322700
2011-01-19,21.670339584350586,21.830184786864628,21.518107648219083,21.662727769773234,50005900
2011-01-20,21.578994750976562,21.73122664504795,21.41153778015182,21.693169034481297,58613600
2011-01-21,21.32781219482422,21.63988926843787,21.32781219482422,21.617053829464353,58080300
2011-01-24,21.60183334350586,21.738843093652815,21.304979852724184,21.32781529501704,52047800
2011-01-25,21.655115127563477,21.655115127563477,21.403931080171436,21.41915325591866,42436600
2011-01-26,21.906295776367188,22.06613948545226,21.69316937911562,21.700781191710835,74628800
2011-01-27,21.974803924560547,22.423889320406754,21.68556080990127,21.88346361156156,146938600
2011-01-28,21.122291564941406,22.020464916027628,20.893943047663825,21.997629483578084,141249400
2011-01-31,21.107067108154297,21.236464983306167,20.871106789396563,21.137514350215636,65029000
2011-02-01,21.304977416992188,21.35825865777895,21.015735773376235,21.160355869281748,62810700
2011-02-02,21.266918182373047,21.39631609377013,21.221247306488323,21.259306369725593,45824000
2011-02-03,21.04617691040039,21.28974907247851,20.96244988706391,21.28974907247851,60340100
2011-02-04,21.137521743774414,21.19080298421425,20.93961895656579,21.084240503334577,40412200
2011-02-07,21.46482276916504,21.57138525162228,21.15274568327888,21.16035604476445,68980900
2011-02-08,21.52571678161621,21.57138621158669,21.35064797175352,21.38870703989976,34904200
2011-02-09,21.289743423461914,21.510481544152476,21.24407401814133,21.457200329311092,52905100
2011-02-10,20.932008743286133,21.266921289684117,20.77216500974927,21.2593094759245,76672400
2011-02-11,20.741718292236328,21.16796971118604,20.604708544622653,21.129912093206716,83939700
2011-02-14,20.726484298706055,20.756931539306457,20.513359421720583,20.711260678405853,56766200
2011-02-15,20.64226531982422,20.925561156299683,20.634609978101295,20.703519736693014,44116500
2011-02-16,20.68820571899414,20.726488268386333,20.366627338788536,20.711174664475195,70817900
2011-02-17,20.83368492126465,20.95619231772527,20.603986656221124,20.649926017152637,57207300
2011-02-18,20.718835830688477,20.833684963442753,20.665239666095548,20.77243199528141,68667800
2011-02-22,20.358972549438477,20.749460725460622,20.30537639083685,20.50444888020417,60889000
2011-02-23,20.358972549438477,20.56570184151828,20.236466626810248,20.313033193549337,60234100
2011-02-24,20.496789932250977,20.718831346130607,20.290060661807928,20.397252967792188,64494200
2011-02-25,20.328346252441406,20.634612533165846,20.29006369754378,20.60398532093906,53006300
2011-02-28,20.351320266723633,20.56570640913077,20.29772409621838,20.4355436548811,51379900
2011-03-01,20.029735565185547,20.50444706872046,20.022078763149505,20.366627552843042,60055000
2011-03-02,19.968481063842773,20.1905239245462,19.93785531845452,19.991451468173125,48658200
2011-03-03,20.06036949157715,20.213501202425018,20.045055882376516,20.106308858792893,68271500
2011-03-04,19.868955612182617,20.09099712477127,19.75410499284452,20.075683514141353,70437200
2011-03-07,19.692842483520508,20.11395780979434,19.562679776910137,20.00676404763042,64980400
2011-03-08,19.83832359313965,19.922546970848973,19.63925108425411,19.73113126542664,50549800
2011-03-09,19.823001861572266,19.891911604111883,19.64689983525339,19.761748919357643,39789100
2011-03-10,19.455488204956055,19.685186420350643,19.409548853954266,19.616278124040775,66549500
2011-03-11,19.662214279174805,19.79237696951145,19.41720249980827,19.455485042689766,49905800
2011-03-14,19.669878005981445,19.72347416904197,19.4095525336424,19.51674485976345,54473400
2011-03-15,19.44017219543457,19.501425142652103,19.14156426029728,19.202817207514812,76067300
2011-03-16,18.980775833129883,19.355950317615417,18.896552483009604,19.310009511885013,100725400
2011-03-17,18.973125457763672,19.310016051567903,18.95015504711913,19.18751011556892,62497000
2011-03-18,18.988439559936523,19.279392283186393,18.988439559936523,19.1875120915322,85486700
2011-03-21,19.394235610961914,19.585651280813643,19.256416095006962,19.27938650112801,46878100
2011-03-22,19.371273040771484,19.493779002200984,19.317676865194358,19.371273040771484,30895600
2011-03-23,19.555036544799805,19.608632728877474,19.279397357672952,19.317679929046577,43969000
2011-03-24,19.761751174926758,19.807691982120325,19.52439617930201,19.600962730905785,38696700
2011-03-25,19.616283416748047,19.868952106009374,19.593313004856643,19.85363849808177,57029800
2011-03-28,19.455488204956055,19.69284322224855,19.432517799262342,19.646903871246757,48973200
2011-03-29,19.516746520996094,19.53971693299977,19.371270165744885,19.401897381749787,40763500
2011-03-30,19.608623504638672,19.692845414118487,19.524400134773057,19.60096670188854,41999300
2011-03-31,19.44017219543457,19.662215041839037,19.401889651068156,19.600962094621504,63233700
2011-04-01,19.50908851623535,19.547372533885145,19.378925776997946,19.547372533885145,63114200
2011-04-04,19.56268310546875,19.6469064771311,19.455490785451815,19.4861179971057,35433700
2011-04-05,19.738788604736328,20.045053449649007,19.708161390052073,19.769414359034606,73651100
2011-04-06,20.02208137512207,20.144587302908864,19.8000399286532,19.891918644300368,65581400
2011-04-07,20.06036949157715,20.106308858792893,19.884265906542176,20.052712686976832,46134700
2011-04-08,19.960826873779297,20.121616804356048,19.876603507268346,20.037393437845093,39887600
2011-04-11,19.891916275024414,20.098645551186323,19.75409675758314,20.052706198834457,34286300
2011-04-12,19.631589889526367,19.792379805515747,19.562680134157432,19.777066202014737,36920400
2011-04-13,19.623933792114258,19.807694119950643,19.570337638322673,19.6392473961649,38144700
2011-04-14,19.463144302368164,19.478457905609684,19.21047569042543,19.463144302368164,55239900
2011-04-15,19.42486000061035,19.570334837111847,19.279383703723404,19.493768288203693,65080400
2011-04-18,19.202823638916016,19.355956788439865,18.927184553927468,19.21813724594559,58045100
2011-04-19,19.256423950195312,19.271737560522823,19.04203924715519,19.141574793511495,38892400
2011-04-20,19.72347640991211,19.90723533001981,19.532060685584995,19.555031098243237,61608600
2011-04-21,19.539714813232422,19.82300922861436,19.417208883274956,19.74644411768035,46892300
2011-04-25,19.608623504638672,19.6162803073888,19.4018942115426,19.570339490888028,33525100
2011-04-26,20.05270767211914,20.24412335809863,19.65456269478922,19.70815885320175,69200000
2011-04-27,20.19818115234375,20.20583795450243,20.006765479533726,20.13692819545997,52689000
2011-04-28,20.450841903686523,20.573349230645835,20.21348696974718,20.25942630461622,80200000
2011-04-29,19.845975875854492,20.39725245615565,19.417205202286926,20.328342701069804,319317900
2011-05-02,19.64690399169922,19.907229416281446,19.50908447746326,19.861290064998006,89825600
2011-05-03,19.761751174926758,19.792378379722468,19.51673937810308,19.600962730905785,71892900
2011-05-04,19.953170776367188,20.098647107193948,19.746442944586395,19.79238230049482,73292300
2011-05-05,19.746444702148438,19.96848615912377,19.662221325165078,19.945515748932145,55600000
2011-05-06,19.807693481445312,20.075674241764826,19.7158133204889,19.960825135858517,55993000
2011-05-09,19.777067184448242,19.87660269137805,19.654561271125857,19.754096778055665,38696400
2011-05-10,19.65456199645996,19.792381519130174,19.332983597024715,19.43251910762779,120798700
2011-05-11,19.41720962524414,19.646907887595138,19.302359033682706,19.639251084131978,78600000
2011-05-12,19.386573791503906,19.440169931529528,19.218128571368343,19.40954419168001,77400000
2011-05-13,19.16454315185547,19.386584636225123,19.103290177506658,19.35595887924377,66812300
2011-05-16,18.81233024597168,19.195161554063528,18.758734096500508,19.110938198959946,91350900
2011-05-17,18.897111892700195,19.035834806408378,18.704441505874033,18.804629460241944,82882100
2011-05-18,19.028125762939453,19.06665924816667,18.689025507098634,18.90481684626247,53931100
2011-05-19,19.051240921020508,19.17454980957407,18.88169156674883,19.151430311693968,37783600
2011-05-20,18.873987197875977,19.16684695131887,18.835453716087333,19.051243566036717,45451500
2011-05-23,18.62736701965332,18.68902146465593,18.519472108388232,18.658193507175667,52692500
2011-05-24,18.611961364746094,18.719857794223653,18.527187383677713,18.650496328830428,47691800
2011-05-25,18.642786026000977,18.735266983466303,18.61966505165549,18.627372043103986,34904200
2011-05-26,19.012710571289062,19.29015635114047,18.742971781984433,18.766092753624765,78016600
2011-05-27,19.082080841064453,19.189975818700802,18.99730537580228,19.02042635813528,50251000
2011-05-31,19.274744033813477,19.31327751991537,19.035833186073532,19.236209077753312,60196300
2011-06-01,18.827739715576172,19.344096117062012,18.781499260654957,19.25932072474182,74033500
2011-06-02,18.665910720825195,18.997304095469644,18.63508421641759,18.873995137921764,51487800
2011-06-03,18.426998138427734,18.604254565181193,18.373050658107864,18.534893099067478,60697700
2011-06-06,18.504064559936523,18.689027959220393,18.319101160652654,18.411582125315373,54778700
2011-06-07,18.542598724365234,18.627374170020232,18.419289787026226,18.56571970135073,41112600
2011-06-08,18.450103759765625,18.511758181662994,18.388449337868256,18.419275813838254,42205000
2011-06-09,18.465530395507812,18.5271863345514,18.357635442098523,18.504065357410052,42878700
2011-06-10,18.272857666015625,18.51176998947184,18.257445153178374,18.51176998947184,49327200
2011-06-13,18.527183532714844,18.642785461022285,18.265151711240236,18.334513162216354,47572500
2011-06-14,18.665910720825195,18.843168633514157,18.64279121000917,18.727565199599137,42894500
2011-06-15,18.29597282409668,18.504057115813804,18.24202537141991,18.496350126866,49410200
2011-06-16,18.496349334716797,18.57341775093634,18.22661061292729,18.30367902914683,57184100
2011-06-17,18.696733474731445,18.727559970531747,18.480942124296075,18.66590550897283,83320400
2011-06-20,18.85858154296875,19.0050114843369,18.619670616495586,18.627377610247464,54338400
2011-06-21,19.082080841064453,19.159149312215625,18.80463493290376,18.897117392276932,49708700
2011-06-22,18.997297286987305,19.120606200342234,18.951056811968755,18.958763802798213,44287300
2011-06-23,18.98187828063965,18.997292258218334,18.650486582444763,18.835449903515563,59470400
2011-06-24,18.727556228637695,18.91252104631553,18.642782279656544,18.889400076616294,101387200
2011-06-27,19.42116928100586,19.621545124751854,18.673607481810887,18.673607481810887,92044200
2011-06-28,19.88357925415039,19.976061667639552,19.39034363542979,19.498238559535398,81032100
2011-06-29,19.74485969543457,19.814219674625644,19.54448233899861,19.814219674625644,66051000
2011-06-30,20.037715911865234,20.037715911865234,19.77568412465189,19.837338576351613,52535400
2011-07-01,20.053138732910156,20.16874069706668,19.914415787938836,19.983777260424496,52906200
2011-07-05,20.060842514038086,20.15332348257022,19.9606530831767,20.11478999067491,37805300
2011-07-06,20.29203987121582,20.322867830772143,20.006887125151906,20.014594115040985,48744200
2011-07-07,20.631139755249023,20.71591370279266,20.315160524507665,20.415348451589413,51946500
2011-07-08,20.746742248535156,20.79298271849907,20.43076300885869,20.453883978819665,58320700
2011-07-11,20.52324867248535,20.65426459250319,20.415353727750087,20.51554315068287,43999800
2011-07-12,20.453889846801758,20.64656024187732,20.299752942757923,20.461595369041337,47319300
2011-07-13,20.52324867248535,20.77757352076017,20.430767711271802,20.500129167161152,40861800
2011-07-14,20.399934768676758,20.816103402509167,20.315160819900466,20.51553814693555,46382300
2011-07-15,20.638845443725586,20.754447343056675,20.39993318582238,20.39993318582238,49132400
2011-07-18,20.492414474487305,20.731325249459328,20.238089721786032,20.523240959987973,44501900
2011-07-19,21.22456932067871,21.301636295093683,20.638851201383385,20.661970705724553,86730600
2011-07-20,20.854644775390625,21.07814315666268,20.792990302963602,21.02419567703386,49795400
2011-07-21,20.885459899902344,21.047302239239315,20.538652787097877,20.839219441514306,81737400
2011-07-22,21.21685791015625,21.232270419854107,20.561778474362047,20.70050135134882,76380600
2011-07-25,21.509719848632812,21.648442749319553,20.954829715844113,21.008777183898232,108482400
2011-07-26,21.64073944091797,21.694686918152676,21.409535547066795,21.440362046932982,74636500
2011-07-27,21.06272315979004,21.5713727796346,20.962535221924117,21.486597353007788,71488700
2011-07-28,21.3632869720459,21.6330257445884,20.970239298333915,21.031895218876706,83761400
2011-07-29,21.11667251586914,21.355583365998225,21.008777577738254,21.209154941380103,104394800
2011-08-01,21.016477584838867,21.340163761622534,20.615722990733797,21.20144090443556,61838400
2011-08-02,20.65426254272461,21.15520666775687,20.623436048698846,20.792985440736114,63883100
2011-08-03,20.746742248535156,20.808396698473054,20.407642038897716,20.67738080861027,64581200
2011-08-04,19.99147605895996,20.708210000863197,19.98376906851434,20.446178205544633,92949500
2011-08-05,19.791095733642578,20.114781933770672,19.444288565663225,20.014592543039793,112071700
2011-08-08,18.86627960205078,19.729443384021117,18.79691816109075,19.282448247810958,134257200
2011-08-09,19.714027404785156,19.744855362067195,18.51947198930646,19.043534033479922,126268900
2011-08-10,18.650482177734375,19.336387848458678,18.57341377800011,19.22849297080518,127819900
2011-08-11,19.413463592529297,19.559891990466742,18.80462462125102,18.881693050141156,90690100
2011-08-12,19.34410285949707,19.529066213608928,18.997295651813545,19.36722236003726,64787100
2011-08-15,19.66008758544922,19.714035061687998,19.382641741982948,19.452003202849518,56529400
2011-08-16,19.66008758544922,19.846218411866086,19.4274229430009,19.559265796617385,54251500
2011-08-17,19.582529067993164,19.931525227235973,19.334354678858737,19.582529067993164,50923700
2011-08-18,19.132715225219727,19.458444525156953,18.636366379310136,19.05516034823729,105714200
2011-08-19,18.651870727539062,19.09393295354675,18.54329481899462,18.931067611494274,77397900
2011-08-22,18.59758949279785,18.99311806156499,18.450236843457496,18.938830087677875,54721000
2011-08-23,19.17148208618164,19.194748981107757,18.63635681600031,18.63635681600031,59670600
2011-08-24,19.311080932617188,19.334347828067834,18.938819480819944,19.117194574901685,45329700
2011-08-25,19.055156707763672,19.51272876738136,19.000868748018515,19.450685173496044,48192000
2011-08-26,19.582529067993164,19.652328299841724,18.938826191462233,19.008625423310797,71957000
2011-08-29,20.040102005004883,20.055613274794506,19.67559604036529,19.79968324021009,38863200
2011-08-30,20.342559814453125,20.497669519143773,19.931521611723724,19.954787031962283,57341400
2011-08-31,20.6295166015625,20.71482562551763,20.36583093645883,20.389097840757184,59300800
2011-09-01,20.32704734802246,20.831153118886636,20.32704734802246,20.52093372782078,60510800
2011-09-02,20.009078979492188,20.1641887151493,19.900503052073848,19.99356918931533,43894400
2011-09-06,19.784177780151367,19.84622139829321,19.47395968944214,19.543758944756284,54929300
2011-09-07,20.164186477661133,20.164186477661133,19.830701618468225,19.923767745382765,41961000
2011-09-08,20.33481216430664,20.676052761048346,20.125415903776286,20.164192605553964,65811900
2011-09-09,19.962539672851562,20.303780084479566,19.776408942664165,20.16418166703013,64529200
2011-09-12,20.078874588012695,20.109897121238415,19.598037156900457,19.72987996463816,55046100
2011-09-13,20.195209503173828,20.311541055213393,20.01683287886149,20.10214337400061,48792300
2011-09-14,20.55196189880371,20.784625026718373,20.078878528909662,20.296031866403148,66739200
2011-09-15,20.931976318359375,20.962998853506893,20.40460505473869,20.730334277608176,67808300
2011-09-16,21.032800674438477,21.149132237128732,20.80789170456605,20.978511231229355,89681500
2011-09-19,21.102598190307617,21.180153057637153,20.62951631014595,20.784624565568965,52324900
2011-09-20,20.924213409423828,21.327497350708256,20.8854367332076,21.18014331846291,49211900
2011-09-21,20.15642738342285,20.98626083240103,20.14091611839404,20.97850519988662,72750700
2011-09-22,19.435176849365234,19.892748978298513,19.078426500291116,19.62130765921732,96278300
2011-09-23,19.435176849365234,19.50497608796429,19.148225738890172,19.311089642797178,64768100
2011-09-26,19.729883193969727,19.791926791340483,19.179244972972707,19.535996767281603,51057600
2011-09-27,19.908260345458984,20.102146791566206,19.737640805409658,19.900504710106354,55620700
2011-09-28,19.838449478149414,20.45113099875633,19.784161541738236,20.10989063944064,60736200
2011-09-29,19.737632751464844,20.296024955876568,19.45843590964119,20.148670902776797,63407300
2011-09-30,19.303329467773438,19.776412756078226,19.29557383428236,19.543749668289287,54060500
2011-10-03,19.024127960205078,19.65231927926097,19.016372329200024,19.17148051159505,64592500
2011-10-04,19.652326583862305,19.691103274065185,18.814737354051264,18.845758410366386,83485400
2011-10-05,20.078874588012695,20.2882722495789,19.512726669765527,19.7143686980253,94061300
2011-10-06,20.42787742614746,20.474409762092982,19.931528564765127,20.08663684432896,55111400
2011-10-07,20.35807228088379,20.55971431717418,20.319295592043115,20.42787150418569,52741600
2011-10-10,20.893203735351562,20.916469162049275,20.52869627190144,20.61400678108954,41815300
2011-10-11,20.939735412597656,20.994023378841423,20.722582068386448,20.83115948011012,38826200
2011-10-12,20.90871238708496,21.180153691240466,20.862180056989647,21.079333396161275,52489800
2011-10-13,21.079328536987305,21.094839803188812,20.64502343799549,20.753599342934503,43823500
2011-10-14,21.149126052856445,21.327501162104767,20.95523967865549,21.180147103526064,50947700
2011-10-17,20.924213409423828,21.265453781221066,20.82339316372041,21.025035134362625,39453300
2011-10-18,21.180160522460938,21.249959779734255,20.784631890990994,20.893209335214255,52487900
2011-10-19,21.040552139282227,21.30423776991928,20.947487492725553,21.226684390867344,42880000
2011-10-20,20.970760345458984,21.203423507116074,20.47440999909485,21.1413798987251,76300200
2011-10-21,21.063819885253906,21.087086787444083,20.784622975915582,21.056064251190513,76620600
2011-10-24,21.08708953857422,21.249953437445672,20.97075797091802,20.98626776183234,56897800
2011-10-25,20.792383193969727,21.118112500264335,20.72258395124686,21.001780922138316,53554600
2011-10-26,20.62175750732422,20.986263404766344,20.241740342952006,20.96299798360704,63029900
2011-10-27,21.13361930847168,21.249950862028918,20.668291615006762,21.040553178084313,74512400
2011-10-28,20.924213409423828,21.087078703849816,20.77686085641386,21.04830054839821,57712100
2011-10-31,20.652780532836914,20.939733081484043,20.645026377867726,20.753602298268056,46799000
2011-11-01,20.15642738342285,20.412357339455706,20.055607119206854,20.311537075239706,61182600
2011-11-02,20.171945571899414,20.319299681776975,19.931526798378453,20.24174480925004,53533100
2011-11-03,20.575227737426758,20.621760064751946,20.148676719365135,20.350318776755646,65836100
2011-11-04,20.35807228088379,20.474403826641666,20.164185878208706,20.458892559411055,36549200
2011-11-07,20.784624099731445,20.800135368696914,20.265008423276356,20.327052019902215,42589700
2011-11-08,21.063819885253906,21.094842421507472,20.699313959690166,20.94748833277492,47822500
2011-11-09,20.31930160522461,20.745851225646177,20.210724181714376,20.62176400955131,62950900
2011-11-10,20.38134002685547,20.551959535759483,20.257252842336925,20.528692633948786,32514400
2011-11-11,20.869935989379883,21.001778825892774,20.606250316354096,20.61400595135322,37903000
2011-11-14,20.753599166870117,20.939729922001845,20.668288682721336,20.846663804818107,34199200
2011-11-15,20.894248962402344,21.050526665068627,20.628577762094434,20.753599328077613,43874200
2011-11-16,20.3707218170166,20.714531889266276,20.347281203473823,20.683275750709615,53262800
2011-11-17,19.95659637451172,20.347289320070285,19.878457487324944,20.32384720680166,70977500
2011-11-18,19.769058227539062,19.925335968540356,19.651850666975587,19.909707896365227,47626200
2011-11-21,19.534648895263672,19.72999538421631,19.45651000160753,19.72218134581315,61882500
2011-11-22,19.37055015563965,19.503384279734398,19.261155155833993,19.448687525018965,49204500
2011-11-23,19.120512008666992,19.370556742987826,19.120512008666992,19.229907045674636,49099700
2011-11-25,18.987672805786133,19.27678618413206,18.987672805786133,19.05018360510755,26164600
2011-11-28,19.433063507080078,19.511200886759642,19.29241383905688,19.48776026900577,46766700
2011-11-29,19.409622192382812,19.56589993888028,19.33929735549646,19.393994119658057,40917100
2011-11-30,19.98784637451172,19.995660410445893,19.644036245282734,19.823756091018886,81350900
2011-12-01,19.75343132019043,20.026915126873025,19.690920522895127,19.972218365536506,48545400
2011-12-02,19.706541061401367,20.01909644240734,19.659658350400274,19.99565434171954,52293800
2011-12-05,20.08160972595215,20.159747090577692,19.925332015951668,20.1441205118774,56818400
2011-12-06,20.050355911254883,20.214447674807953,20.011287224414797,20.167563462150007,46175300
2011-12-07,20.00347137451172,20.12849294950947,19.80031094254669,20.058168127276396,62667000
2011-12-08,19.847196578979492,20.097239765742234,19.823755961704833,19.909707375670177,60522200
2011-12-09,20.08160972595215,20.214445332340148,19.925332015951668,19.940960085026656,53788500
2011-12-12,19.933147430419922,19.98003015051578,19.76124312981857,19.85500857001029,38945900
2011-12-13,20.128490447998047,20.394161634445094,20.042537566978545,20.12067641423495,54581100
2011-12-14,19.99566078186035,20.206635284877045,19.980032709701707,20.09724027014154,47926400
2011-12-15,19.972217559814453,20.22226073890839,19.956590978902263,20.09723914936142,46213900
2011-12-16,20.31602668762207,20.44886230634844,20.026913344379444,20.05816948543263,101408100
2011-12-19,19.94877815246582,20.409795850755717,19.89407989964541,20.3316569799587,52258300
2011-12-20,20.339475631713867,20.39417240657162,20.16756977887483,20.20663996832704,60767600
2011-12-21,20.128490447998047,20.464486447938402,19.87844732907719,20.323836820951783,64132500
2011-12-22,20.167564392089844,20.206634571106353,19.909707172080655,20.175378427893147,35794100
2011-12-23,20.339475631713867,20.347289669604308,20.105058966126634,20.245708667403907,23205800
2011-12-27,20.3472843170166,20.4254216946154,20.261331413207984,20.28477203033765,21287200
2011-12-28,20.17537498474121,20.433232160744208,20.128492268297396,20.401977513239896,29822500
2011-12-29,20.331661224365234,20.355101847235268,20.206639601140687,20.27696445050141,22616900
2011-12-30,20.284772872924805,20.409795961100965,20.24570418250257,20.316029017562595,27395700
2012-01-03,20.917695999145508,21.066158212286826,20.620768592112917,20.745790187587172,64731500
2012-01-04,21.40996551513672,21.464662269630214,20.925507269301658,20.95676191885161,80516100
2012-01-05,21.628755569458008,21.667824256781675,21.324015635283708,21.39433897439133,56081400
2012-01-06,21.964744567871094,22.027255341670422,21.511541085232363,21.511541085232363,99455500
2012-01-09,21.675640106201172,21.956939447671164,21.66001203381395,21.9178692667031,59706800
2012-01-10,21.75377082824707,21.995999898003838,21.683446019225034,21.82409563726911,60014400
2012-01-11,21.660005569458008,21.863165978734347,21.386521836176946,21.43340454897162,65582400
2012-01-12,21.87880516052246,21.89443323618434,21.605319797940865,21.777225649470893,49370800
2012-01-13,22.074138641357422,22.074138641357422,21.714702054966384,21.824095539455055,60196100
2012-01-17,22.081958770751953,22.386698699028166,22.01163394263054,22.19135228544088,72395300
2012-01-18,22.058517456054688,22.19135308167523,21.85535699978945,22.121028251030538,64860600
2012-01-19,21.972558975219727,22.2226020746768,21.90223416720062,22.003813617464644,74053500
2012-01-20,23.214963912963867,23.238406015935983,22.46483450235212,22.519531252245727,165902900
2012-01-23,23.230592727661133,23.402498507561397,22.933666865685222,23.08994308606081,76078100
2012-01-24,22.925857543945312,23.105575904990296,22.80083594579445,23.027437033552257,51703300
2012-01-25,23.097753524780273,23.168078334632277,22.71487483246074,22.71487483246074,59231700
2012-01-26,23.05088233947754,23.207160104030862,22.972743457200878,23.13683525901939,49102800
2012-01-27,22.839902877807617,23.074319474073242,22.79302015470445,23.01180867981072,44187700
2012-01-30,23.13682746887207,23.14464150350628,22.52734618077612,22.63673968490563,51114800
2012-01-31,23.07431983947754,23.20715546568584,22.8399032394997,23.17589932287216,50572400
2012-02-01,23.35561180114746,23.480633360220967,23.25403234329069,23.277474444507426,67409900
2012-02-02,23.40250015258789,23.57440445419708,23.214966290355385,23.363429976966614,52223300
2012-02-03,23.62910270690918,23.75412429606942,23.511895153368318,23.550963841090304,41838500
2012-02-06,23.597843170166016,23.61346974779524,23.418123368871264,23.472821606884636,28039700
2012-02-07,23.715055465698242,23.824448982961712,23.48063886965166,23.558777735000522,39242400
2012-02-08,23.957292556762695,23.965106594928027,23.613482329365063,23.644738482026387,49659100
2012-02-09,24.04323387145996,24.066674484256932,23.816631345258106,23.972909052319707,50481600
2012-02-10,23.83226776123047,24.066682913551514,23.72287422219734,23.941661300263597,44605300
2012-02-13,23.894775390625,24.043239095554117,23.777567830049378,23.933844080691877,33319800
2012-02-14,23.792526245117188,23.95769678160533,23.477914627863687,23.855448568567887,59644000
2012-02-15,23.635217666625977,23.90263789348542,23.619488212247372,23.85544652997681,43311300
2012-02-16,24.610509872436523,24.81500623139107,23.831844312553294,23.83970978792632,94705100
2012-02-17,24.579051971435547,24.634108807821757,24.343093672584278,24.539726088355764,70036500
2012-02-21,24.72849464416504,24.862204755638754,24.500400306868432,24.523996738370748,50829900
2012-02-22,24.59478759765625,24.91726470077598,24.523999794514207,24.73636320394034,49253200
2012-02-23,24.67343521118164,24.846471190121356,24.382418587315616,24.53972511375988,35034700
2012-02-24,24.759958267211914,24.775689223589126,24.57119129124505,24.759958267211914,35575400
2012-02-27,24.6577091217041,24.775688289713052,24.46107667496035,24.571190365077165,34568400
2012-02-28,25.066707611083984,25.11389898322061,24.681306654710397,24.704903090872044,45230600
2012-02-29,24.96445655822754,25.168954493509695,24.862208340679754,25.082435732378546,59323600
2012-03-01,25.397037506103516,25.475689253573282,25.05096411653005,25.113886414617415,77344100
2012-03-02,25.231884002685547,25.51503228419514,25.16896016210084,25.412785543805782,47314200
2012-03-05,25.01164436340332,25.208276792361477,24.870070274710002,25.176814883638713,45240000
2012-03-06,24.822872161865234,25.15321463265865,24.767815333430676,24.807142711016834,51932900
2012-03-07,25.04310417175293,25.106026483734773,24.799280400346575,24.909394071268235,34340400
2012-03-08,25.176815032958984,25.334121577133025,25.09029778383101,25.200412964827393,36747400
2012-03-09,25.161083221435547,25.29479332140073,25.106026386188635,25.24760046245802,34628400
2012-03-12,25.20041847229004,25.326263135057626,25.027380935844572,25.145360119665845,34073600
2012-03-13,25.695926666259766,25.711657622023193,25.286933817902742,25.357721618651656,48951700
2012-03-14,25.774580001831055,25.861098753498784,25.554352634220734,25.585811543613026,41986900
2012-03-15,25.83749771118164,25.908285499446762,25.625137346758773,25.790307852586558,49068300
2012-03-16,25.640869140625,25.916156358617815,25.562217364268736,25.88469444792613,65626400
2012-03-19,25.326250076293945,25.64872704588311,25.286924202026366,25.59367022183412,44789200
2012-03-20,25.161083221435547,25.286929345096524,24.964450809733,25.24760046245802,41566800
2012-03-21,25.09817123413086,25.286939747181385,25.02738341678363,25.137497132574047,37928600
2012-03-22,25.168956756591797,25.23974456748465,25.003786197966292,25.01951565579725,31749500
2012-03-23,25.176815032958984,25.25546980523239,24.948722194111646,25.247602827818664,35912200
2012-03-26,25.632997512817383,25.648728463468228,25.286925599614925,25.318384500544568,36758300
2012-03-27,25.577943801879883,25.71951937461356,25.483561086848237,25.68019349338141,36274900
2012-03-28,25.318401336669922,25.719533344079462,25.200423628894328,25.577957694449513,41344800
2012-03-29,25.263336181640625,25.318393027274606,25.019512365181612,25.216146314167528,37038500
2012-03-30,25.373445510864258,25.491426160010615,25.200411025921486,25.483562183574712,31749400
2012-04-02,25.397037506103516,25.530746076876486,25.129617364185737,25.341980682800312,35853600
2012-04-03,25.121761322021484,25.318392264712028,24.901532445932077,25.294797331686134,42752100
2012-04-04,24.547592163085938,24.925127573779488,24.421747526250225,24.90153114180289,49455900
2012-04-05,24.791418075561523,24.877935327919097,24.42174813300905,24.500401408032115,50368600
2012-04-09,24.461069107055664,24.697027370071456,24.35881942627905,24.555451812187563,31056400
2012-04-10,23.965564727783203,24.53186719734975,23.83185458915629,24.429617473595044,54131300
2012-04-11,23.871170043945312,24.012745590528716,23.776785846161065,23.934092342406167,43014000
2012-04-12,24.3666934967041,24.413886366102638,23.926237216957137,23.973428586169096,38304000
2012-04-13,24.23297691345215,24.508262577550614,24.16218912839294,24.295899222372984,39749200
2012-04-16,24.445341110229492,24.53185985054411,24.201517342290213,24.374553322733213,38124800
2012-04-17,24.72849464416504,24.862204755638754,24.539727692705625,24.594784532691325,34361500
2012-04-18,24.492528915405273,24.62623899459155,24.413877163095943,24.602644068973156,40552900
2012-04-19,24.390283584594727,24.917258487590356,24.3352267514765,24.484666298458496,54781200
2012-04-20,25.49929428100586,25.868964241401507,25.208279099616217,25.28693387862222,106045000
2012-04-23,25.263336181640625,25.562218343920147,25.19254838005792,25.412778762966916,61398200
2012-04-24,25.106035232543945,25.577953486952286,25.035247419373356,25.3341281303928,40871100
2012-04-25,25.326250076293945,25.420632774610514,25.066695405644474,25.106021279912053,62495500
2012-04-26,25.25547218322754,25.34985491846971,25.106031102209823,25.263336161008947,40308100
2012-04-27,25.153223037719727,25.34199151283898,25.07456975645113,25.263336731383824,41419100
2012-04-30,25.1846923828125,25.255480206826494,25.106039078331726,25.153230460945387,35697200
2012-05-01,25.176815032958984,25.43637128090207,25.129625169967714,25.208276941868345,43832300
2012-05-02,25.01164436340332,25.113894066565933,24.885799728885008,25.05097174930678,37385300
2012-05-03,24.980186462402344,25.09030015361259,24.862207293221857,25.07456919767212,31501300
2012-05-04,24.3666934967041,24.83074621115033,24.319502127492143,24.736363472726413,57927200
2012-05-07,24.107139587402344,24.272311635896205,24.04421725944912,24.146466979989757,48641400
2012-05-08,23.989152908325195,24.209381737386675,23.7295981991606,23.97342195620948,46328300
2012-05-09,24.19365692138672,24.248713767569342,23.674547371398376,23.745335173686474,50309300
2012-05-10,24.177928924560547,24.398157836432688,23.949836033859693,24.2723131725591,43839200
2012-05-11,24.50826644897461,24.807148588700827,24.138598013193672,24.138598013193672,43459300
2012-05-14,24.130727767944336,24.413878896962476,24.09926586463738,24.24084142914645,40528900
2012-05-15,23.91697120666504,24.38406876009149,23.86947019564724,24.25739839069075,61822800
2012-05-16,23.67155647277832,24.004066695233366,23.54488605565549,23.99614960540938,60083700
2012-05-17,23.5290470123291,23.916975273333104,23.52112992414165,23.742803863299727,48484000
2012-05-18,23.172786712646484,23.600298897336145,23.093617342139467,23.584466231258858,56205300
2012-05-21,23.552797317504883,23.58446566896472,23.006530335063566,23.038198686523405,38787900
2012-05-22,23.560712814331055,23.655714842234925,23.354873073832657,23.505294713048794,39504900
2012-05-23,23.04611587524414,23.275705384212266,22.674020294113213,23.23612145474435,65171000
2012-05-24,23.014453887939453,23.196542429893846,22.769030135303943,23.085706188709526,52575000
2012-05-25,23.00652503967285,23.244033090864292,22.96694111948916,23.117362734240764,29507200
2012-05-29,23.402374267578125,23.529044645776462,23.133199336399155,23.259869714597492,37758800
2012-05-30,23.22821044921875,23.3390466887758,23.054038999910457,23.236127539191468,41585500
2012-05-31,23.109451293945312,23.29153978732299,22.91152862461389,23.196536241630646,39134000
2012-06-01,22.523603439331055,22.927364410891446,22.515686350276688,22.769027159895103,56634300
2012-06-04,22.60276985168457,22.784859868127526,22.420681345271856,22.658189471489962,47926300
2012-06-05,22.571096420288086,22.76110195979234,22.47609289552106,22.571096420288086,45715400
2012-06-06,23.236122131347656,23.25195630760794,22.808608432501,22.86402653938183,46860500
2012-06-07,23.141115188598633,23.51321072597136,23.093614176817198,23.465708204159988,37792800
2012-06-08,23.473621368408203,23.497372625344774,22.998606799884612,23.12527715015361,42551100
2012-06-11,22.879859924316406,23.600298308910308,22.816524731495957,23.536963116089858,46361900
2012-06-12,23.188621520996094,23.196537099235485,22.832360099016054,23.038199863934498,35337900
2012-06-13,23.06195068359375,23.30737590119254,22.99861548454283,23.133202971279818,32984600
2012-06-14,23.22821044921875,23.32321250883036,22.864031860626213,23.22029335924603,39458900
2012-06-15,23.766557693481445,23.814058717703745,23.34696103443184,23.426130414822563,62314400
2012-06-18,23.62404441833496,23.774466034726785,23.52112380868748,23.742797690210704,58679900
2012-06-19,24.30490493774414,24.62949800185476,23.790304778028613,23.9011425021365,75725800
2012-06-20,24.48699378967285,24.581995828820517,24.25740276001065,24.48699378967285,36257100
2012-06-21,23.86155891418457,24.653249670567924,23.798223714075114,24.510745092814076,48456600
2012-06-22,24.30490493774414,24.32865469217213,23.77447211175334,23.988227451756075,45098100
2012-06-25,23.647804260253906,24.004064205194137,23.449881565277,23.988230027188706,42217200
2012-06-26,23.766557693481445,23.96448038944309,23.70322249117493,23.750723515397233,38421300
2012-06-27,23.88530921936035,24.14656709805283,23.774473001136336,23.90114339625813,33781700
2012-06-28,23.67947006225586,23.790306283346684,23.29154177840772,23.734888172801273,45328400
2012-06-29,24.217811584472656,24.29698093343405,23.861550269161267,24.106975401944553,55227200
2012-07-02,24.194067001342773,24.241569529842266,23.91697495854967,24.241569529842266,30589100
2012-07-03,24.352407455444336,24.352407455444336,23.885309795896728,23.93281081770641,20938100
2012-07-05,24.30490493774414,24.36824013293572,24.051562646947655,24.217818478094404,28801900
2012-07-06,23.901147842407227,24.304910368228153,23.71114221437923,24.23365806896384,38294800
2012-07-09,23.75072479248047,23.932813320148853,23.576553354279895,23.845728356063773,30680800
2012-07-10,23.544879913330078,23.92489106556227,23.36279142497258,23.81405485700207,37534100
2012-07-11,23.19654083251953,23.544885222293033,23.04612066127929,23.52113395366174,39184900
2012-07-12,22.666105270385742,23.10153608433751,22.5948544928608,23.077784818475696,63523600
2012-07-13,23.267789840698242,23.339042126493915,22.73735699645837,22.769025350158767,39085000
2012-07-16,23.307376861572266,23.378629152194282,22.99070085326904,23.33904370738743,27900600
2012-07-17,23.48154067993164,23.639879387792085,23.11736376589439,23.465706507139632,33771300
2012-07-18,24.106979370117188,24.106979370117188,23.32320434741743,23.434042058219912,41090400
2012-07-19,24.281150817871094,24.384069931693016,24.051559818532205,24.154480442384116,46663200
2012-07-20,23.845722198486328,24.581993208503604,23.790302586522426,24.542409281416557,64021700
2012-07-23,23.18070411682129,23.41821072155113,22.966947266546327,23.410293633389447,55151900
2012-07-24,23.077796936035156,23.244052864304084,22.879874146686603,23.149049261003118,47723300
2012-07-25,22.824443817138672,23.22028918442171,22.784859884422463,23.149036897508342,45579500
2012-07-26,23.0856990814209,23.354874021453615,23.030280977890055,23.14111718495174,45301400
2012-07-27,23.560712814331055,23.63196509027396,23.101532319382326,23.33903889917201,44242600
2012-07-30,23.465707778930664,23.608212321722537,23.32320323613879,23.55279422397679,28905000
2012-07-31,23.33112335205078,23.52112893043179,23.220287142169386,23.339040439903755,37620900
2012-08-01,23.283620834350586,23.473626400485873,23.125282107556178,23.426125386459557,31721800
2012-08-02,23.109451293945312,23.378626245038458,22.935278378514376,23.125283959868927,39520500
2012-08-03,23.552797317504883,23.70321896687889,23.33904047524131,23.378625914566108,35859400
2012-08-06,23.71113395690918,23.83780433148119,23.600296246636187,23.750717882701693,27471800
2012-08-07,23.956562042236328,24.02781432984288,23.647803135961453,23.80614037839692,28002900
2012-08-08,24.011981964111328,24.12281819318093,23.837810531283328,23.916978403458547,26257600
2012-08-09,24.146562576293945,24.265315860728748,23.988223857027585,24.059476129694453,24920800
2012-08-10,24.083236694335938,24.241575474771125,23.94864918397519,24.146571904503908,27810300
2012-08-13,24.059476852416992,24.11489495281594,23.87738837681188,24.027810013630443,23049100
2012-08-14,24.011661529541016,24.218864903832614,23.916030138350163,24.147140600422695,34551400
2012-08-15,24.067447662353516,24.13120242818619,23.92399905922162,23.99572336078757,24351000
2012-08-16,24.5296688079834,24.65717833296043,24.11526209179132,24.194955924910325,35787200
2012-08-17,24.625301361083984,24.641240432471374,24.37825183471349,24.641240432471374,32589900
2012-08-20,24.4977970123291,24.585460403470595,24.37028745432357,24.56155179133187,23737700
2012-08-21,24.545608520507812,24.673118056715627,24.394191896282017,24.513731896472645,28822700
2012-08-22,24.33840560913086,24.5137308338079,24.282618859428908,24.37825176745589,33437400
2012-08-23,24.115272521972656,24.22684302457495,23.97182386432165,24.21887348581277,28355600
2012-08-24,24.35434341430664,24.410128644556583,24.051508655792592,24.10729388604253,22943300
2012-08-27,24.457948684692383,24.67312009479595,24.378254837971134,24.649213004803162,34691100
2012-08-28,24.410133361816406,24.545612455761972,24.3224714916402,24.465920122880664,23947900
2012-08-29,24.426069259643555,24.505763102194,24.25871355831788,24.426069259643555,23346800
2012-08-30,24.1630802154541,24.394192202755292,24.0833863743146,24.33043743385041,23982100
2012-08-31,24.561548233032227,24.673118700115086,24.21089623930002,24.38622299618293,36590100
2012-09-04,24.218868255615234,24.434041195623966,24.027603926729842,24.26668547786191,48556700
2012-09-05,24.218868255615234,24.33044025415704,24.07541962894275,24.08338916598386,33650000
2012-09-06,24.983922958374023,24.991892494096824,24.274649479380038,24.306527622271236,48371700
2012-09-07,24.665149688720703,24.760781079494965,24.489822938911974,24.736873991818175,42649100
2012-09-10,24.481855392456055,24.625304010307936,24.314499684984643,24.56951877448413,40524000
2012-09-11,24.537643432617188,24.63327483616802,24.394194807257186,24.457949582968993,25191800
2012-09-12,24.5296688079834,24.84844262042598,24.489821131407176,24.65717833296043,32775800
2012-09-13,24.65718650817871,24.84845085905895,24.226840578672718,24.61733881839078,45047300
2012-09-14,24.872356414794922,24.904234564653926,24.55358251637412,24.712970225601445,51422800
2012-09-17,24.872356414794922,24.912204102118675,24.736878837995697,24.856418859899268,36488500
2012-09-18,24.84844398498535,24.872351072210513,24.72890398875899,24.784689218995727,34542700
2012-09-19,24.744848251342773,24.856420262109484,24.736880233462376,24.7767264030001,48871900
2012-09-20,25.06361961364746,25.087526703470385,24.63327375643058,24.66515190290606,45543000
2012-09-21,24.856409072875977,25.191121914435627,24.776715249641157,25.0476733366196,102348900
2012-09-24,24.5296688079834,24.760779251991732,24.418096833603414,24.704994024818458,46825900
2012-09-25,24.218868255615234,24.704999374886714,24.194961164525665,24.665153209714923,54266400
2012-09-26,24.043540954589844,24.386223418024894,23.93994002193986,24.131204334547732,54672000
2012-09-27,24.03557014465332,24.226834447126663,23.82039723435823,24.043539680593906,47129900
2012-09-28,23.716796875,24.115264561367542,23.700857802737236,24.05150979235008,54229300
2012-10-01,23.501628875732422,23.892127107654797,23.445843631176928,23.756648005148346,54042700
2012-10-02,23.637104034423828,23.82039881310483,23.50959449099064,23.65304310736139,43338900
2012-10-03,23.796493530273438,23.900094472165282,23.6450753659388,23.708830142495422,46655900
2012-10-04,23.931974411010742,23.931974411010742,23.565383278357114,23.884157184990343,43634900
2012-10-05,23.78852081298828,24.107294653155524,23.7008574369297,24.091355581138767,41133900
2012-10-08,23.73273468017578,23.844305139991214,23.54943839900734,23.621162700326835,29752000
2012-10-09,23.33426856994629,23.7008581166436,23.254574727610557,23.653042419255605,45121100
2012-10-10,23.09518814086914,23.358176769055834,23.071281051055422,23.230667223270387,47227100
2012-10-11,23.071285247802734,23.310365309631525,23.007530463312794,23.28645669543506,41488500
2012-10-12,23.270517349243164,23.366148758604606,22.951741931281436,23.087221027905017,46464700
2012-10-15,23.517566680908203,23.684922405534117,23.310363269442433,23.405996197824262,42440200
2012-10-16,23.501628875732422,23.70086276059285,23.36614977322597,23.469752244572387,47739400
2012-10-17,23.581321716308594,23.621167883548022,23.182853963778925,23.35020969022514,44206100
2012-10-18,23.50959014892578,23.69288489375346,23.318325869101237,23.629130133811948,59238500
2012-10-19,22.824228286743164,23.17488027171666,22.71265782244715,23.150971663638842,90470800
2012-10-22,22.314193725585938,22.975650121650165,22.178714631450667,22.895956268623454,83374000
2012-10-23,22.354036331176758,22.473577851691267,22.122925866251432,22.13089540228797,64414800
2012-10-24,22.234498977661133,22.473580527118674,22.210591886739007,22.4417023791775,53320400
2012-10-25,22.21855354309082,22.473574093513136,22.2026159937165,22.465604558809314,54084300
2012-10-26,22.481548309326172,22.585150769019457,22.18668304411796,22.202622117922118,57790000
2012-10-31,22.744539260864258,23.01549592482365,22.712661112143273,22.75250727801071,69464100
2012-11-01,23.525531768798828,23.557408392207932,22.967676418820858,22.98361549054218,72047900
2012-11-02,23.50959014892578,23.72476303374091,23.37411109404589,23.58131444386416,57131600
2012-11-05,23.613195419311523,23.70085880041328,23.37411540544048,23.605227402878327,38070800
2012-11-06,23.796493530273438,24.067451710647518,23.59725966352978,23.764615381978242,43401500
2012-11-07,23.174880981445312,23.772582521393215,23.15097237263529,23.5335025134275,57871800
2012-11-08,22.959707260131836,23.405992155458993,22.951737724140255,23.20675831577016,49841800
2012-11-09,22.975656509399414,23.26255385204597,22.959717430355887,23.015502686973996,43291200
2012-11-12,22.489517211914062,23.1190969291174,22.481547675236765,23.063311692410004,61112300
2012-11-13,21.766372680664062,21.93510351527033,21.493188111043317,21.71012906912864,131689200
2012-11-14,21.565507888793945,21.92707625496247,21.533367797346116,21.886901140652682,76086100
2012-11-15,21.42089080810547,21.669970506099816,21.396785727967444,21.597656798210387,50955600
2012-11-16,21.308391571044922,21.453018905863473,21.16376423622637,21.428913839219117,64083300
2012-11-19,21.477130889892578,21.533374535000643,21.26822482768806,21.533374535000643,57179300
2012-11-20,21.46105194091797,21.533365606795336,21.260180987375016,21.501227051140813,47070400
2012-11-21,21.653894424438477,21.830660352823095,21.428918352611056,21.46105691571548,66360300
2012-11-23,22.256511688232422,22.31275533383233,21.854769611062338,21.878873154876924,57845700
2012-11-26,22.007427215576172,22.16008961124508,21.830661279686613,22.127951046776147,85198700
2012-11-27,21.758344650268555,21.999389215009,21.72620609014768,21.983320701210545,45018600
2012-11-28,21.98331642150879,22.00741995377599,21.509260874954055,21.70209679571,53018400
2012-11-29,21.653894424438477,21.98332274201042,21.58158074179838,21.7824517419044,69551400
2012-11-30,21.38874626159668,21.79852178185275,21.284292476022216,21.734243118623933,83690200
2012-12-03,21.236083984375,21.549442277859672,21.2119789108284,21.517303712321763,53173800
2012-12-04,21.187870025634766,21.396774480250205,21.163764958168137,21.292322252942483,49777500
2012-12-05,21.42891502380371,21.63782101536502,21.099486757405764,21.195903964265526,68283800
2012-12-06,21.477130889892578,21.678001926721034,21.38071365042858,21.54140956037671,39182300
2012-12-07,21.26018524169922,21.54943996309074,21.1878730938754,21.54943996309074,46162100
2012-12-10,21.645862579345703,21.669966122082734,21.308399188308265,21.340537756132417,47031100
2012-12-11,21.95118522644043,22.087777583868032,21.73424415302172,21.73424415302172,52282800
2012-12-12,21.886905670166016,22.192230472011968,21.758348342817474,22.119916783812887,43966300
2012-12-13,21.782455444335938,22.11188381790184,21.653898105018722,21.95118637749314,45080100
2012-12-14,21.541410446166992,21.79852513867616,21.453028228444747,21.782456619787673,42077500
2012-12-17,21.774415969848633,21.870833188373215,21.43695263996448,21.525336367382064,42046100
2012-12-18,22.14402198791504,22.200265631288485,21.806558595150015,21.894942339036486,50486900
2012-12-19,21.943147659301758,22.280611001347197,21.894939048302156,22.24847243818883,53519900
2012-12-20,22.240436553955078,22.240436553955078,21.814589497779725,21.983321928537524,52607300
2012-12-21,22.055635452270508,22.087774013958022,21.694067055010713,22.055635452270508,98776500
2012-12-24,21.742277145385742,21.894939538245406,21.694068533307377,21.85476595026746,20842400
2012-12-26,21.581584930419922,21.854769666186584,21.453027588003188,21.718177298303253,31631100
2012-12-27,21.661930084228516,21.766383872953202,21.348571783102983,21.605686443772576,39394000
2012-12-28,21.332500457763672,21.613720175747627,21.332500457763672,21.461057780409337,28239900
2012-12-31,21.46105194091797,21.509262073185383,21.187868854021403,21.364634741430653,42749500
2013-01-02,22.19222640991211,22.280608598458972,21.8145879889906,21.894936687007345,52899300
2013-01-03,21.894939422607422,22.216332722306007,21.822625738609723,22.200262674190043,48294400
2013-01-04,21.48516082763672,21.967251508372033,21.47712580416333,21.911007876582318,52521100
2013-01-07,21.444978713989258,21.59763950169745,21.404803612600194,21.509257343688343,37110400
2013-01-08,21.332500457763672,21.525337974256338,21.260186772209963,21.493197877332836,44703100
2013-01-09,21.453022003173828,21.493195587524085,21.3405332084499,21.469090517399525,49047900
2013-01-10,21.26018524169922,21.677997276481623,21.12359443717996,21.412847626047416,71431300
2013-01-11,21.557470321655273,21.637819008267947,21.11555484407118,21.284285706686433,55512100
2013-01-14,21.605688095092773,21.75835051122991,21.501235830909074,21.613723120418346,48324400
2013-01-15,21.862791061401367,21.927071229564852,21.557467925242612,21.557467925242612,48244500
2013-01-16,21.72620964050293,21.878870507940867,21.702104567080205,21.814591844671153,41077400
2013-01-17,21.894939422607422,22.07170535431061,21.742277030554042,21.84673081078367,51685900
2013-01-18,21.894939422607422,21.92707951883935,21.726208514962217,21.77441712678597,52167700
2013-01-22,21.814592361450195,22.05563850381508,21.694070056529878,21.93511466637051,58650600
2013-01-23,22.184194564819336,22.20829810491051,21.854766235030514,21.854766235030514,50387700
2013-01-24,22.20026206970215,22.55379545600635,22.071704753323182,22.256507236576528,101739300
2013-01-25,22.401126861572266,22.682346487932055,22.007419997678028,22.160082343277402,81847700
2013-01-28,22.425233840942383,22.68234842441411,22.304711571505486,22.505582531408248,56056500
2013-01-29,22.505582809448242,22.602000013179403,22.17615455373977,22.352920448929446,49242600
2013-01-30,22.377031326293945,22.650216028670684,22.3047176384575,22.505588652997798,43580500
2013-01-31,22.055635452270508,22.473445949352442,22.015460334506063,22.328820122972566,50530000
2013-02-01,22.441308975219727,22.53772619962711,22.135984188706665,22.2324029456382,55565900
2013-02-04,22.0476016998291,22.513622365095884,22.031531651796836,22.393100069902154,50540000
2013-02-05,22.095809936523438,22.22436725355219,21.983322667254306,22.192228690557055,35410400
2013-02-06,21.967248916625977,22.127946302086315,21.89493524642121,21.999387474203736,41889600
2013-02-07,21.91904067993164,22.00742286413889,21.774413337107582,21.975284306024584,38028300
2013-02-08,22.135984420776367,22.264541743016746,21.943148437415793,21.975288534237972,33318500
2013-02-11,22.385059356689453,22.43326795600983,22.095804695719707,22.21632696028252,32247700
2013-02-12,22.401126861572266,22.497545588404414,22.296674645650803,22.401126861572266,35990900
2013-02-13,22.521656036376953,22.585934692121068,22.401132215898205,22.441307333565803,41715600
2013-02-14,22.529685974121094,22.54575448503683,22.393093669933318,22.433267246008203,32663200
2013-02-15,22.505582809448242,22.626105080374103,22.401129050795028,22.529687876642942,49650900
2013-02-19,22.724323272705078,22.75672946737073,22.521789191681993,22.586600035800885,38781400
2013-02-20,22.57849884033203,22.845843751359734,22.546092647377243,22.789132913688853,44110200
2013-02-21,22.270652770996094,22.473186901192726,22.06001709016606,22.473186901192726,49078500
2013-02-22,22.489383697509766,22.489383697509766,22.262544979007682,22.42457285582522,31425900
2013-02-25,22.17342185974121,22.724313013436614,22.17342185974121,22.65950219857764,48011800
2013-02-26,22.17342185974121,22.35975275930929,22.149117224714704,22.181521859538332,49923300
2013-02-27,22.529895782470703,22.683822151155976,22.14103063073052,22.2139430398334,36394700
2013-02-28,22.521791458129883,22.659514708893656,22.473183706452247,22.58660230877092,35840200
2013-03-01,22.643306732177734,22.667609828516493,22.294947929342367,22.456974237378546,34849700
2013-03-04,22.805339813232422,22.805339813232422,22.440779352970143,22.562299506390904,38157500
2013-03-05,22.967363357543945,23.121289680122796,22.813437034965094,22.918755614439362,41432200
2013-03-06,22.756729125976562,22.870147715180025,22.50558730193502,22.853944618090278,51448500
2013-03-07,22.797231674194336,22.910651790454324,22.691914650394498,22.772928577662448,29196700
2013-03-08,22.683813095092773,22.951157973333597,22.651406906112243,22.886347140584675,37667800
2013-03-11,22.57849884033203,22.65951123229435,22.41647096598274,22.635208132790584,36627500
2013-03-12,22.61090660095215,22.64331279836835,22.392169404030422,22.55419730068634,39255200
2013-03-13,22.61900520324707,22.70001914101962,22.48128197259744,22.578499006966968,29093400
2013-03-14,22.797231674194336,22.813434768690357,22.627103817622565,22.68381310314649,55914800
2013-03-15,22.71622657775879,22.813442085489882,22.667617278680606,22.708125027912423,92710300
2013-03-18,22.764829635620117,22.91065441234818,22.529889374177724,22.586598666191456,44809400
2013-03-19,22.82963752746582,22.862042170769193,22.708117410956973,22.781029789904707,51901600
2013-03-20,22.943065643310547,23.08078891138292,22.829647026737803,22.9592687443103,35447800
2013-03-21,22.77293586730957,22.97546997770482,22.724326568261613,22.77293586730957,34233200
2013-03-22,22.8863525390625,22.959264936255273,22.764832392145376,22.837744789338153,28720900
2013-03-25,22.813444137573242,22.96737050807466,22.651416216496724,22.926862755199142,44154000
2013-03-26,22.813444137573242,22.959268957499553,22.7729379299105,22.878254996961296,27824300
2013-03-27,22.983564376831055,23.04837521018489,22.748624140165813,22.79723187887815,36047400
2013-03-28,23.177995681762695,23.21850187106566,22.894447721005733,22.943055457211706,55453800
2013-04-01,23.177995681762695,23.21850187106566,22.975461644823735,23.202298777259646,29201100
2013-04-02,23.331926345825195,23.372434090598354,23.105089155945382,23.161798453415336,28456500
2013-04-03,23.13749122619629,23.45344541934099,23.121289675306333,23.291417548743077,35062800
2013-04-04,23.169893264770508,23.17799481136928,22.902548407859047,22.999763876620296,45263200
2013-04-05,23.25091552734375,23.315726378174297,22.77293492301376,22.862048877147906,50927300
2013-04-08,23.16180419921875,23.275222822294683,23.064587132858772,23.275222822294683,34759500
2013-04-09,23.988136291503906,24.158264172475988,23.23470928671358,23.275215483551023,77733800
2013-04-10,24.530925750732422,24.563330396620284,23.915222026740686,23.95572822040357,71116700
2013-04-11,23.445343017578125,23.655978623600653,23.275213605123984,23.574964691251644,130923200
2013-04-12,23.32383155822754,23.51016259021776,23.21851294347633,23.37243931761351,62886300
2013-04-15,23.24281120300293,23.47774992976086,23.096986419740304,23.210405008850177,56332900
2013-04-16,23.469646453857422,23.607369677271805,23.250910842138786,23.412937163959544,52797300
2013-04-17,23.35622787475586,23.526357289666805,23.169896909310935,23.372430970502094,52840700
2013-04-18,23.32383155822754,23.477756387151906,23.088891221638544,23.45345328006533,56906600
2013-04-19,24.117755889892578,24.498519360957445,23.988134216967847,23.996235764677174,99790700
2013-04-22,24.97649574279785,25.26004368504207,24.522819962334285,24.547123056244494,137904000
2013-04-23,24.79016876220703,25.03320901131003,24.611937804000092,24.871182693645437,59126900
2013-04-24,25.72994041442871,25.859562155945184,24.790182015827757,24.806385119820575,90946600
2013-04-25,25.875743865966797,26.604865945464727,25.551689780102354,25.689411414534444,110700200
2013-04-26,25.754236221313477,25.90816102071788,25.47878972893058,25.843350172228522,47799300
2013-04-29,26.418548583984375,26.475257884933935,25.738033882164558,25.762336985307194,59116400
2013-04-30,26.81551170349121,26.823614797555027,26.15120014980308,26.378040427216632,75165200
2013-05-01,26.507667541503906,26.7993171789709,26.41044893539789,26.677795466551142,54330900
2013-05-02,26.86412239074707,26.872222394806357,26.24031700373019,26.434751095828652,46059500
2013-05-03,27.1314697265625,27.155772829922757,26.79931392213,26.92083252935644,46784600
2013-05-06,27.34209442138672,27.471716078730402,26.937026355884694,27.074748014751822,40978300
2013-05-07,26.985637664794922,27.37450266605677,26.928928378595753,27.261084093658436,43078300
2013-05-08,26.726398468017578,26.928932547346395,26.450951996513396,26.79120776638191,51595700
2013-05-09,26.459047317504883,26.734493740263964,26.402338032562504,26.61297207800216,46417800
2013-05-10,26.483356475830078,26.507662668100675,26.183606888175625,26.46715337779133,36394900
2013-05-13,26.7587947845459,26.791200970720542,26.369929821722206,26.418539100984173,36027600
2013-05-14,27.354351043701172,27.354351043701172,26.75880483233646,26.8077549870594,56870100
2013-05-15,27.615406036376953,27.65619937875792,27.272764367461463,27.289081081994834,46303900
2013-05-16,27.80304718017578,27.86015412598651,27.370662017772208,27.444085678399595,59382900
2013-05-17,28.44754409790039,28.44754409790039,27.81936449799779,27.843841129539044,60666700
2013-05-20,28.61886978149414,28.635183387369665,28.29254164626031,28.333331885140606,54020800
2013-05-21,28.431224822998047,28.773869624888484,28.32517084021113,28.63517909895096,48702400
2013-05-22,28.23542594909668,28.423063479539184,28.031471705733768,28.38227325328556,66047500
2013-05-23,27.860158920288086,28.186483936491292,27.656204618125205,27.92542267869046,51102700
2013-05-24,27.95806312561035,27.966219930420436,27.656211554093982,27.67252516371415,33174400
2013-05-28,28.569915771484375,28.700446385540975,28.0722668328638,28.080423634700633,48212100
2013-05-29,28.455705642700195,28.569919556117625,28.20280118292179,28.341491729282765,38412200
2013-05-30,28.57807159423828,28.757552349452855,28.398593951118926,28.43122426944367,51131000
2013-05-31,28.47201919555664,28.782027465486156,28.382278812962955,28.406752331090182,56165700
2013-06-03,29.034934997558594,29.067568433276485,28.41491527939724,28.488335841618916,51252600
2013-06-04,28.54544448852539,29.15730737333255,28.365963713111377,29.059407071054597,65529500
2013-06-05,28.374128341674805,28.46386875413381,28.088593494847444,28.227280959850326,46025100
2013-06-06,28.520971298217773,28.643345134782926,28.137539293699113,28.423074096223214,37618500
2013-06-07,29.100196838378906,29.18993722463884,28.602550980920615,28.7575551222179,40757300
2013-06-10,28.93704605102539,29.083893441519137,28.66782479775466,28.969676383948862,35994500
2013-06-11,28.423065185546875,28.70044309765299,28.2925345864437,28.594386013351983,39435900
2013-06-12,28.5535888671875,28.77385978332854,28.4312150986333,28.667802724721177,37372700
2013-06-13,28.325170516967773,28.569915022899224,28.219113423295894,28.54544150593465,45654900
2013-06-14,28.064109802246094,28.300694398729494,27.94173599102393,28.186480501372962,53192600
2013-06-17,28.5535888671875,28.68411943466802,28.251737513406468,28.300684531152783,49670100
2013-06-18,28.53728485107422,28.692288996376174,28.47202109435072,28.529128048519627,28616500
2013-06-19,28.219118118286133,28.62702673340325,28.219118118286133,28.52096962208599,30816200
2013-06-20,27.321720123291016,28.00700671398368,27.223819815980832,27.94989664533821,54493700
2013-06-21,27.142236709594727,27.517511848313283,26.962755942340017,27.460404897295042,85338500
2013-06-24,27.50935173034668,27.900943538168956,26.571160884540458,26.87301231955231,56109000
2013-06-25,27.468564987182617,28.04779759299027,27.297244113622064,27.80305304331865,44073400
2013-06-26,28.02332305908203,28.129380179654063,27.64804784732996,27.835685453205997,48665900
2013-06-27,28.243581771850586,28.37411235860071,28.145684609811664,28.162001322167264,28993100
2013-06-28,28.1783390045166,28.382293392600083,28.015174871630425,28.047808320627055,65545500
2013-07-01,28.03147315979004,28.54543875111168,28.00699964518732,28.349641298005125,31055400
2013-07-02,27.68882942199707,28.09673794501344,27.435928129467754,28.072264429502876,37630000
2013-07-03,27.74593734741211,28.039631992304827,27.41145247119433,27.460402616041506,15994400
2013-07-05,27.90911293029785,27.933589568894558,27.395150201213767,27.811215712200376,26085900
2013-07-08,28.007003784179688,28.21911487030476,27.721465919205265,28.02331738826243,32396900
2013-07-09,28.02332305908203,28.227277384438075,27.852002172686003,28.210963777054097,25318500
2013-07-10,28.30885124206543,28.398591612281923,27.99883990279799,28.015156616664164,29658800
2013-07-11,29.116512298583984,29.181779162900135,28.47201912998658,28.55359959828639,53638300
2013-07-12,29.100196838378906,29.149146988728553,28.78202864134497,29.0267762809977,35501200
2013-07-15,29.50809669494629,29.548890030887865,29.026767696619487,29.092031432355736,34142600
2013-07-16,29.589693069458008,29.7202237095554,29.336788592727345,29.37757883423979,36378500
2013-07-17,29.15730857849121,29.687587899984774,28.953354275125452,29.64679766173076,37285100
2013-07-18,28.912569046020508,29.279687517617837,28.733091324870255,29.141000046179162,49547100
2013-07-19,25.61665916442871,26.652745801388466,25.306649320403668,26.432477901229305,248428500
2013-07-22,26.114299774169922,26.114299774169922,25.77981649784912,25.861398505851756,79040700
2013-07-23,25.959293365478516,26.13877407835623,25.869553009039656,26.032717010556265,65810400
2013-07-24,26.073518753051758,26.261156348467264,26.01641179410338,26.13878562733325,52803100
2013-07-25,25.608503341674805,25.820616016399878,25.494289422995127,25.796142494424483,63213000
2013-07-26,25.796144485473633,25.796144485473633,25.46165795086283,25.50244975071686,38633600
2013-07-29,25.730878829956055,25.77982743310164,25.61666334788564,25.673770310896828,28870700
2013-07-30,25.983774185180664,26.204043613133077,25.73902812872036,25.92666723882087,45799500
2013-07-31,25.975616455078125,26.14693729829539,25.869559361236142,26.081671992872486,43898400
2013-08-01,25.83693504333496,26.17957838603344,25.779828078893228,26.1551048618716,42557900
2013-08-02,26.016408920288086,26.024567278672087,25.755347676191082,25.853246420751336,29199900
2013-08-05,25.86140251159668,26.10614701746638,25.812452365584644,26.024564996827273,30984000
2013-08-06,25.76350212097168,25.836925779226515,25.6003380901726,25.73902704953756,36331500
2013-08-07,26.15509796142578,26.187728281000727,25.4942849745316,25.730872685998133,38078600
2013-08-08,26.83222007751465,26.979067383447298,26.14693368719389,26.301940905731026,59034400
2013-08-09,26.67721939086914,26.84038343083222,26.48958183414492,26.734326338041935,26800700
2013-08-12,26.815902709960938,26.897486273540714,26.481417879520713,26.481417879520713,25493700
2013-08-13,26.47907066345215,26.741971521406853,26.4626389680768,26.709108130656155,39464100
2013-08-14,26.57765007019043,27.407433211242264,26.043634226943016,26.405122019327013,48519600
2013-08-15,26.11758804321289,26.437998332693798,25.337099592359415,26.29011617846783,33338000
2013-08-16,26.12579917907715,26.281897163850733,26.010780436092844,26.117584897732137,32866300
2013-08-19,25.788957595825195,26.265465838223246,25.78074174735126,26.09293772130925,27902500
2013-08-20,25.977920532226562,26.20795803521959,25.772529009118237,25.830038384866494,22979600
2013-08-21,25.96969985961914,26.29832435513782,25.91219049455274,25.96969985961914,37409100
2013-08-22,26.610511779785156,26.692670227909638,26.372256981260673,26.446198017560533,31169900
2013-08-23,28.54941177368164,28.919117013383204,27.933237418853977,28.89446790805321,225493800
2013-08-26,28.05647850036621,28.48369003725002,27.95788832967728,28.2618699882634,72786800
2013-08-27,27.325288772583008,28.01540446400857,27.23491912865652,27.53889772665762,58522300
2013-08-28,27.12810707092285,27.60461367511848,27.11167537642986,27.43208558397999,44257400
2013-08-29,27.56353759765625,27.60461526924827,26.94736312169959,27.054167575059203,45284700
2013-08-30,27.4403076171875,27.506031272197266,27.185621010713394,27.415658504286267,42790200
2013-09-03,26.19152069091797,26.347618653592317,25.70679824253075,26.084717811411917,154507000
2013-09-04,25.63286018371582,25.854681815874734,25.558919117325246,25.78895659764009,142320600
2013-09-05,25.65749740600586,25.830027024382137,25.427460004187186,25.550694550448945,71644900
2013-09-06,25.591773986816406,25.788949587925885,25.575342294970856,25.72322438755606,75434900
2013-09-09,26.010774612426758,26.117579050153136,25.632855074656483,25.649285200680737,49628500
2013-09-10,26.610511779785156,26.618729191609773,26.11757362713563,26.20794478604822,56881200
2013-09-11,26.8980770111084,27.05417345066919,26.725545738510945,26.758409136531995,39087500
2013-09-12,26.856992721557617,26.930933790524723,26.77483737116116,26.881641833897138,32860200
2013-09-13,27.13631820678711,27.169181591965106,26.709103601547866,26.922712471179942,40899000
2013-09-16,26.947357177734375,27.52245385524596,26.889847823385693,27.42386683836604,52839700
2013-09-17,27.054168701171875,27.49781509449328,27.02952272399588,27.456734287165844,84716500
2013-09-18,27.374574661254883,27.44030143548363,26.972009138191627,27.103459552624027,64099900
2013-09-19,27.637489318847656,27.670352722405603,27.374588358437407,27.50603883864253,42026600
2013-09-20,26.939149856567383,27.506029267569073,26.856991376260606,27.448519898367113,102904900
2013-09-23,26.8980770111084,27.087036848690243,26.700899757008223,26.733763155029273,39826100
2013-09-24,26.659818649291992,27.004874882076574,26.41334946387076,27.004874882076574,40685000
2013-09-25,26.7091064453125,26.947361312183027,26.61873682748856,26.692677884999235,28907500
2013-09-26,26.922714233398438,27.111674009502867,26.774832124442774,26.815909791591544,28504000
2013-09-27,27.33349609375,27.727847324053542,27.004868501484555,27.013085915004936,55348000
2013-09-30,27.34171485900879,27.36636396958895,26.86520821947428,27.111677387097338,39839500
2013-10-01,27.588176727294922,27.612822694528905,27.358136208355237,27.39921386508665,36718700
2013-10-02,27.86751365661621,27.9578864065185,27.349929399217004,27.40743876115025,46946800
2013-10-03,27.818220138549805,27.933238855924316,27.456729159344196,27.834651831606877,38703800
2013-10-04,27.834653854370117,27.925026605738967,27.621044963130064,27.678554325996565,33008100
2013-10-07,27.358142852783203,27.69498473422794,27.275987519367444,27.60461198705556,35069300
2013-10-08,27.11988639831543,27.38279034459112,26.947358327905516,27.366358652072332,41017600
2013-10-09,27.169178009033203,27.399215406893216,27.078805278724055,27.169178009033203,35878600
2013-10-10,27.736066818237305,27.842871275907747,27.32528381768623,27.3663646249618,42875100
2013-10-11,28.040042877197266,28.048257156591266,27.67033762396826,27.67033762396826,30033300
2013-10-14,28.302936553955078,28.344014208612005,27.752485952674977,27.85107608468059,27757900
2013-10-15,28.335811614990234,28.746594598985872,28.319379919547355,28.48369060592525,47097800
2013-10-16,28.459026336669922,28.672635106096877,28.39330273117016,28.426162966908322,35111600
2013-10-17,28.689083099365234,28.74659560243561,28.237222428002145,28.30294921206797,31359200
2013-10-18,28.72194480895996,28.74659391855356,28.20436051787501,28.60692607760775,41811700
2013-10-21,28.7465877532959,28.91911581332226,28.6808609871765,28.73837034051862,27433500
2013-10-22,28.409757614135742,28.83696923378389,28.360462519241263,28.77124557461725,40438500
2013-10-23,27.736066818237305,28.33581275698438,27.66212575277709,28.220790884248597,58600500
2013-10-24,27.703201293945312,28.015394058520926,27.57996516359574,27.78535662482837,53209700
2013-10-25,29.354536056518555,29.8146138822834,29.14093039735646,29.47777213981993,113494000
2013-10-28,29.22309684753418,29.354547257335422,28.97662772090997,29.255960233490736,38383600
2013-10-29,29.18201446533203,29.34632823453135,28.96840562516558,29.27238719509288,31702200
2013-10-30,29.19845962524414,29.403851147986668,29.10808685379328,29.190242209279923,36997700
2013-10-31,29.091644287109375,29.321681703749604,29.03413493294932,29.29703573311665,41682300
2013-11-01,29.19023323059082,29.321683639351875,29.075214514678013,29.305251946503624,40264600
2013-11-04,29.527084350585938,29.55994774657947,29.206674074713845,29.23953747070738,28060700
2013-11-05,30.10218048095703,30.159689855474266,29.387418873367213,29.40385057094726,51681900
2013-11-06,31.367395401000977,31.400258798688746,30.447242203926074,30.595124359494946,88948800
2013-11-07,30.8087158203125,31.22771297649791,30.751206468169887,31.186635315542418,60437400
2013-11-08,31.038768768310547,31.038768768310547,30.67728078329033,30.94839598854894,36737800
2013-11-11,30.882667541503906,31.038763960715862,30.68549031310789,30.96482289182057,26872500
2013-11-12,30.693693161010742,30.890867161800212,30.56224278247635,30.71012485008057,31651600
2013-11-13,31.3509521484375,31.3509521484375,30.315780574971733,30.381504212100143,44957600
2013-11-14,31.235944747924805,31.326317523985036,30.98947553486804,31.11270857438338,46183700
2013-11-15,31.088062286376953,31.235944439556302,30.98947522893274,31.178435061545006,50601300
2013-11-18,30.562257766723633,30.87445374406722,30.455453302417133,30.685490794130423,53277500
2013-11-19,30.413246154785156,30.818864689497307,30.355297492033092,30.504301121296834,44275000
2013-11-20,30.694692611694336,30.96786378683912,30.512576389735997,30.562242153693564,32229900
2013-11-21,30.959590911865234,31.067202185161612,30.843696747264893,30.85197648077575,23064700
2013-11-22,31.100318908691406,31.191377042571446,30.901649487310888,31.06720628586348,27982000
2013-11-25,31.15826416015625,31.414882248244453,31.100318649586896,31.398325936968423,30646800
2013-11-26,30.9182071685791,31.166548718362048,30.918207168579098,31.100323463008202,34465300
2013-11-27,31.125141143798828,31.257588431984644,31.034086198877432,31.100308264074123,26002100
2013-11-29,31.563884735107422,31.696332062667913,31.307266656424364,31.307266656424364,22090400
2013-12-02,31.828771591186523,32.10194275580998,31.505931506725798,31.530764387748132,42950400
2013-12-03,31.712890625,31.86189427380921,31.5224977754757,31.572163553216367,52109800
2013-12-04,32.234413146972656,32.26752578392281,31.555619878468903,31.63012173270931,51983600
2013-12-05,31.45627212524414,32.1847340481162,30.77747913727025,32.15989800177034,116305000
2013-12-06,31.75425910949707,31.911539232723598,31.44797543467003,31.803924854836215,36457300
2013-12-09,32.04400634765625,32.17645368031853,31.762555371024717,31.919838749544205,30286000
2013-12-10,31.547319412231445,32.20127928677752,31.47281761439971,31.961217587342762,37828600
2013-12-11,31.133441925048828,31.70462064944095,30.95132559649138,31.505951161736984,39853400
2013-12-12,30.810606002807617,31.158279234426878,30.777493364235777,31.158279234426878,36012800
2013-12-13,30.371856689453125,31.000983885671296,30.313911178984803,30.97614783990381,40066100
2013-12-16,30.53740119934082,30.628459286249345,30.247673793533597,30.40495393414439,31734200
2013-12-17,30.23112678527832,30.719526817935666,30.073846596311427,30.57879977913972,45687700
2013-12-18,30.280792236328125,30.29734538460063,29.41160353577436,30.098676027405624,63192100
2013-12-19,30.00761604309082,30.255954302923456,29.866892187042836,30.222841692867828,34160100
2013-12-20,30.462923049926758,30.570537523201377,29.957966472785472,29.96624620954201,62649100
2013-12-23,30.31392478942871,30.53743035492541,30.255979252943817,30.47120823799763,25128700
2013-12-24,30.694692611694336,30.769191257630688,30.330460167777662,30.396685396778047,14243000
2013-12-26,30.99271011352539,31.034102478503097,30.76920460538098,30.794040655926423,17612800
2013-12-27,30.868541717529297,31.141713004322945,30.769203833427955,31.10860353408318,14563000
2013-12-30,30.868541717529297,30.943043551708293,30.545701488684976,30.81059619736719,16290500
2013-12-31,30.96786880493164,31.108595860464778,30.810588597258825,30.9595922288618,17503500
2014-01-02,30.76091957092285,30.959592131701072,30.71125064127999,30.918199778102075,30632200
2014-01-03,30.553970336914062,30.81058840256275,30.29735227126537,30.794032092734458,31134800
2014-01-06,29.908287048339844,30.537410969864748,29.891730740169073,30.5042983535232,43603700
2014-01-07,30.140085220336914,30.206310488556536,29.974525207582452,30.073863109911887,35802800
2014-01-08,29.60200309753418,29.91656666921757,29.45300262441386,29.80067565801664,59971700
2014-01-09,29.41160774230957,29.726171286949384,29.303996474184935,29.701338403196463,36516300
2014-01-10,29.83379554748535,29.924853694987043,29.593733732761624,29.717904508044654,40548800
2014-01-13,28.956323623657227,29.817232813851696,28.832156032901857,29.792399927259286,45901900
2014-01-14,29.61856460571289,29.70134616952333,28.666600305346172,28.749378711362837,41623300
2014-01-15,30.429790496826172,30.454626533041882,29.676495992656584,29.71788833375201,44812600
2014-01-16,30.53740119934082,30.628459286249345,30.05728104717572,30.371841328397313,38018700
2014-01-17,30.115251541137695,30.487760770707315,29.924858636645336,30.487760770707315,46267500
2014-01-21,29.9414005279541,30.479469563490607,29.85034555747571,30.479469563490607,31567300
2014-01-22,29.74271583557129,30.06555582788514,29.593712276381556,30.015886922224663,21904300
2014-01-23,29.850339889526367,29.908285386006956,29.40332906713949,29.87517277150584,43954000
2014-01-24,30.471181869506836,31.083749341626763,30.239396766349522,31.00097097765126,76395500
2014-01-27,29.82551383972168,30.537419500982715,29.784124636628455,30.520863188186667,44420800
2014-01-28,30.0241756439209,30.12351032719962,29.593721139322902,29.90000492147801,36205500
2014-01-29,30.34701919555664,30.529135433841212,29.717895252617314,29.78411732976161,52745900
2014-01-30,30.512582778930664,30.529139089647575,29.991070043624784,30.454637270318166,35036300
2014-01-31,31.323820114135742,31.36520930814243,30.26424159015768,30.58708172432018,93162300
2014-02-03,30.198017120361328,31.447991652539585,30.156627925303603,31.241042519457785,64063100
2014-02-04,30.09040641784668,30.78575571752871,30.007628017467642,30.603642605136113,54697900
2014-02-05,29.651674270629883,30.18974332939536,29.63511795952088,30.040739687207797,55814400
2014-02-06,29.949687957763672,30.007633480136263,29.544066143361373,29.63512429503092,35351800
2014-02-07,30.264253616333008,30.289086511046307,29.80896282796023,30.06558098524358,33260500
2014-02-10,30.462923049926758,30.462923049926758,30.040748051379158,30.322199103009005,26767000
2014-02-11,30.76920509338379,30.843706930613536,30.512590110099005,30.529146424793854,32141400
2014-02-12,31.017553329467773,31.125164661445744,30.876826203181064,30.91821541992604,27051800
2014-02-13,31.133441925048828,31.340391150120627,30.901659803462675,30.901659803462675,37635500
2014-02-14,31.14171600341797,31.274163370514383,30.901657321539307,30.951323110579015,31407500
2014-02-18,31.208436965942383,31.508678999764328,31.200098323435633,31.38358027332097,32834000
2014-02-19,31.283483505249023,31.483645832242196,31.03328298261175,31.041624802867272,29750400
2014-02-20,31.483627319335938,31.583706833247945,31.191727411479917,31.33350645773273,27526100
2014-02-21,31.675472259521484,31.98405285573595,31.575392668054896,31.642111335208337,38021300
2014-02-24,31.43362045288086,31.67548245982757,31.30852171863089,31.43362045288086,32085100
2014-02-25,31.308521270751953,31.567060560054397,31.15005842223876,31.366901315528235,30736500
2014-02-26,31.250133514404297,31.47531499503374,31.0166102114517,31.341874471120704,41041800
2014-02-27,31.575403213500977,31.600422324355208,31.049979615244727,31.233461578772857,33903400
2014-02-28,31.95069122314453,32.075789901879745,31.542027903742245,31.67546840327662,41215000
2014-03-03,31.508676528930664,31.800579897355504,31.26681773751668,31.62543660371123,29717500
2014-03-04,32.034088134765625,32.0924681504468,31.75052669511183,31.858948087722112,26802400
2014-03-05,31.78388786315918,31.917328354547884,31.633766912662857,31.90064789544026,20520100
2014-03-06,31.817251205444336,31.89231168641115,31.600408401996862,31.808909384518852,23582200
2014-03-07,31.608745574951172,31.992386562824972,31.43360235746788,31.925664731122374,26591600
2014-03-10,31.54201889038086,31.700478444086816,31.45861979505595,31.683801170199075,19006600
2014-03-11,31.708831787109375,31.88397185982946,31.458631228727437,31.58372991718205,25216400
2014-03-12,31.91732406616211,32.05076453962186,31.517002645782863,31.52534128348017,30494100
2014-03-13,31.600421905517578,32.06746545127441,31.391920833898727,32.04244315927791,32169700
2014-03-14,31.44194984436035,31.808910440450603,31.283487056240887,31.40025028276619,27195600
2014-03-17,31.73383903503418,32.034080865532914,31.516999480491492,31.608740393307386,20479600
2014-03-18,32.9848518371582,33.27675509536413,31.87562836409792,31.908986100387324,64063900
2014-03-19,32.7513427734375,32.98486291323885,32.45110077570817,32.91814423678416,35597200
2014-03-20,33.63539123535156,33.902272327390534,32.726326521383314,32.73466516361484,59269800
2014-03-21,33.49359893798828,34.1441210093317,33.36849707128103,33.96064230135972,80721800
2014-03-24,33.77714920043945,33.89390920715861,33.243387351739564,33.64370873826448,46098400
2014-03-25,33.64373016357422,34.18583417596547,33.326807671031325,33.91061125788183,43193100
2014-03-26,33.18502426147461,33.95230651466623,33.0265614446179,33.760485951368324,41977500
2014-03-27,32.826393127441406,33.33513600175207,32.80971266811473,33.14331549170371,35369200
2014-03-28,33.6103515625,33.89391297381819,33.09327011179223,33.185011036258686,43472700
2014-03-31,34.185829162597656,34.61116985006351,33.69376662060289,33.71878572531467,46886300
2014-04-01,34.5444450378418,34.68622737583978,34.252544902953105,34.3192667517693,32605000
2014-04-02,34.486053466796875,34.74459577220434,34.335932538685675,34.56111393085247,28666700
2014-04-03,34.20248794555664,34.43601112862834,33.95228748934614,34.43601112862834,30139600
2014-04-04,33.251747131347656,34.519433918784976,33.05992654384691,34.4026738378257,51409600
2014-04-07,33.193359375,33.58534228265193,33.14332116991957,33.32679989100257,37559600
2014-04-08,33.21004104614258,33.30178200076019,32.69295942549319,33.151661017108275,35918600
2014-04-09,33.75214767456055,33.8188663496365,33.26008511766661,33.30178468727324,27398700
2014-04-10,32.826393127441406,33.935616630151,32.60121169873969,33.727115660775965,45960800
2014-04-11,32.70130920410156,33.18503324539529,32.52616905734654,32.52616905734654,34330200
2014-04-14,32.67627716064453,32.86809769996042,32.44275705738567,32.61789713482982,32006600
2014-04-15,33.15166473388672,33.32680484062535,32.56786119661795,32.80972316200368,33968700
2014-04-16,33.69375228881836,33.7104295638837,33.28508905733829,33.41019089063082,30615800
2014-04-17,33.368492126464844,33.52695489167474,32.95149020786559,33.368492126464844,36688400
2014-04-21,33.31012725830078,33.48527056166796,33.18502853472263,33.46859009556282,22221200
2014-04-22,33.35181427001953,33.47691293454277,33.21837378564482,33.3267919919372,27056700
2014-04-23,33.10161590576172,33.351819638022896,32.918137198635506,33.351819638022896,24602800
2014-04-24,33.2433967590332,33.33513769926548,32.77635341852,33.14331717944911,42381600
2014-04-25,33.28509521484375,33.927278593699334,33.151654719333,33.602017584733915,56876800
2014-04-28,34.08574295043945,34.436026288517716,33.4352208416163,33.476920405763686,50610200
2014-04-29,33.78549575805664,34.352618650623675,33.68541618333079,34.2775581742112,29636200
2014-04-30,33.69375228881836,33.777151390032195,33.50192862937733,33.69375228881836,35458700
2014-05-01,33.36015319824219,33.66039508606191,33.318453643038815,33.56031551727938,28787400
2014-05-02,33.10161590576172,33.64371975036411,33.07659680512465,33.61870064972704,43416600
2014-05-05,32.8847770690918,33.059917140716145,32.77635566126462,32.95983755428404,22460900
2014-05-06,32.576194763183594,32.81805348579642,32.484453821532426,32.768015285966705,27112400
2014-05-07,32.876426696777344,32.95148716244691,32.11748340232809,32.70962848993107,41744500
2014-05-08,33.05990219116211,33.276744908761074,32.501121306332585,32.80970174748514,32120400
2014-05-09,32.97651290893555,33.23505206563777,32.834730600429516,32.97651290893555,29647600
2014-05-12,33.33515167236328,33.37685124954649,33.06827056062216,33.143331072141464,22782600
2014-05-13,33.94825744628906,34.015449996508075,33.469521739688616,33.528313619171676,27004800
2014-05-14,33.797088623046875,33.973464303281474,33.6375078804288,33.847479843732245,18818700
2014-05-15,33.25954818725586,33.93146084066869,33.18395817394276,33.67109452727537,37793200
2014-05-16,33.45272445678711,33.461121923016194,32.982386250035624,33.31833936578647,29867100
2014-05-19,33.385520935058594,33.444312791083796,33.141952843573705,33.2679372230082,24537400
2014-05-20,33.32674026489258,33.54510963143502,33.14196396741418,33.32674026489258,21320900
2014-05-21,33.88947296142578,33.88947296142578,33.37714407184376,33.42753529158615,22398700
2014-05-22,33.67948532104492,33.88945718265721,33.46951345943263,33.839065986376724,20201800
2014-05-23,33.696285247802734,33.90625712058999,33.595499645961475,33.90625712058999,18020000
2014-05-27,33.75508499145508,33.81387687323925,33.43592997717452,33.81387687323925,26160600
2014-05-28,33.603904724121094,33.75508476309111,33.44432721806041,33.71309101980327,25711500
2014-05-29,33.88106918334961,33.88946665043693,33.519917224167294,33.72149167735261,19888200
2014-05-30,34.38499069213867,34.41018949403984,33.805469511073014,33.97344764011005,34567600
2014-06-02,34.25901412963867,34.51097975529831,34.1666259859829,34.3933960102516,18504300
2014-06-03,33.83906936645508,34.166624990662136,33.80547309630136,34.099432450354705,18068900
2014-06-04,33.86427307128906,33.90626681707254,33.477925483813145,33.77188490821494,23209000
2014-06-05,34.61177062988281,34.64536690612586,33.93146365750592,34.09104116378454,31865200
2014-06-06,34.838531494140625,34.989711493418014,34.636960297715035,34.838531494140625,24060500
2014-06-09,34.66214370727539,34.83851924310406,34.45217191588451,34.76292927004673,15019200
2014-06-10,34.52778244018555,34.56977618267572,34.31781052381752,34.460589889067535,15117700
2014-06-11,34.317813873291016,34.49418953131458,34.24222384786413,34.37660575929887,18040000
2014-06-12,34.0826416015625,34.334607250062106,33.83907341964883,34.27581537220943,29818900
2014-06-13,34.62856674194336,34.914128665467025,34.31780921467019,34.519380452500386,26310000
2014-06-16,34.8553352355957,34.94772338378664,34.46898771035807,34.46898771035807,24205300
2014-06-17,35.00651550292969,35.19968926689348,33.88106598824552,34.67895985082078,22518600
2014-06-18,34.981319427490234,35.056909438795365,34.58657123468379,34.947723154928646,27097000
2014-06-19,34.86374282836914,35.08211546096121,34.712565964774896,34.914137252179124,19828200
2014-06-20,35.00651550292969,35.13249992477939,34.75454986314722,34.813341738965896,47764900
2014-06-23,35.266876220703125,35.27527368566696,35.014907416958074,35.04850368464627,18743900
2014-06-24,35.0653076171875,35.224885109220885,34.90573012515412,35.132500163675424,26509100
2014-06-25,35.300472259521484,35.317270394781296,34.82173661832538,35.02331103752639,20049100
2014-06-26,35.04011154174805,35.22488463426453,34.79654336988892,35.21648716802524,23604400
2014-06-27,35.485260009765625,35.51885629114116,34.86374161998912,34.947732323427964,74640000
2014-06-30,35.023319244384766,35.45166058017276,35.023319244384766,35.418064301780674,30793100
2014-07-01,35.16609191894531,35.40126261894843,35.01491189891361,35.1576944529066,26917000
2014-07-02,35.191287994384766,35.191287994384766,34.88052730847788,35.048505451470355,20208100
2014-07-03,35.10729217529297,35.26687282950873,34.90572099637934,35.199680300593435,15969300
2014-07-07,35.266876220703125,35.37605928481512,35.03170555080217,35.065301818490376,21952400
2014-07-08,35.09050750732422,35.27528382882399,34.94772813446883,35.16609752939982,31218200
2014-07-09,34.99811553955078,35.26688252518605,34.880531785538665,35.25848185480404,18445900
2014-07-10,35.01490783691406,35.275274108745684,34.47738036312172,34.74614410001789,21854700
2014-07-11,35.35087966918945,35.35087966918945,34.83854756901139,35.02332392092292,24083000
2014-07-14,35.39286804199219,35.65323438885124,35.30888055147889,35.46006059753674,21881100
2014-07-15,35.653228759765625,35.6700268959996,35.30047430668591,35.552443146278655,28748700
2014-07-16,37.022239685058594,37.21541341070323,35.678417866259494,35.7036134640647,63318000
2014-07-17,37.40019226074219,38.391259844193975,37.16502476769153,38.17289048692076,82180300
2014-07-18,37.534576416015625,37.66056084001728,37.16502701828349,37.50098334634325,43407500
2014-07-21,37.66056442260742,37.92932822905551,37.139834948103925,37.425396892944676,37604400
2014-07-22,37.65216827392578,37.920932089785815,37.45059381007206,37.79494764938755,43095800
2014-07-23,37.685760498046875,38.172896905755216,37.47578857139686,38.172896905755216,52362900
2014-07-24,37.29100799560547,37.794939237201476,37.2238154546371,37.7361473658125,30725300
2014-07-25,37.375,37.509381894315226,37.207021831126696,37.207021831126696,26737700
2014-07-28,36.92985534667969,37.38339217332621,36.89625907687872,37.257410967447534,29684200
2014-07-29,36.862674713134766,37.03065291247725,36.65270276493608,36.87947285346078,27763100
2014-07-30,36.60231018066406,37.039048997156215,36.35874196091139,37.01385338956716,31921400
2014-07-31,36.24955749511719,36.694697006015865,36.18236813682952,36.43433383726428,31537500
2014-08-01,35.99757766723633,36.32513326964231,35.77920512968804,36.291537001724656,31170300
2014-08-04,36.42591857910156,36.509909248226144,35.95558364766962,36.08996551435252,34277400
2014-08-05,36.1823616027832,36.501516603870556,35.97238968968604,36.375535378362535,26266400
2014-08-06,35.89678955078125,36.257938191869364,35.45164704187113,35.89678955078125,24634000
2014-08-07,36.30834197998047,36.49311828444233,35.82120881901338,35.980786315828674,30314900
2014-08-08,36.28314971923828,36.38393534735935,36.039581514354786,36.30834532528921,28942700
2014-08-11,36.28314971923828,36.493121646775634,36.131969675098,36.33354093134014,20351600
2014-08-12,36.551918029785156,36.61070992041962,36.11517598227358,36.14877226375548,21431100
2014-08-13,37.022239685058594,37.10622714702016,36.55190156789146,36.68628342937974,22889500
2014-08-14,37.18181610107422,37.30779729048167,36.96344357983535,37.02223864625829,19313200
2014-08-15,37.618560791015625,37.71094892593358,37.291005188245755,37.442185190126686,41611300
2014-08-18,37.887332916259766,37.887332916259766,37.526180965564606,37.74455034779283,26891100
2014-08-19,38.30989074707031,38.318340660816595,37.887324133353296,38.00564226936567,28139500
2014-08-20,37.9887580871582,38.36906887319134,37.946502049583195,38.318359693743915,24770500
2014-08-21,38.21693801879883,38.24229099221943,37.88733646861709,37.89578638511447,22285500
2014-08-22,38.15776824951172,38.4282106367178,38.09015604074642,38.326792323569855,18294500
2014-08-25,38.17467498779297,38.40286139778866,38.06480996455397,38.36905851121489,16910000
2014-08-26,38.039459228515625,38.369064017316546,37.9803001386118,38.29300186973612,14873100
2014-08-27,37.9211311340332,38.030999368241226,37.82816595308239,37.946487325882906,21287900
2014-08-28,37.92960739135742,38.014119485227276,37.70142086919313,37.81973909018282,17657600
2014-08-29,38.39440155029297,38.40285146376856,37.91267588400165,38.1070561332133,21607600
2014-09-02,38.1070556640625,38.4197540416465,37.90422227994512,38.39440107760455,22976800
2014-09-03,37.997188568115234,38.12395983992102,37.633781027794484,37.633781027794484,33684500
2014-09-04,38.250736236572266,38.2591893759656,37.7943666511024,37.811269705960996,26475500
2014-09-05,38.80006408691406,38.81696713735138,38.12395818905745,38.12395818905745,36939400
2014-09-08,39.27336502075195,39.552257472055686,38.86770122180971,38.8930542017657,45736700
2014-09-09,39.518436431884766,39.69591689636837,39.231090946444745,39.27335019565822,40302400
2014-09-10,39.5860481262207,39.670560175670126,39.11277226709108,39.569145071545215,27302400
2014-09-11,39.72127914428711,39.72127914428711,39.273359368572585,39.50154582712399,29216400
2014-09-12,39.467735290527344,39.73817775395434,39.38322000575112,39.645212552664724,38244700
2014-09-15,39.0789680480957,39.47617853566677,38.960646669404994,39.33250741171994,37667600
2014-09-16,39.518436431884766,39.59449856696972,39.12122592548832,39.20573797605912,27910600
2014-09-17,39.31559753417969,39.4592686331916,39.07050812817746,39.09586109296136,38311900
2014-09-18,39.45082092285156,39.5775922017058,39.264890573579365,39.37475880032453,35556600
2014-09-19,40.16074752807617,40.20300356167974,39.38322296926985,39.5607034686908,202522400
2014-09-22,39.77198028564453,40.042422724713056,39.704368063913314,39.97481050298184,38686100
2014-09-23,39.349403381347656,39.704357781729975,39.273341263561825,39.59448956183326,33430300
2014-09-24,39.78887939453125,39.81423236320168,39.16347930126183,39.40856874483551,26582700
2014-09-25,38.909950256347656,39.79733985823296,38.901497115264995,39.619862582641645,33077400
2014-09-26,39.22264862060547,39.40012589550314,38.67331051381323,38.8169848962985,27078800
2014-09-29,39.24799728393555,39.34941562181654,38.673306264989975,38.85923666051011,26091000
2014-09-30,39.180381774902344,39.28179687201034,38.88458317443962,39.18883168969142,33033100
2014-10-01,38.79161834716797,39.32404998555419,38.749359104564476,39.104316754082866,38088400
2014-10-02,38.67329788208008,38.96064332926723,38.571882790110394,38.732460178317346,25119400
2014-10-03,38.95219802856445,39.12967526651445,38.546534388709595,38.85923283994454,32453200
2014-10-06,38.95219802856445,39.12967526651445,38.808523675989676,38.97755099857787,20604000
2014-10-07,38.47892761230469,38.81698230529327,38.3859624105364,38.75782321760954,25723700
2014-10-08,39.535343170166016,39.62830836881201,38.31835211935173,38.436670290745404,33031000
2014-10-09,38.749359130859375,39.552236381956966,38.6563971792803,39.29869704580183,34422800
2014-10-10,37.211212158203125,38.977540598920534,37.14360318156352,38.538070967018,51978100
2014-10-13,36.890079498291016,37.65915087379973,36.75485826382558,37.0337506494418,37100200
2014-10-14,36.95768356323242,37.507021568275135,36.81401243128691,37.0760017245824,38115700
2014-10-15,36.52667236328125,36.670343516544634,35.58012048417625,36.3407419541841,60218700
2014-10-16,36.121009826660156,36.408355366444745,35.68153998793498,35.94352932861035,49040400
2014-10-17,36.873165130615234,37.13515437857031,36.16325306144614,36.509757569973466,40683300
2014-10-20,37.253475189208984,37.30418112087051,36.180155575364246,36.39143888776059,34527900
2014-10-21,37.92960739135742,38.014119485227276,37.34646298229433,37.49013741058876,36433800
2014-10-22,37.50701904296875,38.09015989490058,37.380247750670236,38.03100081820871,33570900
2014-10-23,38.04789352416992,38.411301024399464,37.633776876026836,37.70983898593365,45451900
2014-10-24,38.98600769042969,39.636760846140284,38.18313025292035,39.5776017614328,61076700
2014-10-27,38.80006408691406,38.96063823017775,38.6310368064681,38.6310368064681,30371300
2014-10-28,39.290252685546875,39.29870260091121,38.68175561361773,38.757817747608875,29049800
2014-10-29,39.400108337402344,39.4677205399541,39.16347207632572,39.24798410558815,30276100
2014-10-30,38.918392181396484,39.146578584838295,38.68175586253596,39.146578584838295,30073900
2014-10-31,39.67901611328125,39.6959191691488,39.28180236021434,39.67056297338334,35849700
2014-11-03,40.09312438964844,40.1100274432779,39.49308049347783,39.62830169858568,23130400
2014-11-04,40.202999114990234,40.33822034192262,39.93255666112545,39.97481269005526,21530800
2014-11-05,40.44806671142578,40.48187280584982,39.94098496684502,40.397357569789726,22449600
2014-11-06,41.157989501953125,41.29321069162327,40.38891838121777,40.44807745020299,33037800
2014-11-07,41.14108657836914,41.34391675154225,40.81148512901723,41.34391675154225,28000600
2014-11-10,41.318572998046875,41.538309495891085,41.031227502047045,41.11574277965182,36370100
2014-11-11,41.30166244506836,41.36927465487858,41.11573531594546,41.284759392615804,23445200
2014-11-12,41.22561264038086,41.34393081897798,41.005879340690285,41.03968545569763,22722100
2014-11-13,41.92707061767578,41.96087672913421,41.166449229502135,41.25096450814823,26210400
2014-11-14,41.90171432495117,42.2989248193564,41.74113692021495,42.03693553613916,29081700
2014-11-17,41.80029296875,42.01157629741201,41.529850565976844,41.75803694780315,30318600
2014-11-18,41.45159912109375,41.95337279701182,41.4175797969695,41.783279420651894,23995500
2014-11-19,41.009376525878906,41.46012142318741,40.76274117878969,41.383579530789476,26177500
2014-11-20,41.417579650878906,41.417579650878906,40.7116932769665,40.82225445784967,21510600
2014-11-21,40.80526351928711,41.71525976625297,40.45657339890077,41.689746883673884,42884800
2014-11-24,40.47357177734375,40.82226180045214,40.30347837098949,40.813758590052274,35434200
2014-11-25,40.371517181396484,40.79674907673283,40.3545075162716,40.53310413369001,28008000
2014-11-26,40.60964584350586,40.81375857993274,40.20992682531173,40.38852668628346,27163600
2014-11-28,40.660675048828125,40.99235540850691,40.49058164163693,40.77973946058339,21534400
2014-12-01,41.34955978393555,41.485633897496434,40.57563765475872,40.72021822531497,31191600
2014-12-02,41.213462829589844,41.7152364535585,40.99234373419767,41.53663988678855,25773500
2014-12-03,40.890289306640625,41.24748244271369,40.66066375733894,41.196453461448534,23534800
2014-12-04,41.536651611328125,41.72375468319264,40.99235530509887,41.15394225717884,30320400
2014-12-05,41.179466247558594,41.647224053473614,41.145450152434314,41.51965315290356,27313400
2014-12-08,40.56712341308594,41.119922929773075,40.35450746568429,41.043381058938,26663100
2014-12-09,40.47357177734375,40.75422314020568,40.014320553465815,40.06534954865066,24330500
2014-12-10,39.886756896972656,40.53310801225727,39.71666347370969,40.46507258950941,30431800
2014-12-11,40.116371154785156,40.60113844830072,39.6996457587479,40.03983253630862,29060400
2014-12-12,39.92927932739258,40.5926401075303,39.691147237801395,39.78469878254126,34248400
2014-12-15,39.69114303588867,40.54160681547158,39.58908829073204,40.14189104516567,29247800
2014-12-16,38.406944274902344,39.4104917974529,38.3814313995998,39.0362889012141,47801400
2014-12-17,38.900211334228516,39.078807933839634,38.185821691522484,38.31338930084689,34970900
2014-12-18,40.4140510559082,40.4140510559082,39.4105032419357,39.61461603641435,40105600
2014-12-19,40.53310012817383,40.90730299115648,40.11637148445046,40.50758725513866,64551200
2014-12-22,40.80526351928711,40.92432796367325,40.57563784328692,40.63517006547999,26566000
2014-12-23,41.20497131347656,41.502632342554435,40.932823159959106,41.13693265296625,23648100
2014-12-24,40.94132995605469,41.366561888700474,40.89030420046499,41.366561888700474,11437800
2014-12-26,40.72019577026367,41.170940414572826,40.6691667892196,41.170940414572826,13197800
2014-12-29,40.35449981689453,40.63515112725388,40.19290965116946,40.56711572399696,14439500
2014-12-30,39.98879623413086,40.49907306290227,39.83571253664724,40.34598936541865,16384700
2014-12-31,39.50404739379883,40.34600480795919,39.50404739379883,39.74217623913514,21552500
2015-01-02,39.7676887512207,40.32899477025131,39.580588907718614,39.68264366274359,27913900
2015-01-05,39.4019775390625,39.742161010004885,39.33393889831745,39.43599361517407,39673900
2015-01-06,38.82366943359375,39.75917821145271,38.73011790695554,39.44450754897456,36447900
2015-01-07,39.31693649291992,39.51254275476391,38.687595171206475,39.10432056775103,29114100
2015-01-08,40.47357177734375,40.60964585357478,39.733669190603884,39.759182066065364,29645200
2015-01-09,40.13339614868164,40.66918939251638,39.886764047213525,40.49059272599239,23944200
2015-01-12,39.63161087036133,40.43104890029368,39.42750137984462,40.32899091077347,23651900
2015-01-13,39.4275016784668,40.745719899265985,39.17236319125758,39.946285107540604,35270600
2015-01-14,39.08730697631836,39.32543899467412,38.79814921737733,39.08730697631836,29719600
2015-01-15,38.6790885925293,39.4445072183706,38.61955639321514,39.30843315647232,32750800
2015-01-16,39.32544708251953,39.3594631684852,38.41544784237261,38.53451549816908,35695300
2015-01-20,39.45302200317383,39.67414444629811,38.755641825804936,39.37648011813273,36161900
2015-01-21,39.05329513549805,39.240398204855296,38.679092241045396,39.07030480037251,39081100
2015-01-22,40.082359313964844,40.090862524385976,39.189372983698824,39.444511471737414,35898000
2015-01-23,40.12488555908203,40.303482192771604,39.80170838078981,40.27796931489086,26211600
2015-01-26,39.98030090332031,40.082358892873074,39.3254466471303,39.97179769298851,42525500
2015-01-27,36.28079605102539,36.74004741421552,35.813041474855986,36.52743140284189,169164000
2015-01-28,35.03060531616211,36.391349442242465,35.00509243845995,36.3488268979848,84507100
2015-01-29,35.72799301147461,35.82154457526708,34.69042908533057,34.809493532243586,63585300
2015-01-30,34.35873794555664,35.362285463623955,34.31621216122655,35.33676934417353,78004900
2015-02-02,35.10715103149414,35.183692917230466,34.21416452741203,34.520332070357334,50352500
2015-02-03,35.37930679321289,35.659961515603534,34.911552166825025,35.40482292341591,52082400
2015-02-04,35.58341598510742,35.89808677524332,35.17519363038069,35.66846109241025,41614800
2015-02-05,36.10218811035156,36.26377506061953,35.60041435037415,35.90658183026028,36548200
2015-02-06,36.06816482543945,36.39134193479895,35.84704569435864,36.297790410174244,34616600
2015-02-09,36.02564239501953,36.34881950532154,35.89807154392988,35.92358766070472,31381100
2015-02-10,36.229759216308594,36.37433975983624,35.87256595158529,36.3488268821452,29670700
2015-02-11,36.042659759521484,36.27228539399115,35.89807921444257,36.27228539399115,38262500
2015-02-12,36.646480560302734,36.646480560302734,36.1532100624745,36.28078091377809,33268800
2015-02-13,37.309852600097656,37.309852600097656,36.697520761835236,36.893127081139035,40264900
2015-02-17,37.32699203491211,37.686727410043005,36.99294784283893,37.661032959634014,33695700
2015-02-18,37.28416061401367,37.42977011184452,37.16424883188886,37.36981422078212,27111700
2015-02-19,37.25845718383789,37.28415162599881,36.873024214672974,36.984372242954,27603400
2015-02-20,37.566810607910156,37.58394132834845,37.078596511146685,37.26702790126625,29721100
2015-02-23,37.815189361572266,37.84944752441552,37.386931286208366,37.429756440274794,32518800
2015-02-24,37.763797760009766,37.943665370088404,37.61818831326764,37.81518990603932,25271700
2015-02-25,37.67814254760742,37.76379284582785,37.515402406699394,37.64388112137947,29759800
2015-02-26,37.738094329833984,37.88370047453661,37.59248491778227,37.67813847409184,28957300
2015-02-27,37.558231353759766,37.85801396254465,37.39549446374495,37.79805809425763,33807700
2015-03-02,37.58393096923828,37.8494488944711,37.3012790609389,37.40406008788871,31924000
2015-03-03,37.07002258300781,37.541109138563314,36.90728567031151,37.30984935693158,31748600
2015-03-04,36.881587982177734,37.010063449099164,36.72741480799207,36.83875955918732,25748700
2015-03-05,36.92441177368164,37.03575978811319,36.67602130585351,36.89015034349504,23193500
2015-03-06,36.28201675415039,36.9244037270855,36.10214918589235,36.83018644827916,36248800
2015-03-09,36.701725006103516,36.941551810577614,36.13642433477633,36.13642433477633,32108000
2015-03-10,35.99937057495117,36.581801783328004,35.99937057495117,36.27345546508737,39159700
2015-03-11,35.9565544128418,36.290595251998084,35.83664265184728,36.23920636434354,32215300
2015-03-12,35.13428497314453,35.67389094129504,34.99724255062128,35.39980609624855,59992500
2015-03-13,35.44264221191406,35.519728802654825,34.78312432832086,34.86021091906162,58007700
2015-03-16,35.5968132019043,35.665332796483234,35.356986452503286,35.519726615909306,35273500
2015-03-17,35.71672439575195,35.82807241100551,35.24564116293283,35.434072495650575,31673400
2015-03-18,36.40193176269531,36.68458362470984,35.39980956249706,35.48545985970482,44194800
2015-03-19,36.222076416015625,36.47903066180198,36.162120534243826,36.19637870429164,33879100
2015-03-20,36.7274055480957,36.81305583778208,36.39336484403008,36.453320700280365,71904500
2015-03-23,36.71029281616211,36.94155263239759,36.6417699369735,36.72742353595926,26246100
2015-03-24,36.744529724121094,36.97578611861287,36.61605104509363,36.64174547395971,25513300
2015-03-25,35.51116943359375,36.770249596852324,35.494038713379595,36.76168260306985,43469900
2015-03-26,35.29703140258789,35.639639185497316,35.04864092334605,35.30559839420311,37495600
2015-03-27,35.09148406982422,35.48548089833173,34.97157227570031,35.21995959180641,34401400
2015-03-30,35.0828971862793,35.57967807157133,35.04007203656262,35.202808912425795,35049700
2015-03-31,34.82594680786133,35.142856871047286,34.72316578389423,34.928727831828425,34887200
2015-04-01,34.877342224121094,34.91160039042277,34.52617069756526,34.77455792316562,36865300
2015-04-02,34.509037017822266,34.89446994493697,34.36342757097899,34.82594708351664,37487500
2015-04-06,35.588253021240234,35.78525138596162,34.41482655861695,34.551869041351424,39223700
2015-04-07,35.57111358642578,35.896590628424356,35.382682260931624,35.63963644467799,28809400
2015-04-08,35.47689437866211,35.70815411177948,35.15142062154836,35.51115580594236,24753400
2015-04-09,35.52829360961914,35.6482053616801,35.33129526446898,35.33129526446898,25723900
2015-04-10,35.73386001586914,35.930858366912055,35.46833879454158,35.65677342047406,28022000
2015-04-13,35.76811599731445,36.025073477824904,35.45120590999501,35.45977290193208,30276700
2015-04-14,35.67388153076172,35.99935515630347,35.45118561081397,35.80235693010245,24244400
2015-04-15,36.19637680053711,36.36768071116842,35.699599053791665,35.76811865763399,27343600
2015-04-16,36.11073684692383,36.26491008402282,35.81952109544254,35.93086915942543,22509700
2015-04-17,35.648197174072266,35.75098145281739,35.254200574264296,35.69102232320802,42387600
2015-04-20,36.75312042236328,36.97581325981148,35.69960559001611,35.742430758677195,46057700
2015-04-21,36.5218505859375,36.95867568172866,36.42763328028254,36.830196943590074,26013800
2015-04-22,36.821624755859375,36.94153647464086,36.444755619861226,36.547536626338314,25064300
2015-04-23,37.12141036987305,37.352670124312624,36.658890860993885,36.73597744580708,46309500
2015-04-24,41.001426696777344,41.23268644660199,39.09996308824659,39.10852681201056,130933700
2015-04-27,41.138465881347656,41.22411944893392,40.44468995432125,40.453253677405115,59248200
2015-04-28,42.10633850097656,42.14916365978447,40.85582556662476,40.92434516724737,60730800
2015-04-29,42.02068328857422,42.23481232502106,41.54103307068736,41.72946766831252,47804600
2015-04-30,41.66094207763672,42.431807865258534,41.62668064988696,41.71233421926137,64725500
2015-05-01,41.678077697753906,41.8665123052101,41.45538492586475,41.609558101538,38937300
2015-05-04,41.31834030151367,41.85794312075159,41.266948156531576,41.42968504795019,34039500
2015-05-05,40.770164489746094,41.24981467536472,40.52177730736373,40.958599074694405,50369200
2015-05-06,39.639564514160156,40.91577495533703,39.4168717632563,40.744471079915016,52433000
2015-05-07,39.99931335449219,40.33335420116789,39.536793751087124,39.631011070375244,32971700
2015-05-08,40.898651123046875,41.095649469358584,40.701652776735166,40.72734721879967,35364900
2015-05-11,40.57316970825195,41.03568922022845,40.57316970825195,40.72734287891078,24609400
2015-05-12,40.55604934692383,40.83870132107635,39.75948885094034,40.12779115628113,29928300
2015-05-13,40.79587936401367,41.38687453733519,40.74448720084838,41.27552648415254,34184600
2015-05-14,41.729488372802734,41.8151387229378,41.13848984787593,41.13848984787593,32980900
2015-05-15,41.36971664428711,41.89219185757289,41.15558767276663,41.8579304379659,28642700
2015-05-18,41.12135696411133,41.30122791770791,40.77875231421801,41.09566251389092,24136500
2015-05-19,41.01790237426758,41.21618102930156,40.67306792898283,41.00066032314484,28574800
2015-05-20,41.01790237426758,41.31963004745299,40.75065551474265,40.85410453289408,25047900
2015-05-21,40.87995529174805,41.03513042275229,40.52650155747931,40.75926425398567,22410700
2015-05-22,40.43167495727539,40.819609493547304,40.3627067712636,40.776506021581994,25720600
2015-05-26,40.164432525634766,40.41443729416712,39.81959813534293,40.37133381752676,29581900
2015-05-27,41.04376220703125,41.181695322052384,40.190298796935885,40.36271601285852,27335600
2015-05-28,40.90581512451172,41.397201884524556,40.854088990821616,40.948918591628264,19283700
2015-05-29,40.39719772338867,41.0092756795407,40.164434988953815,40.888584622111814,36519600
2015-06-01,40.71615219116211,41.18167748595522,40.1902813902199,40.569599758681,28837300
2015-06-02,40.448917388916016,40.81961320093707,40.19029324505082,40.45754005724269,21498300
2015-06-03,40.38855743408203,41.15581350037815,40.362696015511155,40.836840657948905,28002200
2015-06-04,39.966156005859375,40.65582153415946,39.82822290019936,40.33685184393029,27745500
2015-06-05,39.7764892578125,40.1040815552505,39.51786514450209,39.92304500479161,25438100
2015-06-08,39.42304229736328,40.026500857647335,39.37131615039564,39.91442918350975,22121600
2015-06-09,39.35407257080078,39.6040740290684,39.190274769753785,39.4488988957524,24406100
2015-06-10,40.181678771972656,40.37133803530619,39.388560906874545,39.47477115774652,28417400
2015-06-11,40.03511428833008,40.44891353682371,39.76787079017316,40.22477351044203,27347800
2015-06-12,39.629940032958984,40.06098135317447,39.569594511215556,39.84546069306673,23931000
2015-06-15,39.207515716552734,39.35407146660989,38.81095851524247,39.18165429125375,33254500
2015-06-16,39.50925827026367,39.862712104323904,39.05235212726991,39.095455611699684,27070300
2015-06-17,39.629940032958984,39.716146981568365,39.1040690961226,39.42303875227846,28704100
2015-06-18,40.27649688720703,40.34546177960037,39.80234886444838,39.84545562185108,32658300
2015-06-19,39.74201965332031,40.37134305285428,39.647193298452876,40.336858948219636,63837000
2015-06-22,39.85408020019531,40.276502142337115,39.79373467825853,39.940290437665226,20318100
2015-06-23,39.578216552734375,39.89718623034462,39.32821178093346,39.76787579873294,25896500
2015-06-24,39.34545135498047,39.871322294114165,39.26786378545936,39.3713127819594,34890900
2015-06-25,39.35407257080078,39.70752631033519,39.224758863509386,39.6816615957264,20616000
2015-06-26,39.017852783203125,39.89717733414744,38.819574201409374,39.354067723027775,49835300
2015-06-29,38.2505989074707,38.99199037013983,38.241979529604556,38.82819588201346,34081700
2015-06-30,38.06095504760742,38.5523419561478,37.87991516926249,38.543719286967935,35945400
2015-07-01,38.31957244873047,38.99199582826184,38.01784156383971,38.32819182780317,28343900
2015-07-02,38.276466369628906,38.578193945388314,37.983358172355224,38.34543126326651,21752000
2015-07-06,38.267852783203125,38.34544036232128,37.888537556728096,37.897156937259126,23034000
2015-07-07,38.19026565551758,38.35406348480583,37.34542494434708,38.22474975521877,36435800
2015-07-08,38.138526916503906,38.70750117035587,37.95748711273657,38.310940766060014,39785900
2015-07-09,38.37991714477539,38.98337561302908,38.36267509841568,38.57819574503599,32424700
2015-07-10,38.45751190185547,38.91441470579869,38.423027802686434,38.802343027791686,25465800
2015-07-13,39.259246826171875,39.328211731895216,38.75061790319727,38.77647933177047,28178300
2015-07-14,39.32820510864258,39.62131330791964,39.06096162216734,39.18165265329603,22880300
2015-07-15,39.44890213012695,39.56097379972919,39.16441655477906,39.37993722554558,26629600
2015-07-16,40.22477722167969,40.25063864941405,39.62994136369858,39.66442217114959,26271700
2015-07-17,40.1902961730957,40.32822927911182,39.87994586241329,40.129950644750195,29467100
2015-07-20,40.448917388916016,40.62995724934762,40.035118101014824,40.21615796144643,30631900
2015-07-21,40.759273529052734,40.802380299706385,40.069607950197806,40.32823213119529,42781900
2015-07-22,39.259246826171875,40.45754124930242,38.96613857753254,39.173036583287065,59152400
2015-07-23,39.75062942504883,39.85407841679927,38.87992415277885,39.02647990562745,33934000
2015-07-24,39.604087829589844,39.93168025725317,39.483396747973174,39.57822639455351,32333200
2015-07-27,39.09545135498047,39.66442583782459,39.00924439550715,39.60408030847633,39701400
2015-07-28,39.08684539794922,39.34546965377245,38.61270038084232,39.2937467757593,34328900
2015-07-29,39.90580368041992,40.32822230579638,39.01785638093162,39.13855070533754,40945900
2015-07-30,40.41444396972656,40.86272743571854,39.595464623944785,39.879950247629395,39777900
2015-07-31,40.25925827026367,40.836852036505725,40.08684109172223,40.767887138239644,31201500
2015-08-03,40.354087829589844,40.51788234026659,40.043737566341996,40.5006402935768,24125900
2015-08-04,40.9833984375,41.129950868239554,40.242007040954626,40.30235254638661,33403900
2015-08-05,41.01790237426758,41.73342940864369,40.98341827202211,41.36273353096733,26959700
2015-08-06,40.1902961730957,41.181692633488474,39.940294679343445,41.12996648551319,27368000
2015-08-07,40.29373550415039,40.3282163031214,39.879933030662315,39.99200467092298,19163000
2015-08-10,40.8023681640625,40.94030123880874,40.37994627282368,40.47477587832121,23079900
2015-08-11,40.00926208496094,40.46616491054413,39.56960130977889,40.36271589672215,29237400
2015-08-12,40.29373550415039,40.43166856578522,39.40578833682906,39.81958752173355,30181400
2015-08-13,40.285125732421875,40.60409542293873,40.07822771803757,40.569614612931105,22627200
2015-08-14,40.51789093017578,40.604097893316684,40.10409158764672,40.112710968526876,21473400
2015-08-17,40.79374694824219,40.90581860314278,40.14718502075917,40.3540862845307,21099700
2015-08-18,41.019371032714844,41.15821370338584,40.52474381155752,40.646230734610846,23574100
2015-08-19,40.4466552734375,40.85450717438024,40.17764607979657,40.594174201701996,31485500
2015-08-20,39.62226486206055,40.32515774551264,39.62226486206055,39.978049413130535,36238200
2015-08-21,37.374759674072266,39.46607998402812,37.374759674072266,39.3098815118927,70053100
2015-08-24,36.16856002807617,37.04500399768175,34.46773603520973,35.10120609448332,88753700
2015-08-25,35.11854553222656,37.52226147653194,35.049122555656,36.94085563369749,70616600
2015-08-26,37.06235122680664,37.17516193506298,35.63053675698444,36.45491328039548,63408000
2015-08-27,38.094993591308594,38.13838130313518,37.25325807873774,37.51358765996752,50943200
2015-08-28,38.12102127075195,38.311931153650974,37.652426091056086,37.66110561860778,28246700
2015-08-31,37.76523971557617,38.12102423666999,37.40077566625538,37.79995120794389,34441700
2015-09-01,36.290042877197266,36.95822436527995,36.15120018553534,36.59376023074809,49688900
2015-09-02,37.62639617919922,37.64375192497847,36.34210078396523,36.75862875185706,37671500
2015-09-03,37.74788284301758,38.16441080819089,37.55697295096189,37.66978364265571,28285200
2015-09-04,36.9755859375,37.34872635076993,36.619801277204424,37.14914015697206,37138800
2015-09-08,38.08631896972656,38.18177393420538,37.4875605247285,37.57433595956162,32469800
2015-09-09,37.374759674072266,38.52889246148713,37.23591695553762,38.364014457415564,33469500
2015-09-10,37.56565856933594,37.99954235051948,37.09706329119278,37.41813636239285,31366600
2015-09-11,37.73052978515625,37.82598473798401,37.261934549603765,37.435488708356935,27132500
2015-09-14,37.348724365234375,37.695829475454254,37.1925259070405,37.68715325456402,23656000
2015-09-15,38.16442108154297,38.4334302463742,37.38343217796249,37.478883839414635,28882200
2015-09-16,38.442108154296875,38.511531158696684,38.0429358098111,38.15574653682527,23372200
2015-09-17,38.398704528808594,39.049530029296875,38.251185670960695,38.43341601663269,32768200
2015-09-18,37.73052978515625,38.17309305549035,37.60036664879406,37.747885532058596,63143700
2015-09-21,38.277225494384766,38.58962232843307,37.834662209392874,37.85201795687004,26177200
2015-09-22,38.094993591308594,38.22515672678838,37.58301064710625,37.64375410571753,28085900
2015-09-23,38.0689582824707,38.32928786347122,37.756561461161986,38.12102552277889,17145200
2015-09-24,38.10367202758789,38.29458194306208,37.54830133923072,37.704499759114974,27905600
2015-09-25,38.12970733642578,38.815244538201114,37.973508902849865,38.59830263715353,29384600
2015-09-28,37.56565856933594,38.2598719571755,37.49623557541671,38.03425384747909,27613800
2015-09-29,37.69581985473633,37.8086305591451,37.35739105178039,37.635076393194,32763600
2015-09-30,38.407386779785156,38.44209827306275,37.886727621702036,38.0776375244586,34958900
2015-10-01,38.71110916137695,38.83259608316707,37.9648285729287,38.83259608316707,28657900
2015-10-02,39.54416275024414,39.54416275024414,38.112345122101445,38.41606571821028,41839000
2015-10-05,40.46400451660156,40.68962263832239,39.65698037576779,39.7003680941444,34369300
2015-10-06,40.56814193725586,40.94128233112611,40.10822609329676,40.20368107455723,27017200
2015-10-07,40.611515045166016,41.088786469414806,39.873914054078796,40.871844612004445,27711500
2015-10-08,41.17555618286133,41.236299624814414,40.351176643151675,40.40324386922689,33772700
2015-10-09,40.88052749633789,41.253667786540085,40.71564955259673,41.17556857904962,28600600
2015-10-12,40.78507614135742,40.84581960695907,40.35119235261958,40.767720392575434,19769100
2015-10-13,40.68962097167969,40.89788664573591,40.4032593939068,40.4032593939068,19987800
2015-10-14,40.507381439208984,40.87184214876366,40.37721500849955,40.48134947717503,24697800
2015-10-15,40.793739318847656,40.81109506208101,40.37721141205584,40.793739318847656,27189400
2015-10-16,41.22763442993164,41.25366970715411,40.69829901037498,40.80243018845345,26450300
2015-10-19,41.323081970214844,41.548703344193676,40.80242286302808,41.14952783106263,29387600
2015-10-20,41.453250885009766,41.48796237697324,40.802425306909846,41.16688604171617,30802200
2015-10-21,40.95862579345703,41.64416289838393,40.88052658770244,41.58341612922348,25144300
2015-10-22,41.67886734008789,42.477215072825814,40.86316717231366,41.24498363824139,56637100
2015-10-23,45.87886047363281,46.92018199213865,45.34084562467491,45.38423333163977,135227100
2015-10-26,47.076393127441406,47.13713659568741,45.55779980074975,45.58383176992068,64633300
2015-10-27,46.59043502807617,47.18051718206609,46.49498338545537,46.85076792151368,50999900
2015-10-28,46.842098236083984,46.842098236083984,45.87019937657018,46.460281654557015,47000800
2015-10-29,46.304080963134766,46.71193280584984,46.182594025373874,46.46027940033327,30202100
2015-10-30,45.679283142089844,46.85077131664195,45.661927393918276,46.26936533884117,46619800
2015-11-02,46.199947357177734,46.30407853977002,45.66192907486463,45.86151522077926,30285000
2015-11-03,46.98961639404297,47.197878762208006,45.90490690489397,45.93093887334693,36596900
2015-11-04,47.20656204223633,47.62309012192848,46.91152090533719,47.0156520976925,37087800
2015-11-05,47.189205169677734,47.46689054953603,46.85945253974444,47.28466013967981,31468500
2015-11-06,47.65778732299805,47.70985456230484,46.82473135571033,46.93754205240663,32851200
2015-11-09,46.99828338623047,47.61439746064003,46.47762425776859,47.33671215075769,32513100
2015-11-10,46.434242248535156,46.97226053731469,46.22597988084749,46.92019329025745,55283700
2015-11-11,46.555728912353516,47.033000387737175,46.39085096448378,46.59911662643014,36516300
2015-11-12,46.26936721801758,46.842093689857954,46.15655650545596,46.408209898758564,35361100
2015-11-13,45.85283279418945,46.24332881388543,45.583823689449964,46.05241891308514,36848200
2015-11-16,46.65986633300781,46.7639975227824,45.86151838401376,46.0611078539654,32165200
2015-11-17,46.27546691894531,46.7646900244805,46.17063053983137,46.45018755230362,31551300
2015-11-18,47.04425048828125,47.15782157436209,46.28420501314919,46.301677744283374,29710000
2015-11-19,47.12288284301758,47.751887923362965,46.98310430656118,47.16656634338404,28149200
2015-11-20,47.341278076171875,47.43737642670099,46.537552476442066,47.39369626716481,37147600
2015-11-23,47.341278076171875,47.577154936766284,46.95688800663795,47.39369626716481,28235900
2015-11-24,47.393714904785156,47.559700909329784,46.808393205140504,47.10541973982547,24600000
2015-11-25,46.90447235107422,47.37622609776378,46.90447235107422,47.2539203114182,21005100
2015-11-27,47.1141471862793,47.245191019552685,46.99184138593513,47.000576086281235,9009100
2015-11-30,47.48106384277344,48.013970535273614,47.17529934670763,47.64705313999465,56241400
2015-12-01,48.24109649658203,48.249831193851584,47.43736771192368,47.53346604479845,39952800
2015-12-02,48.23237228393555,48.88758474205575,48.10133179186124,48.328470644339774,47274900
2015-12-03,47.350013732910156,48.721591335569954,47.114136884145545,48.47697978836919,38627800
2015-12-04,48.843910217285156,49.1234672984193,47.26266276939626,47.28013550354005,43963700
2015-12-07,48.756534576416016,48.89631307311219,48.30225362900791,48.73906184775622,30709800
2015-12-08,48.73907470703125,49.009893741255226,48.04018203915516,48.459517639880815,32878000
2015-12-09,48.031436920166016,48.80895510675759,47.62083608035952,48.37214683720433,36373200
2015-12-10,48.28478240966797,48.62549229772865,48.057640262572626,48.389615452321486,31775800
2015-12-11,47.22771072387695,48.13626938062794,47.18402723139196,47.7955594677735,39549500
2015-12-14,48.17121124267578,48.2323641284869,46.89573200635485,47.46358404040932,46768900
2015-12-15,48.223628997802734,48.83516118301304,48.1275306545091,48.62549176741037,39843000
2015-12-16,49.03609848022461,49.140931534374786,47.83924139272784,48.52066457616075,37503300
2015-12-17,48.66045379638672,49.61269619022073,48.51193721547066,49.23704071991847,41280900
2015-12-18,47.28886795043945,48.922530075184,47.20150429004118,48.721598655142294,84684200
2015-12-21,47.90039825439453,48.35467593927547,47.376226311513626,47.94407841648892,37246300
2015-12-22,48.35467529296875,48.46824637896237,47.6121025495411,48.04017613054309,28322200
2015-12-23,48.76528549194336,48.81770369535507,48.433310202169196,48.660452417703276,27279800
2015-12-24,48.634239196777344,48.88758883494761,48.42457305887196,48.80022849958422,9558500
2015-12-28,48.87884521484375,48.87884521484375,48.03143611960808,48.35467330056684,22458300
2015-12-29,49.403018951416016,49.66510326960995,48.974948675968605,49.17588009767005,27731400
2015-12-30,49.193355560302734,49.60395312631581,49.17588282710895,49.333134093269905,21704500
2015-12-31,48.46824264526367,49.08850955564708,48.41582445593936,48.95746908120996,27334100
2016-01-04,47.87419891357422,47.87419891357422,46.642399386148945,47.45486325876812,53778000
2016-01-05,48.092594146728516,48.389623930104555,47.64705113795592,47.98776108570842,34079700
2016-01-06,47.21897506713867,47.524742866998764,46.86079240579261,47.4548519415738,39518900
2016-01-07,45.57657241821289,46.72974929487632,45.48921209892111,46.03959144169052,56564900
2016-01-08,45.71635818481445,46.54629128706302,45.559106930527115,45.75130031598054,48754000
2016-01-11,45.69013595581055,46.170624297750734,44.956298064137194,45.87359459558338,36943800
2016-01-12,46.1094856262207,46.38904268704201,45.480483905664286,46.09201289334649,36095500
2016-01-13,45.11357116699219,47.23646026457292,44.81654132071305,47.00058332788799,66883600
2016-01-14,46.39777374267578,46.66859273004388,45.05240350691976,45.42805887576829,52381900
2016-01-15,44.54571533203125,45.40185926607658,43.977863165252145,44.825272398961026,71820700
2016-01-19,44.17006301879883,45.14851282217385,43.73325465429063,44.9737888098539,43564500
2016-01-20,44.370994567871094,44.88642857247095,42.89458015960908,43.663363816022134,63273000
2016-01-21,44.10016632080078,45.0611465967527,43.942915063510156,44.554447360464486,40191200
2016-01-22,45.68141174316406,45.716357206164915,44.78158440009738,44.91262822005919,37555800
2016-01-25,45.24460983276367,45.99592073030083,45.122304027598695,45.375650338619046,34707700
2016-01-26,45.57657241821289,45.81244927939978,45.034931106922194,45.244600538838064,28900800
2016-01-27,44.746646881103516,45.60279081735878,44.57192288067562,45.43680151728987,36775200
2016-01-28,45.48047637939453,45.611516855391514,44.77284581171384,45.305752412149396,62513800
2016-01-29,48.127540588378906,48.127540588378906,47.175298322274124,47.813038066350465,83611700
2016-02-01,47.79555892944336,48.12753413961126,47.61210026037,47.944075470537896,44208500
2016-02-02,46.30167770385742,47.40243310368821,45.99591324073295,47.323807479944385,56313800
2016-02-03,45.56784439086914,46.64239247187812,44.78158807179767,46.5200866739299,57559800
2016-02-04,45.428062438964844,46.13569307284006,44.877683057061894,45.5154227644682,46987100
2016-02-05,43.82061004638672,45.428064779582975,43.29644140119395,45.375646582030505,62009000
2016-02-08,43.16538619995117,43.305164690677856,42.099573125296395,43.28769196276426,59290500
2016-02-09,43.05181884765625,43.89049319692696,42.518912264370215,42.824680030354884,46740500
2016-02-10,43.42747497558594,44.021534456179175,43.26148904199582,43.58472621060076,38237000
2016-02-11,43.41000747680664,43.77692818024972,42.37913962641428,42.52765618075021,48878600
2016-02-12,44.11764144897461,44.274892714805326,43.46242895220766,43.899237283385624,34243300
2016-02-16,44.95353317260742,44.95353317260742,44.108840462475804,44.78635545597006,37291200
2016-02-17,46.123779296875,46.43174245762961,45.270289258035966,45.305485623238226,40789000
2016-02-18,45.921417236328125,46.59013492394422,45.84222707217651,46.0446045467392,27176000
2016-02-19,45.59585952758789,46.00060776691544,45.34069084589881,45.72784425439563,33559100
2016-02-22,46.326168060302734,46.63412793994326,46.00060663724166,46.00060663724166,25008300
2016-02-23,45.032737731933594,46.07980486242221,44.856759188558556,46.053409255694994,28895300
2016-02-24,45.191104888916016,45.31428882635373,44.1704336632042,44.60157744423621,33014500
2016-02-25,45.842227935791016,45.842227935791016,44.531194851429355,45.51666985770612,26939500
2016-02-26,45.1383171081543,46.35256519292184,44.96233858975869,46.28217244295917,35975900
2016-02-29,44.76875305175781,45.44626798139025,44.575176398574214,45.18229859740893,31654000
2016-03-01,46.264564514160156,46.27336192715935,44.8039455745457,44.847942709072,33024500
2016-03-02,46.590110778808594,46.59890818959466,45.894997848885076,46.11497004013865,29289900
2016-03-03,46.06217956542969,46.607713064503976,45.560643193691064,46.607713064503976,24427800
2016-03-04,45.780616760253906,46.15017183045964,45.49905259081604,46.106178058330535,33034200
2016-03-07,44.900753021240234,45.57826823204434,44.504805493968654,45.36709666503437,38407800
2016-03-08,45.44626235961914,45.86860862263018,44.52237634299091,44.69835479170628,33835100
2016-03-09,46.49333572387695,46.502133137169466,45.63104489127165,45.6574404876594,28251600
2016-03-10,45.7982177734375,46.5813183779102,45.0151171689648,46.572520965544044,38387800
2016-03-11,46.69570541381836,46.69570541381836,46.08858325828753,46.63411345701856,32275700
2016-03-14,46.7837028503418,47.15325802574079,46.30856527698684,46.37895466112769,24083600
2016-03-15,47.153255462646484,47.153255462646484,46.405351094686594,46.41414850853452,21104800
2016-03-16,47.82197189331055,48.041944171304635,46.986079922141485,47.03007370643819,31691700
2016-03-17,48.09474182128906,48.39390427287271,47.514015104275025,47.698791024117945,28223900
2016-03-18,47.065284729003906,48.367520617364136,47.03008834800485,48.3235234628595,67625500
2016-03-21,47.39082336425781,47.452415327409945,46.57252630351065,46.8540905226376,23925700
2016-03-22,47.57560348510742,47.733983792016524,47.03887059574997,47.17085530367774,23124100
2016-03-23,47.48761749267578,47.72518796091972,47.28524339524812,47.61080143402212,20129000
2016-03-24,47.69877624511719,47.804365329320945,47.27642997783147,47.37321829343003,19950000
2016-03-28,47.10927200317383,47.76918895121657,46.92449606328454,47.69879619896665,17025100
2016-03-29,48.13872528076172,48.27070997033977,47.03006664304439,47.21484252324559,23924300
2016-03-30,48.43789291381836,48.95702760239705,48.30591156645727,48.332307164627395,23008300
2016-03-31,48.59627914428711,48.91303978701316,48.27072108660128,48.34991124728278,26360500
2016-04-01,48.89544677734375,48.930643153931,48.015557501729845,48.43790395124318,24399200
2016-04-04,48.77223205566406,48.97460605863875,48.39387963725209,48.77223205566406,18928800
2016-04-05,48.00675964355469,48.657875821863996,47.918768702897225,48.56108746539638,19272300
2016-04-06,48.49948501586914,48.56987775319981,47.698786089540306,47.83077079378008,21188700
2016-04-07,47.91876220703125,48.3147129950368,47.71638810571969,48.279516623545035,19225100
2016-04-08,47.8835563659668,48.64026142083823,47.795568811148755,48.10352860952198,22167200
2016-04-11,47.78678512573242,48.52589221065768,47.77798435381643,47.94516545511005,21414200
2016-04-12,48.085933685302734,48.200316835029966,47.30282968038137,47.839562490598574,24944300
2016-04-13,48.70185852050781,48.78104867080581,48.29711035521157,48.49948443785969,20818000
2016-04-14,48.710662841796875,48.90423952475034,48.455494188178335,48.58747890046673,20877100
2016-04-15,48.965824127197266,49.20339120315099,48.490683262269506,48.65786096370254,28793800
2016-04-18,49.67854309082031,49.7929296258706,48.578681598250725,48.82505285501373,23786000
2016-04-19,49.616943359375,49.95130214067048,48.99222293481768,49.82811820980119,29596800
2016-04-20,48.91303253173828,49.71373143474545,48.82504496914819,49.52895553940003,36195700
2016-04-21,49.0802116394043,49.4761623953437,48.76345103465277,49.09780982372499,38909100
2016-04-22,45.560646057128906,46.13257518334208,44.67195974715419,45.675032553673496,126834100
2016-04-25,45.85101318359375,45.868611365168476,45.42866689533013,45.560648222375676,33226900
2016-04-26,45.2614860534668,46.06218485793594,44.95352626579019,45.98299471874625,33532600
2016-04-27,44.821556091308594,45.31429526761105,44.47839982923641,45.29669708025978,43369300
2016-04-28,43.90645217895508,44.67195449018707,43.607289854627375,44.53996982843597,43134800
2016-04-29,43.88006591796875,44.21442469629096,43.42252320987266,43.42252320987266,48411700
2016-05-02,44.531185150146484,44.65436907953112,43.80087563092278,43.99445229510455,33114500
2016-05-03,43.80087661743164,44.35520766865782,43.6424963170813,44.29361570257829,26460200
2016-05-04,43.88006591796875,44.04724698538503,43.51931154226938,43.85367032059159,24257600
2016-05-05,43.94165802001953,44.25841861557562,43.75688212478193,43.88006605494033,25390700
2016-05-06,44.33760452270508,44.33760452270508,43.6952859793935,43.92405563401419,24787300
2016-05-09,44.05603790283203,44.5135805434623,43.99444594702698,44.425592994172185,17951600
2016-05-10,44.89193344116211,44.96232280991007,44.161624020906515,44.28481129010773,22891000
2016-05-11,44.9183349609375,45.56065355936164,44.874341180102206,44.988727695482225,24039100
2016-05-12,45.323089599609375,45.58705903540901,44.80395485585331,45.050326105498925,24102800
2016-05-13,44.944740295410156,45.6662491443739,44.909543923140994,45.26149757630018,22592300
2016-05-16,45.604652404785156,45.71903556793896,44.654370591901454,44.69836437438448,20032000
2016-05-17,44.7540397644043,45.83501353115045,44.621135314713776,45.826154586499015,27803500
2016-05-18,45.019874572753906,45.31226719043013,44.56799046363437,44.72747857508974,24907500
2016-05-19,44.58570098876953,44.85151331709942,44.14267931489067,44.71860884292804,23842400
2016-05-20,44.85151290893555,45.38314094074447,44.656585672594005,44.727467382176265,23905800
2016-05-23,44.32875061035156,44.904680177412786,44.28444911595932,44.83379508239531,26118700
2016-05-24,45.71097183227539,45.81729607687829,44.656581571661825,44.922393873162484,34757900
2016-05-25,46.18056869506836,46.508407098868524,45.88817620896055,46.00335938652516,24040200
2016-05-26,45.97679138183594,46.05653542285615,45.50718946248766,46.012233928953215,24335200
2016-05-27,46.357784271240234,46.357784271240234,45.87046114184958,46.003365606236,17721400
2016-05-31,46.96030044555664,46.96030044555664,46.145142135688076,46.30462683893368,37653100
2016-06-01,46.827392578125,46.915998946571754,46.46411491746169,46.46411491746169,25324800
2016-06-02,46.499549865722656,46.72992300604849,45.93248272028492,46.64131665208209,22840800
2016-06-03,45.888187408447266,46.446392303612335,45.71983700324967,46.410953137243546,23368300
2016-06-06,46.18943405151367,46.384361261719064,45.97678219130539,46.06538854138661,18243300
2016-06-07,46.162864685058594,46.72107303267096,46.162864685058594,46.28691361340732,20866800
2016-06-08,46.10969543457031,46.46411073650409,45.9590663117585,46.091974162475566,21149400
2016-06-09,45.7375602722168,46.07425771731674,45.622377061514435,46.07425771731674,20305700
2016-06-10,45.61351013183594,46.11855455852978,45.22365228420876,45.23251123029679,25833200
2016-06-13,44.42621994018555,44.940126785534765,43.46929473089716,43.930037750179594,83217800
2016-06-14,44.15154266357422,44.390771398619925,43.92116949502969,44.213565428954546,42577100
2016-06-15,44.02749252319336,44.40849143131008,44.02749252319336,44.107236559310515,33757600
2016-06-16,44.64772415161133,44.71860924245908,43.86800505222187,43.87686737857142,31188600
2016-06-17,44.417362213134766,44.683174590798124,44.142687507556225,44.66545331495553,45710500
2016-06-20,44.36418914794922,45.03758396980018,44.32874660364399,44.86923357434391,35607900
2016-06-21,45.356563568115234,45.56921548602628,44.44393988455286,44.479382434202634,34097800
2016-06-22,45.17935562133789,45.5957937317138,45.14391307322454,45.259099664599226,28816800
2016-06-23,45.994510650634766,46.12741850653784,45.3211191846942,45.43630238782388,29028800
2016-06-24,44.15154266357422,45.13504796317104,43.87686800261334,44.133821390610244,133503000
2016-06-27,42.91108322143555,43.54903556722203,42.56552682746368,43.50473069210775,50216300
2016-06-28,43.805973052978516,43.83255664643592,43.12371940733715,43.3452301995589,38140700
2016-06-29,44.7806396484375,44.94012775007323,44.12496596615865,44.22243129271245,31304000
2016-06-30,45.33884048461914,45.454027076392045,44.745193011611526,44.94012364692146,28527800
2016-07-01,45.32997131347656,45.826156736903094,45.25022728792563,45.30339109828848,21400400
2016-07-05,45.33884048461914,45.436305802274106,44.9578449210394,45.03758896457642,24806400
2016-07-06,45.52490234375,45.66666912609776,44.64771805423237,44.99327437495587,28167500
2016-07-07,45.52490234375,45.72869188212574,45.25022772420703,45.56034150434691,19585200
2016-07-08,46.34005355834961,46.393217361264355,45.67552123185324,45.835009260611265,28391000
2016-07-11,46.59701919555664,46.80967108348277,46.49069494158712,46.51727516008273,22269200
2016-07-12,47.14638137817383,47.314731833341135,46.77424467093962,46.90714918924259,27317600
2016-07-13,47.41217803955078,47.72229523918127,47.11978549245663,47.45648291091737,25356800
2016-07-14,47.61598205566406,47.83749294405478,47.474215222293516,47.70458505902518,24545500
2016-07-15,47.58053207397461,47.846344422546835,47.146369313316306,47.80204292778269,32024400
2016-07-18,47.81089401245117,48.14759140126754,47.44761640714479,47.5805242495685,31433900
2016-07-19,47.0400390625,47.75773535428332,46.89827226930679,47.58938496362534,53336500
2016-07-20,49.538692474365234,50.3627132084898,49.201994994403385,49.75134440381159,89893300
2016-07-21,49.441219329833984,49.82221824902342,49.405776783865846,49.600707406703386,32776700
2016-07-22,50.123470306396484,50.17663412235405,49.423495272896815,49.68931097269762,32157200
2016-07-25,50.26523208618164,50.274094411283684,49.84879068603951,50.034862333328846,25610600
2016-07-26,50.29182815551758,50.761433514350365,50.07031727795101,50.07917960584682,28079000
2016-07-27,49.78676986694336,50.327256799645156,49.715888163303205,50.15890979601133,32327500
2016-07-28,49.804500579833984,49.946267393977394,49.3703411902643,49.6184322700184,37550400
2016-07-29,50.22093200683594,50.291813709703554,49.66272380931128,49.84879208182391,30558700
2016-08-01,50.13233184814453,50.28295758768746,49.7424706305285,50.15004973986619,26003400
2016-08-02,50.13233184814453,50.41586543550874,49.89309975005842,50.371560566243666,35122000
2016-08-03,50.4778938293457,50.60193936516147,50.05259340083992,50.22094043087741,22075600
2016-08-04,50.85002136230469,50.96520793071532,50.2120691433987,50.32725571180934,26587700
2016-08-05,51.355072021484375,51.57658286013466,50.90319139783215,51.08040074474981,29335200
2016-08-08,51.44367980957031,51.470260029348545,51.19558536502023,51.44367980957031,19473500
2016-08-09,51.56772232055664,51.83353464272706,51.40823425125698,51.541138722348656,16920700
2016-08-10,51.40823745727539,51.674049796022906,51.231028104781295,51.53228299002508,15756900
2016-08-11,51.65633010864258,51.78923797209029,51.41709798242913,51.41709798242913,18162300
2016-08-12,51.33735275268555,51.55886359998224,51.05381913854477,51.41709679291185,21655200
2016-08-15,51.4968376159668,51.83353502921965,51.35507081775303,51.399372308447255,19283900
2016-08-16,51.21152877807617,51.37201086423495,51.05996425284453,51.36309670436079,20523500
2016-08-17,51.31851577758789,51.4255026944103,51.02429750501031,51.30068405794203,18856400
2016-08-18,51.354190826416016,51.44334945070597,51.059975868893545,51.193708703747845,14214300
2016-08-19,51.37202072143555,51.47009350413433,50.99756471591687,51.20262444289905,17271000
2016-08-22,51.41658401489258,51.48791089192348,51.05104227274094,51.354174698016884,15221900
2016-08-23,51.61274337768555,51.8712982747354,51.57707992959862,51.62166094023409,18732400
2016-08-24,51.666229248046875,51.74647029126942,51.4611695600455,51.53249304232498,18151500
2016-08-25,51.86238479614258,51.96937514882843,51.51467465254821,51.60383327978643,18552600
2016-08-26,51.73755645751953,52.334907244776915,51.43442398362472,51.96044788241121,20971200
2016-08-29,51.79996871948242,52.24575159452462,51.79996871948242,51.87129561199482,16417200
2016-08-30,51.61274337768555,51.88021243623033,51.36310604318423,51.69298443535435,16930200
2016-08-31,51.2293701171875,51.532502625616864,51.08671972504742,51.398769796078206,20860300
2016-09-01,51.34526443481445,51.55032412025847,50.828154740262015,50.828154740262015,26075400
2016-09-02,51.41658401489258,51.880198512435356,51.19369262575005,51.41658401489258,18900500
2016-09-06,51.36310577392578,51.53250204987029,51.0064780970332,51.5146703259203,16278400
2016-09-07,51.40768051147461,51.56816261700586,51.18478907613158,51.238284244993125,17493400
2016-09-08,51.20262145996094,51.52358567516615,50.979730021741034,51.38093529074755,20146100
2016-09-09,50.11491394042969,51.28286638934654,50.11491394042969,50.6320237486849,35113900
2016-09-12,50.86383056640625,51.00648096497336,49.5799769793022,49.927687113243685,29303000
2016-09-13,50.40021896362305,50.50720931979807,49.9722677420849,50.37347307510628,30130200
2016-09-14,50.15948486328125,50.489366621550886,49.954425160089805,50.2753893567558,24062500
2016-09-15,50.988643646240234,51.13129402915769,49.90984991286113,50.06141785780346,26847000
2016-09-16,51.042144775390625,51.38094074977562,50.596361851588085,51.38094074977562,44607000
2016-09-19,50.75684356689453,51.487927283950306,50.68551666715554,51.059976088677686,20937100
2016-09-20,50.64985275268555,51.13129568496436,50.596357581964114,51.13129568496436,17384000
2016-09-21,51.49683380126953,51.57707485103736,50.89057224875553,51.27394237425372,33707300
2016-09-22,51.55033874511719,51.71082087508971,51.38094245283682,51.639493972411294,19822200
2016-09-23,51.20262145996094,51.63057261321674,51.15804385252764,51.59490916684873,19955300
2016-09-26,50.73008728027344,50.94406113351789,50.66767795632272,50.89056937073332,21688700
2016-09-27,51.666229248046875,51.76430201210253,50.53394048304128,50.75683189187577,28065100
2016-09-28,51.73755645751953,51.76430574122273,51.41659226150699,51.603823643216465,20536400
2016-09-29,51.17586135864258,51.862363804716914,51.00646173598184,51.541403079730635,25463500
2016-09-30,51.354190826416016,51.50575878718207,51.12238520536964,51.327444939655905,29910800
2016-10-03,51.19370651245117,51.30961101854006,50.87274568190701,51.184792350930614,19189500
2016-10-04,51.03322982788086,51.3541906711933,50.79250664460621,51.059975714560125,20085900
2016-10-05,51.38985061645508,51.67515139175802,51.051054670387764,51.077803956296705,16726400
2016-10-06,51.47901153564453,51.585998480902354,51.06888867689114,51.47901153564453,16212600
2016-10-07,51.532501220703125,51.692983332617246,51.19370527321182,51.57707882933404,20089000
2016-10-10,51.74647521972656,52.05852186139373,51.59490727873586,51.63057072379877,18196500
2016-10-11,50.988643646240234,51.728644845848756,50.72117460340168,51.61274034689913,26497400
2016-10-12,50.917327880859375,51.059978285420804,50.28431692318393,50.917327880859375,22177500
2016-10-13,50.747928619384766,51.086724608498535,50.2129904479874,50.55178643710117,25313700
2016-10-14,51.19370651245117,51.479010696913114,50.92623745313756,50.92623745313756,27402500
2016-10-17,51.01539993286133,51.22937383607762,50.70334983917792,51.14021860991315,23830000
2016-10-18,51.40768051147461,51.66623539272534,51.18478907613158,51.29177601280128,19149500
2016-10-19,51.29176712036133,51.56815367664885,51.17586604283514,51.23827536182703,22878400
2016-10-20,51.042144775390625,51.28286796237045,50.51612078926148,51.265036237291895,49455600
2016-10-21,53.19081115722656,53.89514889808014,53.0392466160839,53.743580955884134,80032200
2016-10-24,54.3855094909668,54.3855094909668,53.43153443263575,53.440448593465874,54067000
2016-10-25,54.3765983581543,54.715390905418744,54.20719868346853,54.25177629220822,35137200
2016-10-26,54.055633544921875,54.56382576133829,53.912983157876106,54.21611565548006,29911600
2016-10-27,53.58309555053711,54.233941484312446,53.574181390276536,54.03779594804847,28479900
2016-10-28,53.37803649902344,53.95755555350445,53.119485035704884,53.50285515049857,33574700
2016-10-31,53.42262268066406,53.86840559382469,53.42262268066406,53.6365999754448,26434700
2016-11-01,53.31562042236328,53.51176593616113,52.82526003892139,53.46718833785782,24533000
2016-11-02,52.985755920410156,53.43153882170854,52.86985141377756,53.33346603925432,22147000
2016-11-03,52.789608001708984,53.17298155181595,52.70045278584603,53.07490877373462,21600400
2016-11-04,52.343833923339844,52.85202622154283,52.1744376242902,52.29034214524735,28697000
2016-11-07,53.868404388427734,53.95756300969701,53.297802816518896,53.297802816518896,31664800
2016-11-08,53.91299057006836,54.18937381987533,53.62768975675242,53.98431407287036,22935400
2016-11-09,53.645511627197266,54.019971025279354,52.78069512884651,53.49394707632007,49632500
2016-11-10,52.33491134643555,53.930814889988945,51.38093624521726,53.92189732770456,57822400
2016-11-11,52.62022018432617,52.70937541451148,51.71973671460611,51.915882302278604,38767800
2016-11-14,51.81779098510742,52.6736965337738,51.06887575568234,52.62020137415315,41328400
2016-11-15,52.84105682373047,53.3975643990222,52.347383620641885,52.35636142696943,35904100
2016-11-16,53.541175842285156,53.55015022414003,52.78720107737686,52.90388516163871,27332500
2016-11-17,54.429786682128906,54.708040455038365,53.8284038031684,54.22334165991725,32132700
2016-11-18,54.16947555541992,54.878571435526176,54.12459680615364,54.55543896236236,27686300
2016-11-21,54.627262115478516,54.72599744433612,54.23232080004807,54.30412955704633,19652600
2016-11-22,54.860618591308594,54.98628045735474,54.58236829478615,54.73495672526245,23206700
2016-11-23,54.21436309814453,54.84267249815895,54.079723412981764,54.76188937186718,21848900
2016-11-25,54.33104705810547,54.33104705810547,53.972013605146316,54.12460205224734,8409600
2016-11-28,54.402854919433594,54.77086617155592,54.04381804827696,54.16050554500727,20732600
2016-11-29,54.83369445800781,55.12092257142768,54.32206916697686,54.43875665806281,22366700
2016-11-30,54.08869552612305,54.91447894070524,54.05279457907717,54.62725082016255,34655400
2016-12-01,53.13726043701172,53.98997052662502,52.90388541929201,53.954066150971265,34542100
2016-12-02,53.182125091552734,53.37959568125278,52.77820953263391,53.02953667153274,25515700
2016-12-05,54.052799224853516,54.38490612576972,53.46039074731373,53.586052632847995,23552700
2016-12-06,53.81045150756836,54.26822030824482,53.67581181229486,54.24129373880199,19907000
2016-12-07,55.08501052856445,55.09398833187475,53.67579672337563,53.86428950454717,30809000
2016-12-08,54.761898040771484,55.27352687096407,54.609309569192796,55.02219964714333,21220800
2016-12-09,55.623565673828125,55.6415178564005,54.86959112593206,54.91446987034863,27349400
2016-12-12,55.80308151245117,55.91976898895754,55.39916938244155,55.48892687265951,20198100
2016-12-13,56.53013229370117,56.9250700637503,55.865918615708146,56.09929015618514,35718900
2016-12-14,56.2608642578125,56.95200802012544,56.12622457298721,56.54809238967899,30352700
2016-12-15,56.171104431152344,56.68272973391492,55.9197772581251,56.27881412014728,27669900
2016-12-16,55.91978073120117,56.50321481221593,55.758214475659535,56.50321481221593,42453100
2016-12-19,57.104591369628906,57.23923104243536,56.02748425926463,56.15314955176424,34338200
2016-12-20,57.03279495239258,57.26616654109751,56.575022732659946,57.167431222173626,26028400
2016-12-21,57.03279495239258,57.17640902791015,56.65580586414043,56.93405963346869,17096300
2016-12-22,57.04176712036133,57.53544027179212,56.91610523716398,57.30206869214412,22176600
2016-12-23,56.76350784301758,57.032783753735714,56.3685666448706,56.952000638117376,12403800
2016-12-27,56.79940414428711,57.50849994297532,56.73657321772271,56.73657321772271,11763200
2016-12-28,56.53910827636719,56.907119470976376,56.39549423515455,56.907119470976376,14653300
2016-12-29,56.45832443237305,56.727600328152796,56.30573258954629,56.42242006652807,10250600
2016-12-30,55.77615737915039,56.539109775343505,55.677422081193605,56.51217978788234,25579900
2017-01-03,56.171104431152344,56.40447599464626,55.76718881738471,56.35959724290081,20694100
2017-01-04,55.91978073120117,56.32369637005528,55.758214475659535,56.081346986742815,21340000
2017-01-05,55.91978073120117,56.24291324228446,55.677431347888714,55.82104541681134,24876000
2017-01-06,56.40447998046875,56.682733739400206,55.68640962971122,55.919781209696346,19922900
2017-01-09,56.224971771240234,56.619913104069035,56.13521424506831,56.33268148745257,20382700
2017-01-10,56.20700454711914,56.61092015491494,55.90182424612111,56.30573985391692,18593000
2017-01-11,56.7186279296875,56.75453229895399,56.03646203376977,56.19802827143986,21517300
2017-01-12,56.19802474975586,56.90712059020208,55.60561639009888,56.601940318619455,20968200
2017-01-13,56.27881622314453,56.43140466958677,55.96465810112851,56.20700747844507,19422300
2017-01-17,56.12622833251953,56.278820213811294,55.67743391841263,56.26086802636346,20664000
2017-01-18,56.09929656982422,56.27881500365352,55.75821188795147,56.25188501296006,19670100
2017-01-19,55.91978073120117,56.53014138012971,55.830023222135594,55.86592759537362,18451700
2017-01-20,56.314720153808594,56.38652547391547,55.9826098482225,56.251885790674685,30213500
2017-01-23,56.5121955871582,56.655809672328964,56.16213646855634,56.278823982766916,23097600
2017-01-24,57.01483917236328,57.21230979776815,56.49423604139751,56.7276110394268,24672900
2017-01-25,57.15845489501953,57.53544054641093,56.952009882491446,57.40080428121237,23672700
2017-01-26,57.68802261352539,57.930375396924134,57.041761079235634,57.55338978725754,43554600
2017-01-27,59.04337692260742,59.16006782318697,58.244523617665706,58.69331791698386,44818000
2017-01-30,58.45994186401367,59.052353615035585,58.163742836560125,58.96259612647217,31651400
2017-01-31,58.02912139892578,58.47791583070702,57.67906228998118,58.217614238506755,25270500
2017-02-01,57.068695068359375,58.00218820157371,56.9699597568039,57.76881320625543,39671500
2017-02-02,56.700679779052734,56.91610258594892,56.32369414702111,56.77248852269458,45827000
2017-02-03,57.15845489501953,57.17640708185191,56.61092518073527,56.99688863755763,30301800
2017-02-06,57.12255096435547,57.13152876985605,56.67375656215402,56.99688907958379,19796400
2017-02-07,56.934051513671875,57.24820618905331,56.754533088869984,57.21230524331626,20277200
2017-02-08,56.85327911376953,57.27514697799554,56.7455694081907,57.05972414280806,18096400
2017-02-09,57.499542236328125,57.84063039808309,56.83532837363339,57.01484683685869,22644400
2017-02-10,57.4456787109375,57.71495806911844,57.42772652545682,57.6700758934021,18170700
2017-02-13,58.091957092285156,58.21761899560727,57.56237605851899,57.661111389423525,22920100
2017-02-14,58.30867004394531,58.44412597580065,57.81200059033402,58.16418876898786,23108400
2017-02-15,58.272552490234375,58.30867453414913,57.93843564077991,58.24546267969217,17005200
2017-02-16,58.26353073120117,58.91371385940266,58.191293519960624,58.462198563660145,20546300
2017-02-17,58.35383605957031,58.41704792187882,58.0648665619348,58.21838010045885,21248800
2017-02-21,58.23643112182617,58.65182429730098,58.20030907749243,58.344797254827405,20655900
2017-02-22,58.11903381347656,58.146123621614905,57.83909660994727,58.09194400533821,19292700
2017-02-23,58.35383605957031,58.45316997028029,57.96553265122482,58.173225817562944,20273100
2017-02-24,58.35383605957031,58.5163818325888,57.92037836832891,58.272559728272924,21796800
2017-02-27,58.00163269042969,58.281569847346304,57.8390869790905,58.281569847346304,15871500
2017-02-28,57.77587890625,57.974543232289776,57.577211135422964,57.866184004256496,23239800
2017-03-01,58.64279556274414,58.687942948369326,57.81200237025447,57.91133626403503,26937500
2017-03-02,57.802978515625,58.4712190904346,57.68558359769826,58.4170394704589,24539600
2017-03-03,58.01972198486328,58.04681180330204,57.45081168412845,57.78493552055375,18135900
2017-03-06,58.03776168823242,58.299641335095004,57.622371969244185,57.76685669772222,18750300
2017-03-07,58.1551628112793,58.4983119047072,57.96552724205001,57.96552724205001,18521000
2017-03-08,58.68794250488281,58.769218821714134,58.01970195233383,58.02873418522066,21510900
2017-03-09,58.453155517578125,58.877573979810194,58.227397938070304,58.86854863712357,19846800
2017-03-10,58.633766174316406,58.93176787011517,58.47122042111484,58.79631192751796,19538200
2017-03-13,58.43508529663086,58.8685428379989,58.30866161572641,58.70599712118262,20100000
2017-03-14,58.16419219970703,58.290615906342275,57.929402363280744,58.272551439922786,14280200
2017-03-15,58.47121810913086,58.62473162286915,58.01970291137695,58.29061478585936,24833800
2017-03-16,58.37188720703125,58.480253340294894,58.06486016381421,58.47122110679571,20674300
2017-03-17,58.579593658447266,58.91371054919451,58.408015651041104,58.615715706826265,49219700
2017-03-20,58.633766174316406,58.859523782119936,58.44413061051049,58.61570859710531,14598100
2017-03-21,57.983585357666016,59.14849548480282,57.91134126693451,58.86855824518782,26640500
2017-03-22,58.724082946777344,58.8234168709314,57.902328625548634,57.902328625548634,20680000
2017-03-23,58.579593658447266,58.91371054919451,58.48928509271164,58.64280552071644,19269200
2017-03-24,58.67892074584961,59.103339263404386,58.48025294765456,59.02206983118394,22617100
2017-03-27,58.78728103637695,58.89564717084406,58.110008197502616,58.36285562168361,18614700
2017-03-28,58.9588508605957,59.12139659499462,58.38091200263835,58.660849199268576,20080400
2017-03-29,59.121402740478516,59.14849255076513,58.65182306359269,58.80534347117575,13618400
2017-03-30,59.33812713623047,59.58194920394981,59.022067872126904,59.07624749180888,15122800
2017-03-31,59.47357940673828,59.771581075759144,59.103333656213906,59.28394385997268,21040300
2017-04-03,59.19364929199219,59.54583061953099,58.86855777586781,59.428432250634295,20400900
2017-04-04,59.35620880126953,59.42844601858485,58.94984086718187,59.04917479176482,12997400
2017-04-05,59.20267868041992,59.916073617895364,59.09431942735983,59.8709262256457,21448600
2017-04-06,59.35620880126953,59.65420368544114,59.13045113441324,59.23881040517483,18103500
2017-04-07,59.31104278564453,59.5638902202006,59.09431739739303,59.46455631525701,14108500
2017-04-10,59.175575256347656,59.437454873635545,59.02206175677099,59.2478193348218,17952700
2017-04-11,59.13044357299805,59.24783506450386,58.561529915941655,59.238802829902994,18791500
2017-04-12,58.904666900634766,59.15751427114335,58.79630078917074,59.0762379651518,17108500
2017-04-13,58.65182113647461,59.4735820992366,58.65182113647461,58.95885505197721,17896500
2017-04-17,59.13044357299805,59.13946891802256,58.70601811125006,58.7331079254763,16689300
2017-04-18,59.04914474487305,59.338114135825236,58.84145165521221,58.9949651370613,15155600
2017-04-19,58.73309326171875,59.37424396677835,58.59763733483019,59.28394231204419,26992800
2017-04-20,59.14849090576172,59.37424850463867,58.82339941221289,59.11236886319239,22299500
2017-04-21,59.96122360229492,60.23212860510549,59.10334053612243,59.30200833859555,32522600
2017-04-24,60.98163986206055,61.09903821963925,60.593336526879014,60.93649247724756,29770000
2017-04-25,61.33383560180664,61.44220175211659,61.0448660905567,61.31577802154328,30242700
2017-04-26,61.2525520324707,61.686002754611025,61.062916480337435,61.47830962637817,26190800
2017-04-27,61.64988327026367,61.749217166869634,61.02679697014255,61.54152403002102,34971000
2017-04-28,61.821449279785156,62.43551011733778,61.12611902779088,62.22781702071534,39548800
2017-05-01,62.67934036254883,62.805764061314804,61.85757943099515,62.02012517077638,31954400
2017-05-02,62.58002471923828,62.95026369084297,62.42650427776621,62.95026369084297,23906100
2017-05-03,62.38133239746094,62.65223734338043,62.04720871896197,62.65223734338043,28928000
2017-05-04,62.13752746582031,62.38134956277133,61.98401393193327,62.33619528123934,21749400
2017-05-05,62.309112548828125,62.33620236499532,61.84856500525527,62.218810865078524,19128800
2017-05-08,62.254913330078125,62.35424721782367,61.7853336989947,62.28200313772242,18566100
2017-05-09,62.34523010253906,62.56195550581849,62.02013855283176,62.182684327685415,22858400
2017-05-10,62.58903121948242,62.81478880649781,62.2368499349044,62.30006178368571,17977800
2017-05-11,61.821449279785156,62.06527130225806,61.514422305795826,61.73114763388088,28789400
2017-05-12,61.74921798706055,61.95691801624325,61.442190949527856,61.95691801624325,18714100
2017-05-15,61.79435729980469,61.839511565954375,61.017750771131404,61.5324777131987,31530300
2017-05-16,63.038612365722656,63.06585745028923,61.903354315013615,61.96692848869071,34956000
2017-05-17,61.2857780456543,62.75706815009967,61.240364948748756,62.56634561541474,30548800
2017-05-18,61.49465560913086,61.87610064095749,60.97697822906185,61.21311383741098,25201300
2017-05-19,61.476497650146484,61.848858696574005,61.240362029811095,61.30393620500923,26961100
2017-05-22,62.1667366027832,62.2121497026598,61.30394313765747,61.658143143683084,16237600
2017-05-23,62.3756103515625,62.43918451681705,62.10314568386339,62.411939435860006,15425800
2017-05-24,62.45736312866211,62.55726640626092,62.16673730175635,62.548189329436504,14593900
2017-05-25,63.22932052612305,63.465449158114055,62.58449493126081,62.63898508801817,21854100
2017-05-26,63.538150787353516,63.77428650995264,63.138537553580925,63.39284129357066,19827900
2017-05-30,63.94682312011719,63.94682312011719,63.365564584202666,63.383732594516154,17072800
2017-05-31,63.42913818359375,64.24652541360204,63.40189309743775,64.0558028814444,30436400
2017-06-01,63.665283203125,64.12847052329732,63.07494750942565,63.79243157665204,21603600
2017-06-02,65.17291259765625,65.26373187886838,63.792434578590736,63.97408007008199,34770300
2017-06-05,65.64515686035156,66.19916331341902,65.21829874775221,65.36361509632428,33316800
2017-06-06,65.8631362915039,65.95396249021776,65.6360846528515,65.66333666990532,31511100
2017-06-07,65.74508666992188,66.0902027435638,65.34547347902347,65.97213835946549,22301800
2017-06-08,65.345458984375,65.86313644454273,64.93676880547747,65.85405936790316,24588300
2017-06-09,63.865081787109375,65.4635271918826,62.293881469105536,65.42719809983483,49187400
2017-06-12,63.374637603759766,63.51995394481514,61.87609574968265,62.89328934987673,47761700
2017-06-13,64.16481018066406,64.31920366977731,63.53814528723431,63.59263547655244,25258600
2017-06-14,63.819644927978516,64.57345771690667,63.05675506621741,64.40090325525874,25510700
2017-06-15,63.4836540222168,63.76519590101363,62.48462797026147,62.91147932780039,26068700
2017-06-16,63.5744514465332,63.60169653135984,62.86605152477943,63.329238754028175,48345100
2017-06-19,64.3646011352539,64.42817531702812,63.89232984573162,64.02856221498098,23798300
2017-06-20,63.49270248413086,64.36457965567357,63.45637340251694,64.31916657139021,21512200
2017-06-21,63.819644927978516,64.13752263277554,63.51994215603707,63.76515477472793,19891100
2017-06-22,63.81059265136719,64.11029553977048,63.31107628891851,64.06488937077164,22965700
2017-06-23,64.67337799072266,64.70970707881611,63.5017908837026,63.656184311301004,27617300
2017-06-26,64.0558090209961,65.12749306326556,63.97407375469402,64.84595124058109,19607000
2017-06-27,62.85697555541992,63.73793703244648,62.82973046711044,63.67436285003561,25215100
2017-06-28,63.39281463623047,63.429136797601025,62.47552415765015,62.8569692136305,25806200
2017-06-29,62.20304489135742,63.11125115258527,61.8397610010535,63.01134790952509,28918700
2017-06-30,62.6026725769043,63.01136271888441,62.430111129414,62.46644021988909,24161100
2017-07-03,61.91244888305664,63.211184737171465,61.7762164926678,62.96597197772532,16165500
2017-07-05,62.738914489746094,63.06586942475522,61.95785624823168,61.99418534424009,21176300
2017-07-06,62.27570724487305,62.46642974107422,61.86701717145115,62.003242576548885,21117600
2017-07-07,63.08403396606445,63.42915000346142,62.393794962203565,62.393794962203565,16878300
2017-07-10,63.55630874633789,63.80152150975658,62.84790169065287,63.08403737588121,15014500
2017-07-11,63.56538009643555,64.19204488846522,63.34741244536436,63.57446410287463,17460000
2017-07-12,64.61888885498047,64.73695319637072,64.07396638300713,64.20111472883207,17750900
2017-07-13,65.18199157714844,65.42721126554929,64.76421732813029,64.9367788178148,20269800
2017-07-14,66.09927368164062,66.54429296501459,65.35454456435372,65.60884129771027,25868100
2017-07-17,66.616943359375,66.70776262079461,66.04477577627254,66.11743395703442,21803900
2017-07-18,66.57152557373047,66.6532608160223,65.99027408721868,66.38079615025428,26435300
2017-07-19,67.08014678955078,67.243624271186,66.7077787200778,66.75319182628036,22416200
2017-07-20,67.40708923339844,67.47974741820097,66.55337288463329,67.37076014099716,42361000
2017-07-21,67.01656341552734,67.47066669906197,66.45347284948058,66.70776957960936,46717100
2017-07-24,66.84400177001953,66.98023414052537,66.41714357599881,66.78042758765898,21394800
2017-07-25,67.37984466552734,67.48882501450497,66.75317994264226,67.0256446732182,22018700
2017-07-26,67.2527084350586,67.55241137786601,67.0347338396586,67.51608227863268,16252200
2017-07-27,66.44439697265625,67.58873227890136,65.6814998394265,66.9893195369253,36844200
2017-07-28,66.33540344238281,66.58061614804272,65.88130019340352,65.99936454367449,18306700
2017-07-31,66.02660369873047,66.69868143577374,65.76322993555941,66.57153309180666,23600100
2017-08-01,65.91764068603516,66.6805309503196,65.83589848396646,66.38990509786836,22132300
2017-08-02,65.62699127197266,65.89944901322693,64.88226235937458,65.89037193886354,26499200
2017-08-03,65.52711486816406,65.79049564296304,65.25465008621553,65.56344396769501,18214400
2017-08-04,66.00846099853516,66.33541595379192,65.608847846762,65.75416423979479,22579000
2017-08-07,65.7541732788086,66.20827667585966,65.62702488195973,66.11745738226304,18705700
2017-08-08,66.10832214355469,66.41710888830258,65.16378697816761,65.4725737229155,22044600
2017-08-09,65.81773376464844,65.85406286033181,65.4362886535728,65.61792720292316,22213400
2017-08-10,64.85503387451172,65.56343388374205,64.80053676906357,65.30005314945224,24734500
2017-08-11,65.84497833251953,66.02661688043094,64.7369651746872,65.03667501490082,21443700
2017-08-14,66.83492279052734,66.95299408740946,66.25367109978478,66.35357438373116,20096600
2017-08-15,66.85317993164062,67.19100224427083,66.68883149420486,67.19100224427083,19181400
2017-08-16,67.24578094482422,67.65664850192401,66.80751618006661,66.96273219355034,18150400
2017-08-17,66.10448455810547,67.44666233360775,66.10448455810547,67.1818783468911,22977500
2017-08-18,66.18663787841797,66.50620227278016,65.67533484743848,65.98576684025278,18761500
2017-08-21,65.87622833251953,66.17753499243568,65.4653537146383,66.168402587776,17734800
2017-08-22,66.79840850830078,66.87144685019958,66.05883695645971,66.05883695645971,14343700
2017-08-23,66.39665222167969,66.7892619609359,66.22317139368805,66.61578113294426,13766500
2017-08-24,66.36925506591797,66.52447107164812,65.80316455763051,66.4149031444365,17098300
2017-08-25,66.48795318603516,66.97186604203934,66.1775211523654,66.524475831052,12794300
2017-08-28,66.4970932006836,66.73447997149324,66.24144162228362,66.70708972609083,14569700
2017-08-29,66.69796752929688,66.79840307797485,65.78492215293953,65.96752844181765,11478400
2017-08-30,67.5744857788086,67.75709205559157,66.49709202743,66.66144046292786,16897800
2017-08-31,68.26841735839844,68.44189825382976,67.38276896600189,67.59276555585383,27652800
2017-09-01,67.5105972290039,68.24102956550556,67.23668074907488,68.21363931070975,21736200
2017-09-05,67.20925903320312,67.46491057960588,66.63404305379692,66.96273292347033,21556000
2017-09-06,67.01753997802734,67.60188853102505,66.97188491739331,67.32797209918928,16535800
2017-09-07,67.87577819824219,68.11317190552239,67.2001266870409,67.27317197635516,17471200
2017-09-08,67.54707336425781,67.96707323579679,67.4192406532862,67.86663772673523,14703800
2017-09-11,68.25927734375,68.42362579749354,67.8484027263993,67.8484027263993,17910400
2017-09-12,68.18623352050781,68.69753673616327,67.9031916641248,68.25927882731112,14394900
2017-09-13,68.67013549804688,68.68840030481664,68.06752922831673,68.4144839311321,13380800
2017-09-14,68.26841735839844,68.92581131373272,68.04015595535098,68.47842091423558,15733900
2017-09-15,68.7614517211914,68.83449703020756,67.62927729537721,68.3231937990626,38578400
2017-09-18,68.62448120117188,69.36404559079863,68.51491326841965,68.68839408711516,23307000
2017-09-19,68.8801498413086,69.12666904371065,68.48754002564321,68.67014632623852,16093300
2017-09-20,68.42361450195312,68.98057267180754,67.84839152581812,68.79795943891446,21587900
2017-09-21,67.75708770751953,68.69752320797029,67.6657845749871,68.57882983227638,19186100
2017-09-22,67.93968963623047,68.03099275357386,67.42837964034108,67.55620539781809,14111400
2017-09-25,66.88971710205078,67.793630221191,66.57927800128489,67.64753959354009,24149200
2017-09-26,66.88971710205078,67.39188796113555,66.64319090938602,67.26406214493328,18019600
2017-09-27,67.42841339111328,67.72058769244653,66.80754213003203,67.15450390197982,19565100
2017-09-28,67.4466552734375,67.53795840544161,66.93534519544606,67.14534866843972,10883800
2017-09-29,68.01274108886719,68.05839613934896,67.45578290970646,67.51057036348111,17079100
2017-10-02,68.122314453125,68.48753398810342,67.83927262235876,68.2136175953738,15304800
2017-10-03,67.80272674560547,68.3688102132191,67.73881387132712,68.17707159038409,12190400
2017-10-04,68.19534301757812,68.22273325693263,67.30055572476884,67.64751036656183,13317700
2017-10-05,69.36402893066406,69.50098707221366,68.44185154127591,68.67924518889652,21195300
2017-10-06,69.3914566040039,69.41884685389539,68.97145651837147,69.09014992322926,13959800
2017-10-09,69.65624237060547,69.89363615223876,69.26363252505148,69.36406808782002,11386500
2017-10-10,69.65624237060547,69.96667449844684,69.5192841517407,69.6927650267017,13944500
2017-10-11,69.77491760253906,69.81144024912139,69.34578521267491,69.72013711565685,15388900
2017-10-12,70.41403198242188,70.56924795854681,69.72924824142082,69.8388091817535,16876500
2017-10-13,70.75187683105469,71.09883849585195,70.56927056135915,70.84317996590246,15335700
2017-10-16,70.89795684814453,71.04404044892219,70.62404051846167,70.68795339992346,12380100
2017-10-17,70.8431625366211,70.8705597397194,70.53273056131658,70.73360158815171,16824000
2017-10-18,70.8614501953125,71.08057912891307,70.64232126171193,70.91623068721684,13300700
2017-10-19,71.13538360595703,71.15364145229894,70.62407335058033,70.82494449026566,15092800
2017-10-20,71.95709991455078,72.10319051038589,71.41840651587061,71.50970965527604,22866400
2017-10-23,71.97534942626953,72.44099742807553,71.91143654566979,72.12143302507684,20627200
2017-10-24,72.00276947021484,72.3132015999179,71.6375498730467,72.0392921265301,17517200
2017-10-25,71.79277038574219,72.22190291655238,71.22668659274564,71.74712228700835,20410800
2017-10-26,71.91146087646484,72.51406724515313,71.90232847158026,72.31319613359574,32120700
2017-10-27,76.52234649658203,78.70452483745879,76.3397401701596,77.03365674933754,71066700
2017-10-30,76.59534454345703,76.9970865728369,75.88317055754219,76.42186376422836,31756700
2017-10-31,75.9471206665039,77.02451457411273,75.88320776376372,77.02451457411273,27086600
2017-11-01,75.9471206665039,76.47668869834199,75.67320424562656,76.40364339064351,22307400
2017-11-02,76.74147033691406,77.11581533680018,75.89233781768002,76.10233436332781,23992900
2017-11-03,76.82362365722656,77.18884313558821,76.1479721501459,76.76884317356607,17633500
2017-11-06,77.12491607666016,77.33491253609068,76.76882906633806,76.87839001352586,19860900
2017-11-07,76.94229888916016,77.51752169592383,76.63186693362083,77.39882138799837,17939700
2017-11-08,77.20711517333984,77.25277022877441,76.54059594628924,76.8236377852299,18034200
2017-11-09,76.77796936035156,76.94231777892097,75.69145028323697,76.79623416573828,21178400
2017-11-10,76.57711029052734,76.78710680438613,75.99276186746764,76.50406499614921,19397800
2017-11-13,76.63189697265625,76.64102937668737,76.20276454097528,76.38537779168168,14196900
2017-11-14,76.74147033691406,76.78711842832354,75.76451201615951,76.23929256952371,18801300
2017-11-15,76.14501190185547,76.79652897284097,75.87889811213442,76.59464906333068,19383100
2017-11-16,76.34688568115234,76.54876559296514,76.10830669534447,76.2551239942287,20962800
2017-11-17,75.6127700805664,76.27346529598645,75.4659458100435,76.27346529598645,22079000
2017-11-20,75.73206329345703,75.78711889714153,75.47512780830685,75.612773818485,16315000
2017-11-21,76.82404327392578,76.93415447723514,75.92476210808843,75.92476210808843,21237500
2017-11-22,76.2642822265625,76.98921126444672,76.20004836249508,76.92497740037932,20553100
2017-11-24,76.40193176269531,76.55792729680894,75.96146595941201,76.17252409454007,7425600
2017-11-27,76.96167755126953,77.0626174728992,76.43862841235472,76.44779967725518,18265200
2017-11-28,77.88848114013672,78.05365492463915,77.09931828095465,77.14520261035865,21926000
2017-11-29,76.47532653808594,77.92518448469283,76.3285092908538,77.73248290965756,27381100
2017-11-30,77.23696899414062,77.55813831672309,76.4753338856121,76.63133641455171,33054600
2017-12-01,77.31956481933594,77.82425750425898,76.36522805026874,76.7139251962683,29532100
2017-12-04,74.40151977539062,77.47558208534466,74.05281553063455,77.4664038154909,39094900
2017-12-05,74.86949157714844,75.86971276247303,74.30974324524819,74.640083883382,26152300
2017-12-06,75.96149444580078,76.29184217190566,74.72269397339203,74.83281221575001,26162100
2017-12-07,75.69535064697266,75.97982091021484,75.24571358702805,75.74123498003419,23184500
2017-12-08,77.22782135009766,77.61322465507969,76.46618600860819,76.74147108318037,24489100
2017-12-11,78.20966339111328,78.33813112205435,77.19109280939027,77.34708833968068,22857900
2017-12-12,78.53083801269531,78.96212556748726,78.07202265669821,78.2830737999155,23924100
2017-12-13,78.3198013305664,78.91626285700495,78.15462747710603,78.6776768462358,22062700
2017-12-14,77.71414947509766,78.79695402644404,77.5673251964901,78.39319426124023,19306000
2017-12-15,79.69623565673828,79.91646509420673,77.88850181347287,78.23720600717945,53936700
2017-12-18,79.26493835449219,80.2926872719208,79.12729934851372,79.94399012183077,22283800
2017-12-19,78.76024627685547,79.23741117021831,78.24636831365687,79.23741117021831,23524800
2017-12-20,78.47575378417969,79.19151142310976,77.73247535259496,79.09974277642515,23674900
2017-12-21,78.45743560791016,79.00801270321074,78.36567392552134,78.96213536250013,17990700
2017-12-22,78.46662139892578,78.57673262796155,77.92521551928293,78.36568143833081,14145800
2017-12-26,78.36566925048828,78.48495873038058,78.02614334484022,78.28307884058808,9891200
2017-12-27,78.6501235961914,78.89788779672095,78.20048652981643,78.59506799650323,14678000
2017-12-28,78.6593017578125,78.85200335742948,78.50330622492729,78.82447555762225,10594300
2017-12-29,78.49412536621094,78.96211895038032,78.45741930069117,78.57670876290581,18717400
2018-01-02,78.87036895751953,79.20071662443635,78.4574378743574,79.03554279097794,22483800
2018-01-03,79.2374267578125,79.38425106217161,78.88872953641184,78.97131295688773,26061400
2018-01-04,79.93482208251953,80.43952183890868,79.43930059469226,79.45765013084839,21912000
2018-01-05,80.92585754394531,81.12773742775576,80.22845621831836,80.43951436983846,23407100
2018-01-08,81.00843048095703,81.2837224689322,80.38444137571726,80.93501835070151,22113000
2018-01-09,80.95338439941406,81.42137803359573,80.62303677539958,81.34796589471098,19484300
2018-01-10,80.5863265991211,80.92585247343499,80.21010165820196,80.62303266669285,18652200
2018-01-11,80.82491302490234,80.8707903589186,80.05409960318352,80.8707903589186,17808900
2018-01-12,82.21971893310547,82.3848927584566,81.16444210452701,81.36632200228588,24271500
2018-01-16,81.07269287109375,83.3117146249514,80.76070170917905,82.67854703040052,36599700
2018-01-17,82.71522521972656,82.84369294907874,81.43971919189697,81.74253898292689,25621200
2018-01-18,82.67850494384766,83.20155403801664,82.27475229283482,82.40322000010686,24159700
2018-01-19,82.58675384521484,83.14650907024301,82.2747628022632,82.7152215688968,36875000
2018-01-22,84.06414794921875,84.0733262163761,82.3481760410562,82.58676198038127,23601600
2018-01-23,84.33026123046875,84.69731490413442,83.99991362426631,84.33026123046875,23412800
2018-01-24,84.25684356689453,85.73422943075708,84.03661417753244,84.92671700245205,33277500
2018-01-25,84.724853515625,85.55989390382558,84.35779979512222,84.85332126765586,26383200
2018-01-26,86.3123550415039,86.3123550415039,84.95426531142833,85.44978680785084,29172200
2018-01-29,86.18389129638672,87.5878654344753,86.00036791922578,87.30340209958543,31569900
2018-01-30,85.10110473632812,85.94533065401207,84.5138214028773,85.61498290382478,38635100
2018-01-31,87.1841049194336,87.54198037402911,85.80765870915316,86.02788814252715,48756300
2018-02-01,86.49588775634766,88.15679739054353,85.87189848478197,86.98223099723586,47227900
2018-02-02,84.22013854980469,86.22975188051711,83.96320309219081,85.92693209077241,47867800
2018-02-05,80.75152587890625,85.55991023233351,80.75152587890625,83.1006589368917,51031500
2018-02-06,83.80720520019531,83.9448511917385,78.22800941724392,79.73292305592652,67998600
2018-02-07,82.22888946533203,84.2109681821036,81.85265750927424,83.03640197942907,41107600
2018-02-08,78.00779724121094,82.47665481232892,77.77838953834969,82.32065925461546,55628700
2018-02-09,80.91667175292969,81.60489474685879,76.92497978833416,79.19152863516194,63499100
2018-02-12,81.78841400146484,82.38487529999955,80.68726006645154,81.43053862253723,35720300
2018-02-13,82.4307632446289,82.58675877541722,80.56797413907132,81.60489425668148,26407700
2018-02-14,83.72150421142578,83.88745396049508,81.50885026897562,81.60104301093514,34960900
2018-02-15,85.42709350585938,85.48240773902951,83.54633220567332,84.0902742554588,27823900
2018-02-16,84.81857299804688,86.20148451431938,84.63418760941789,85.23344363938794,30596900
2018-02-20,85.48238372802734,85.79584033975138,83.905865220812,84.33917868254451,30911700
2018-02-21,84.34835815429688,86.0723899075065,84.34835815429688,85.72205495092825,26922500
2018-02-22,84.56967163085938,85.4916128554965,84.22855084555644,84.86469254138912,24392800
2018-02-23,86.71781158447266,86.72703296856355,85.15051391406807,86.29371935640853,26329200
2018-02-26,87.97164916992188,87.99930628728168,86.89297938976037,87.03127201041426,30199800
2018-02-27,86.84687042236328,88.35885363998281,86.84687042236328,88.26666091380682,25869100
2018-02-28,86.45043182373047,88.23900018037723,86.32136060560687,87.43690872444873,31167300
2018-03-01,85.60223388671875,87.18797378116913,84.67107136100493,86.65324622906792,37135600
2018-03-02,85.78665161132812,85.87884434619906,83.76759765853701,84.43139660377545,32830400
2018-03-05,86.33056640625,86.91138678297426,85.05829018558384,85.13204012987636,23901600
2018-03-06,86.03557586669922,87.11424567550095,85.68524064774837,86.97595305117521,22175800
2018-03-07,86.53339385986328,86.60715083739522,85.21501778035308,85.88803789109012,26716100
2018-03-08,87.05890655517578,87.67660546223755,86.45042199560828,86.91139258903104,25887800
2018-03-09,89.00421142578125,89.00421142578125,87.58442101992217,87.85178483341384,36937300
2018-03-12,89.21624755859375,89.62190394074366,88.54323441604853,88.9673265274538,26073700
2018-03-13,87.04048919677734,89.64957796048643,86.63483273811599,89.4283139984232,35387800
2018-03-14,86.52418518066406,87.96241831825452,86.20150714890944,87.69505451084254,32132000
2018-03-15,86.82842254638672,87.1972004333656,85.5838033324545,86.22915935927767,27611000
2018-03-16,87.21563720703125,87.9347502266334,86.5887169018147,87.28939419208102,49081300
2018-03-19,85.6391372680664,86.5703000644279,84.92002409153459,86.42278606213686,33344100
2018-03-20,85.86038970947266,86.45043157170436,85.7405398740941,85.78663975208407,23075200
2018-03-21,85.26113891601562,86.70858655030979,85.01221081321962,85.67600970886994,24457100
2018-03-22,82.7811050415039,84.58810903346983,82.66125521211785,84.14557414199594,38604700
2018-03-23,80.37484741210938,83.39881392363783,80.28265468360752,82.51375106908226,44068900
2018-03-26,86.45965576171875,86.66248397729503,83.34349663599922,83.53710346890728,56396800
2018-03-27,82.48611450195312,87.71352158598549,81.60105142692035,87.52913608304969,56569000
2018-03-28,82.41230773925781,84.10868288445016,81.93290150070342,82.80874266173332,52501100
2018-03-29,84.14558410644531,85.0859682244918,81.49961692773682,83.14067140896401,45867500
2018-04-02,81.61024475097656,83.78602688752426,80.67908905705598,83.40803459374112,48515400
2018-04-03,82.7073745727539,83.02083835344123,81.02944125407909,82.5875247049399,37213800
2018-04-04,85.12284088134766,85.51927591687797,80.88191235972218,80.99254081270955,35560000
2018-04-05,85.16891479492188,85.80505639361891,84.26541647169505,85.22423604297309,29771900
2018-04-06,83.186767578125,85.24269276249161,82.495311594944,84.34840856549421,38026000
2018-04-09,83.68460083007812,85.89726114860306,83.54631527517608,83.93352889660831,31533900
2018-04-10,85.62989807128906,85.9986759664468,84.4866929267681,85.17814884249384,26812000
2018-04-11,84.68953704833984,86.00791352362451,84.33920185067187,84.82782966426431,24872100
2018-04-12,86.27527618408203,86.81000387357125,85.2150421883995,85.2150421883995,26758900
2018-04-13,85.81429290771484,86.82842687203943,85.22425107269495,86.70857704218815,23346100
2018-04-16,86.81922149658203,87.27097785500555,86.12776543426357,86.72702876171053,20288100
2018-04-17,88.57091522216797,89.00422883105159,87.47380264085457,87.58443814754456,26771000
2018-04-18,88.91202545166016,89.17016790252129,88.06383406958957,88.70919723059663,21043300
2018-04-19,88.60777282714844,89.49283557037,87.89787413588984,88.91201512340213,23552500
2018-04-20,87.58441162109375,88.60776688800635,86.708570318424,88.42338146655575,31154400
2018-04-23,87.9071044921875,88.7737315940436,87.24330560854062,88.26666104852052,22331800
2018-04-24,85.85118865966797,88.93969104936454,85.19661108716579,88.72764142515867,34524800
2018-04-25,85.10440063476562,86.01712760204101,83.23286088857827,86.01712760204101,33729300
2018-04-26,86.90218353271484,87.72271067625822,85.8327283146091,86.24760609426191,42529000
2018-04-27,88.34040069580078,90.25803997558148,86.57949675722006,89.98145481708998,48272800
2018-04-30,86.21992492675781,88.87511968400868,85.87881123586529,88.81058409109507,41523600
2018-05-01,87.58441162109375,87.85177540589419,85.54692246849697,85.934136073855,31408900
2018-05-02,86.21074676513672,87.74116591109097,85.91572578315427,87.57521616910991,27471000
2018-05-03,86.72701263427734,87.51988266767174,85.23346528521623,85.70365728963698,31142500
2018-05-04,87.7319564819336,87.92556335279521,85.66680245836548,86.03558046499232,22531300
2018-05-07,88.7092056274414,89.16095495920908,87.67662869240321,87.74116431122717,24242000
2018-05-08,88.3311996459961,88.6538847497928,87.63974362446784,88.36807814454014,23484600
2018-05-09,89.37298583984375,89.40064295156017,87.63051746317478,88.51558020736748,27327400
2018-05-10,90.26725769042969,90.30412914513514,89.47438777106542,89.85237996954235,22388100
2018-05-11,90.07366180419922,90.23039717024562,89.46518420645309,90.16586156088083,16778300
2018-05-14,90.3779067993164,90.98639144895537,89.71410792111175,90.27649269104325,19454100
2018-05-15,89.72332763671875,90.21195540358097,88.8198220617602,89.64957064409887,24594000
2018-05-16,89.95482635498047,90.18631072178981,89.46408062763942,90.14927237537925,17384700
2018-05-17,89.05664825439453,90.31592352573514,88.7325716178747,89.59369357453643,17246700
2018-05-18,89.22332000732422,89.75110399293281,88.89924336078228,88.89924336078228,17865800
2018-05-21,90.3714599609375,90.75109756455876,89.63071451614934,89.8158991112615,19422500
2018-05-22,90.27889251708984,90.89926885227815,90.00110848360838,90.44556152431043,15441200
2018-05-23,91.35298919677734,91.41780453356726,89.18629196173644,89.54740699018627,21251200
2018-05-24,91.02889251708984,91.61223752967211,89.63998658517531,91.41779154692499,26649300
2018-05-25,91.0751953125,91.6492789937612,90.61222665274322,91.01964133391834,18363900
2018-05-29,90.75112915039062,91.55669019027664,90.0288990880065,90.59371441898382,28671000
2018-05-30,91.6214828491211,91.8992668340533,90.65851438052721,91.02888360798322,22158500
2018-05-31,91.51964569091797,92.58447507266598,91.30668405317324,91.9363217434323,34140900
2018-06-01,93.32523345947266,93.39004879633367,91.8252122951067,91.92706597650857,28655600
2018-06-04,94.14002227783203,94.31595258558225,93.38075414633967,93.76039174425554,27281600
2018-06-05,94.62154388427734,94.75117455337325,94.01042181767524,94.4456135200722,23514400
2018-06-06,94.89930725097656,95.00116091413523,94.35300766161707,94.89005296475533,21122900
2018-06-07,93.40856170654297,95.08451319241237,92.94559300982556,95.04747484895397,28232200
2018-06-08,94.10298919677734,94.39928879963897,93.09372110289674,93.60298229238465,22165100
2018-06-11,93.56596374511719,94.06596365315312,93.21410306214432,93.52892540668107,23490900
2018-06-12,93.80669403076172,93.93632467162368,93.28817146731386,93.61224806946878,18325200
2018-06-13,93.38079071044922,94.45488154667851,93.11226800139191,94.18635883762119,29492900
2018-06-14,93.9085693359375,94.473391714624,93.51967732369681,94.1215380460741,25691800
2018-06-15,92.71409606933594,94.0104096569519,92.65854209386436,93.99189401990827,65738600
2018-06-18,93.3900375366211,93.62152186383572,92.05668555127563,92.60299223695952,23586000
2018-06-19,93.3900375366211,93.519668194714,92.13076223142617,92.26965424062317,28653100
2018-06-20,94.32523345947266,94.92708704129342,93.63078049798024,93.86226481847771,26180800
2018-06-21,93.6492919921875,94.87152886776775,93.40854633150549,94.51967525934059,23198200
2018-06-22,92.97338104248047,93.30671201918042,92.25114391066161,92.97338104248047,38923100
2018-06-25,91.10298156738281,92.6955950492168,90.09371317734954,92.59374136856404,35433300
2018-06-26,91.74187469482422,92.66781204847159,91.43631367267865,91.50112900486032,26897200
2018-06-27,90.31593322753906,92.61225398241558,90.18630255900611,92.20484633745842,31298400
2018-06-28,91.3251953125,91.76964833433253,90.0566657054997,90.16777366270198,26650700
2018-06-29,91.30667877197266,92.51040010160192,91.04741745527492,91.6029784288188,28053200
2018-07-02,92.60298919677734,92.64928182209586,90.74185328905777,90.8344456040356,19564500
2018-07-03,91.71411895751953,93.17709494639992,91.61226525986834,93.03820996264196,14670300
2018-07-05,92.37151336669922,92.51965967141116,91.69557598299063,92.13076767415818,18977400
2018-07-06,93.66780853271484,93.91780846304,92.28815704799806,92.49186435792082,19234600
2018-07-09,94.30671691894531,94.67709326880646,93.75115592632424,94.12153227618539,18212000
2018-07-10,94.55674743652344,94.91786252461151,94.3160016896837,94.4456323846721,19293100
2018-07-11,94.42707824707031,94.76040913805146,93.61224899435594,93.6585486798384,19644600
2018-07-12,96.4734115600586,96.67711890060255,95.12154392157908,95.15857519773151,24335900
2018-07-13,97.62158203125,97.77898969649539,96.38082222060902,96.64009063108253,24635200
2018-07-16,97.14009094238281,97.98269025883917,96.7789688760828,97.59379826662854,21786900
2018-07-17,98.1030502319336,98.61231855254216,96.59377503574748,96.86229768985557,25901700
2018-07-18,97.33456420898438,98.19568646976599,96.96418775172522,98.09383276741114,29493900
2018-07-19,96.66786193847656,97.51046126385334,96.1956319061692,97.15860760970082,40171600
2018-07-20,98.39936065673828,100.18642005351673,98.22343736116461,100.07531209091051,56004000
2018-07-23,99.97348022460938,100.13088791553395,98.26975142812111,98.42716618338869,29707000
2018-07-24,99.6864242553711,100.760507970013,99.31604788108908,100.52902361912945,26316600
2018-07-25,102.62163543701172,102.9179350984722,99.63085476860714,99.96419277079282,30702100
2018-07-26,101.50123596191406,102.77902672396856,101.39012095742844,102.53828107975306,31372100
2018-07-27,99.70492553710938,102.01976871259545,98.27898129328908,102.01976871259545,37005300
2018-07-30,97.56599426269531,99.56601471483616,97.00117206948595,99.25119949335652,34668300
2018-07-31,98.22341918945312,98.81601842819134,97.57525891534932,98.60304976536034,27655200
2018-08-01,98.40861511230469,98.56602275786062,97.61230846916875,98.17713078730799,23628700
2018-08-02,99.60309600830078,100.08458039716639,97.0752835398145,97.59381334052648,26104300
2018-08-03,100.03826904296875,100.04753039419745,98.90862438066563,99.81604606386784,18659600
2018-08-06,100.12161254882812,100.39013525335744,99.59382849215798,100.11235826078169,20265900
2018-08-07,100.8160629272461,101.01977028828554,100.158648212109,100.51976323782738,16080200
2018-08-08,101.3808822631836,101.62162796119844,100.70495192844793,101.23273595510327,15487500
2018-08-09,101.54754638671875,102.00126076966394,101.48273105548961,101.58458472804129,13677200
2018-08-10,100.92718505859375,101.56608417872852,100.3531012793174,101.31607710374433,18183700
2018-08-13,100.19569396972656,101.46423086184004,100.09384028167077,101.14940844484691,18472500
2018-08-14,101.44568634033203,101.62161668447509,100.03826478021008,100.51974905846893,16788300
2018-08-15,100.07002258300781,101.30625280099213,99.28923851170255,100.84150257259219,29982800
2018-08-16,100.05143737792969,101.18542916932982,99.73541059883199,100.66491113715651,21384300
2018-08-17,99.99568176269531,100.293121687432,99.16842675041117,99.79119048477749,18061500
2018-08-20,99.33575439453125,100.29313909685526,98.97324964494311,99.9306343472671,17914200
2018-08-21,98.50845336914062,99.78186435086037,98.38761378119341,99.38217890389484,22881900
2018-08-22,99.51233673095703,99.77259577677289,98.32257704064047,98.38764180209444,18000600
2018-08-23,99.97709655761719,100.55338956494319,99.33574587417958,99.5960049447372,18167700
2018-08-24,100.75785827636719,100.90657467269689,99.97707414817603,100.07931977319542,17234000
2018-08-27,101.8732681274414,101.91044900380632,100.86011583972417,101.56653121607623,19662300
2018-08-28,102.4867172241211,102.70979533696341,102.04985089664108,102.18927737648954,19151500
2018-08-29,104.12265014648438,104.13194713775961,102.4960241581178,102.66333454343943,20818000
2018-08-30,104.05757904052734,104.6710527797784,103.58353888731635,103.79732003291517,22798700
2018-08-31,104.41080474853516,104.82907718452262,103.65790443562014,103.81592492816208,23222700
2018-09-04,103.83448791503906,104.06686301298468,102.4495343169102,103.03511701078409,22634600
2018-09-05,100.84151458740234,103.56495153397222,100.47900993338166,103.1838599888723,32872400
2018-09-06,101.07388305664062,101.3062581831862,99.93060140529094,100.61842979423858,23477600
2018-09-07,100.58125305175781,101.05530031499723,99.67034648956201,100.59984703389932,22498600
2018-09-10,101.66877746582031,101.91044961788492,100.72068993314704,101.1668462691602,20727900
2018-09-11,103.39763641357422,103.72296017901333,101.21331159816746,101.22260858904464,24301800
2018-09-12,103.83448791503906,103.96461740256659,102.71909028151015,103.574228939984,18891100
2018-09-13,104.94992065429688,105.71211089534839,104.21561429779784,104.21561429779784,26055600
2018-09-14,105.37749481201172,105.71211562466567,104.51305889457689,105.36819781956926,19122300
2018-09-17,104.23418426513672,105.68420275863276,103.97392526287086,105.6749128596418,20736500
2018-09-18,105.2287368774414,105.68419007675324,103.84378330070334,104.28064961273769,22170900
2018-09-19,103.82522583007812,105.33101952394155,103.21175905285587,105.08005745406143,21728400
2018-09-20,105.56338500976562,105.7771732723945,104.03900456202024,104.36432836034513,23714500
2018-09-21,106.20472717285156,107.16211153569421,105.5076018106039,105.96305506164512,71229700
2018-09-24,106.58580780029297,106.79959600982471,104.308534686083,105.06142773114769,27334500
2018-09-25,106.38134765625,106.98552450330477,105.73070003113087,106.70667856033681,22668000
2018-09-26,105.9444808959961,106.94833614863424,105.72139564738606,106.39993420173643,19352000
2018-09-27,106.34417724609375,106.8089275906535,106.14897586083448,106.68808796249037,19091300
2018-09-28,106.3069839477539,106.49288122724853,105.66562627790216,106.13967355959808,21647800
2018-10-01,107.45956420898438,107.52462896688472,106.64160623944751,106.66019313105043,18883100
2018-10-02,107.03199005126953,107.67334061033199,106.37204550990008,107.17141655246621,20787200
2018-10-03,107.0505599975586,107.98935739272393,106.82748188586966,107.28293509892944,16648000
2018-10-04,104.83837890625,106.66949631688402,103.76015475097279,106.53006980142202,34821700
2018-10-05,104.22489929199219,105.19158076295881,102.83994538937422,104.68964959006114,29068900
2018-10-08,103.03515625,104.13196741366653,101.63160813826356,103.78805667631049,29640600
2018-10-09,104.34574890136719,105.10793917953494,102.98867875202107,103.30470558104132,26198600
2018-10-10,98.67578125,103.63931075580736,98.33186349543931,103.39763862850724,61376300
2018-10-11,98.44339752197266,101.25048580229127,96.85394548838072,97.9228724400231,63904300
2018-10-12,101.84539794921875,103.39766251583748,99.56812392473151,101.32487979311378,47742100
2018-10-15,100.01424407958984,101.76170941311076,99.41006738643688,101.23189445575133,32068100
2018-10-16,103.17456817626953,103.55566683202471,101.26908908054749,101.81749813051985,31610200
2018-10-17,102.90502166748047,103.92747101938822,101.82680454284991,103.80663848131293,26548200
2018-10-18,100.850830078125,102.73771544171643,100.22806628560004,102.338029840695,32506200
2018-10-19,100.99954223632812,103.04444079334209,100.58126269635228,101.250504287092,32785500
2018-10-22,101.90115356445312,102.74700255870667,100.60914823007694,101.61301063264362,26545600
2018-10-23,100.47900390625,101.28767190445716,97.69979936162365,100.17226703539285,43770400
2018-10-24,95.10649871826172,100.84151557417124,94.42796017704197,100.76716091760018,63897800
2018-10-25,100.6649169921875,101.566526609921,98.66648930024881,99.0382909555092,61646800
2018-10-26,99.41937255859375,101.08317930339832,97.37447429665266,98.23891004470138,55523100
2018-10-29,96.52864074707031,101.03671746552051,94.46514817663267,100.48831548786883,55162000
2018-10-30,96.41712188720703,97.02129173889041,93.05232641093373,96.35205711433981,65350900
2018-10-31,99.27996826171875,100.51620590419881,97.96007895952818,98.00655683149687,51062400
2018-11-01,98.45270538330078,99.75400768830724,98.09020070361338,99.50304563757251,33384200
2018-11-02,98.67578125,99.75399819448464,97.5789703233627,98.97322114070539,37680200
2018-11-05,99.93061828613281,100.14439946741327,98.43412165106052,98.87098809740833,27922100
2018-11-06,100.12580108642578,101.16683717118708,98.78731801570244,99.80976720960435,24340200
2018-11-07,104.06687927246094,104.32713828817903,101.68736016700822,101.72454103947172,37901700
2018-11-08,103.87168884277344,104.29925825458824,103.0909117668142,103.91816670794907,25644100
2018-11-09,101.84539794921875,103.59285682437685,101.09250460320578,103.03515778690324,32039200
2018-11-12,99.33575439453125,102.20790850150325,98.6200347975804,101.70597721172079,33621800
2018-11-13,99.40079498291016,101.07389178358157,99.12194197036824,99.96779090795914,35374600
2018-11-14,97.9911880493164,101.0624569322997,97.52442999030065,100.91309093477652,39495100
2018-11-15,100.1476058959961,100.63303825557124,97.00166120259762,98.00985317601787,38505200
2018-11-16,101.09044647216797,101.64121748251114,99.69950965420142,99.9608929894261,33502100
2018-11-19,97.6644515991211,101.34249998868756,96.6655897116925,101.07177947984925,44773900
2018-11-20,94.94792938232422,96.1241617579929,92.74483063774748,95.03194954166787,64052500
2018-11-21,96.25482177734375,97.48706243896098,95.44266040771569,96.71224255873476,28130600
2018-11-23,96.21751403808594,96.90831402892918,95.21865199323946,95.37734803724233,13823100
2018-11-26,99.3914566040039,99.5408154709154,97.6271118105025,97.82314932954017,32336200
2018-11-27,100.01692199707031,100.194292348663,98.35526435213833,99.20476036427364,29124500
2018-11-28,103.73230743408203,103.9283449525572,100.68904307597685,100.71704741830726,46788500
2018-11-29,102.86415100097656,103.73232134041753,101.78126880461438,102.99484269748051,28123200
2018-11-30,103.51758575439453,103.59226874160974,102.08930745417148,103.3402154402988,33665600
2018-12-03,104.6378173828125,105.87939551880592,103.36824202521939,105.48732046180675,34732800
2018-12-04,101.30517578125,105.15126512305604,101.01578803579704,104.49780662617408,45197000
2018-12-06,101.93060302734375,101.97727454887641,98.01916914155584,98.78465189187011,49107400
2018-12-07,97.85116577148438,102.17334312394328,97.36574049129504,101.17448109552781,45044900
2018-12-10,100.43700408935547,100.80108195811455,96.98299701369645,97.83250017052869,40801500
2018-12-11,101.37052917480469,103.57362815990635,100.29699115320204,102.5000901383037,42381900
2018-12-12,101.82791900634766,103.8723140430038,101.79057751461568,103.51758055479199,36183000
2018-12-13,102.17333984375,103.49893819056844,101.40785688507376,102.29470150152355,31333400
2018-12-14,98.98072052001953,101.99598094850305,98.48595807869638,101.05312760207472,47043100
2018-12-17,96.04948425292969,98.76601989854912,94.94793481758353,98.40194913893302,56957300
2018-12-18,97.05766296386719,97.56176247568864,95.70406044448677,96.85228829732932,49319200
2018-12-19,96.7962646484375,99.77417548632292,94.61183376828855,96.75892315828031,68198200
2018-12-20,94.76122283935547,97.37506368837504,92.21272071134459,96.19883851128947,70334200
2018-12-21,91.69930267333984,96.15217196963808,90.9804911857377,94.8732521668397,111242100
2018-12-24,87.87185668945312,91.456561758463,87.7318349900932,91.18584126943097,43935200
2018-12-26,93.87435913085938,93.99572075928221,87.71315545081991,88.81470452711191,51634800
2018-12-27,94.45317840576172,94.46251556285765,89.99097168389481,92.69817034642347,49498500
2018-12-28,93.71568298339844,95.60138953956941,92.9035213927114,95.30265754304403,38196300
2018-12-31,94.81721496582031,95.59203491534865,93.76234450397095,94.55583163878943,33173800
2019-01-02,94.39714813232422,94.98526069599663,92.36208280255053,92.93152817846168,35329300
2019-01-03,90.9244613647461,93.52897190352745,90.73775388828604,93.44495175857993,42579100
2019-01-04,95.15328979492188,95.69473080489634,92.3527416880828,93.09022021087655,44060600
2019-01-07,95.274658203125,96.40421191620482,94.26646615054872,94.88258312033628,35656100
2019-01-08,95.96546173095703,97.05767390191076,94.9479254381183,96.18950360962789,31514400
2019-01-09,97.33772277832031,97.90716818175943,96.37620231347934,96.95498487233168,32280800
2019-01-10,96.71228790283203,96.85231677320203,95.57339686966353,96.357554270437,30067600
2019-01-11,95.96546173095703,96.56291148885461,94.88257959341585,96.32953245460827,28314200
2019-01-14,95.26531982421875,96.03080273305875,94.52784125853005,95.12529098629969,28437100
2019-01-15,98.02852630615234,98.06586780429797,95.10661639517912,95.6947360882696,31587600
2019-01-16,98.37391662597656,99.1954152901307,97.9818416029005,98.26189926061888,29853900
2019-01-17,99.06472778320312,99.5408158503254,97.7951453598856,98.01918722218798,28393000
2019-01-18,100.54903411865234,100.72640448469052,98.86870914720116,100.3156550568816,37427600
2019-01-22,98.65396118164062,99.97955205817917,97.88847842398981,99.65282291567476,32371300
2019-01-23,99.6155014038086,99.92356342373857,98.33658179274825,99.06473032771797,25874300
2019-01-24,99.13939666748047,99.88621231872824,98.33657233514577,99.75552064808416,23164800
2019-01-25,100.04495239257812,100.70774819194787,99.13944033132937,100.11029825668035,31225600
2019-01-28,98.09385681152344,99.40078055364783,97.70178182553454,99.1954059070361,29476700
2019-01-29,96.09614562988281,97.99118209478706,95.37733427426666,97.90716194574514,31490500
2019-01-30,99.30745697021484,99.30745697021484,97.39375291445602,97.6644734839579,49471900
2019-01-31,97.48707580566406,98.22455429760602,96.32018080996387,96.89896329180942,55636400
2019-02-01,95.94676971435547,97.17901050289915,95.54535756463949,96.88028567907527,35535700
2019-02-04,98.70999145507812,98.76600726473622,95.93744746945329,96.03080477816253,31315100
2019-02-05,100.09159851074219,100.13827004297114,98.91536621726684,99.00871640388745,27325400
2019-02-06,98.98072052001953,99.88623236417548,98.51396242485984,99.88623236417548,20609800
2019-02-07,98.27123260498047,98.56995745960565,97.35639085363685,98.19655673294592,29760700
2019-02-08,98.64466094970703,98.74734830752304,97.32840673377326,97.4497612829359,21461100
2019-02-11,98.25255584716797,99.49413379664576,97.99117251510141,99.13939316984545,18914100
2019-02-12,99.78353118896484,100.01691020421121,98.46727724649973,99.08339414322573,25056600
2019-02-13,99.70887756347656,100.61438954889209,99.61552735431468,100.35300611437306,18394900
2019-02-14,99.7928695678711,100.15694026634826,98.63531163225558,99.24209138160923,21784700
2019-02-15,101.02510070800781,101.09978369588397,100.2222763937433,100.73571303268982,26606900
2019-02-19,100.9784164428711,101.43584437654577,100.61434579992925,100.6236829534348,18038500
2019-02-20,100.45344543457031,101.19407364484636,99.64719230199539,101.11907169005332,21607700
2019-02-21,102.57219696044922,102.63782187813824,100.19093870739408,100.21906265032085,29063200
2019-02-22,104.03471374511719,104.25033543939416,102.95658381599054,103.17221266284811,27763200
2019-02-25,104.61595153808594,105.16908200205589,104.30658099823759,104.77533247673622,23750600
2019-02-26,105.33781433105469,106.16281421347584,104.22218371922284,104.30656268988359,21536700
2019-02-27,105.15970611572266,105.33783396831883,103.9503264297076,104.70970869690497,21487100
2019-02-28,105.0284423828125,105.82531836904346,104.74719582139048,105.03781941396694,29083900
2019-03-01,105.49720764160156,105.9565820923151,104.69095451846677,105.83470928163845,23501200
2019-03-04,105.24407958984375,106.17220547605116,103.8753261877115,105.95657665775063,26608000
2019-03-05,104.71907806396484,105.36595739700034,104.27845767969917,105.23470755443952,19538300
2019-03-06,104.76594543457031,105.61907647716369,104.46594480309798,104.87844835358966,17687000
2019-03-07,103.49095153808594,104.5784584086641,103.00345314434466,104.43783153366452,25339000
2019-03-08,103.60346221923828,103.7909599648779,102.00033289050386,102.33783455471958,22818400
2019-03-11,105.7784652709961,105.89096105341319,104.0440861504566,104.05345603060451,26491600
2019-03-12,106.51907348632812,106.86594495371561,105.60969460222127,105.76906836575492,26132700
2019-03-13,107.34408569335938,107.81283715926924,106.66908243803641,106.99720703365738,35513800
2019-03-14,107.42845153808594,108.00032886683742,107.18470593925169,107.38158068565443,30763400
2019-03-15,108.66594696044922,109.92219720960713,107.42843646653964,108.1315635275819,54681100
2019-03-18,110.22221374511719,110.25971471877288,108.79721250909778,108.90970827748548,31207600
2019-03-19,110.29721069335938,111.03783879618774,109.67845538495375,110.7097070797174,37588700
2019-03-20,110.17532348632812,111.32845505210769,109.41594852385047,110.0534506999362,28113300
2019-03-21,112.70658111572266,113.26908133204434,109.77219294707103,109.81907094533881,29854400
2019-03-22,109.73471069335938,112.11596162159397,109.72533366220217,112.03158979891641,33624500
2019-03-25,110.30658721923828,110.6347117816266,109.0503296984928,109.27532837661923,27067100
2019-03-26,110.54096984863281,111.29096787353255,109.54721191558593,111.20659604617036,26097700
2019-03-27,109.47219848632812,110.82220480317581,108.30031998978083,110.51282716346843,22733400
2019-03-28,109.62224578857422,110.23162427866981,108.87224039267478,110.10037440727464,18334800
2019-03-29,110.5690689086914,110.9253173539054,109.65031313066459,110.69094168275933,25399800
2019-04-01,111.58158874511719,111.66596772298894,110.71908781897977,111.51596383014106,22789100
2019-04-02,111.740966796875,112.01284348123814,111.11283445244611,111.61908684892447,18142300
2019-04-03,112.47221374511719,112.90346418126737,111.7034617237053,112.36908786336618,22860700
2019-04-04,111.90035247802734,112.71598261795327,110.98159644158503,112.59410265702672,20112800
2019-04-05,112.39723205566406,112.71598678921438,111.90973365165667,111.92848056418075,15826200
2019-04-08,112.43473052978516,112.51910236313503,111.225350850377,112.32222759940534,15116200
2019-04-09,111.82534790039062,112.06910066394165,111.1690987130375,111.2159695678029,17612000
2019-04-10,112.67847442626953,112.82847116904648,112.0690961183983,112.2753478982236,16477200
2019-04-11,112.8097152709961,113.29721358690699,112.42533568420306,113.00659000353197,14209100
2019-04-12,113.39098358154297,113.41911467936121,112.84723728425301,113.1003599439759,19745100
2019-04-15,113.4847183227539,113.98159366900393,113.03471382558513,113.38159244116478,15792600
2019-04-16,113.22220611572266,114.0472131290052,112.59408097793963,114.03783609860558,14071800
2019-04-17,114.15972900390625,114.23473095516515,113.00660440176463,113.66285359383062,19300900
2019-04-18,115.65973663330078,115.80035634779995,113.71910589483697,114.55348291290336,27991000
2019-04-22,116.0253677368164,116.2503664433392,114.90973693131684,114.95661494010822,15648700
2019-04-23,117.6003646850586,117.73161451731232,116.0909844615613,116.34410709445652,24025500
2019-04-24,117.19725036621094,117.98474944177441,116.73786875288543,117.92850155139992,31257000
2019-04-25,121.0784912109375,123.15974874862361,120.7784977280671,121.93162226484172,38033900
2019-04-26,121.77226257324219,122.36289403349903,120.9566395511049,121.59413471664661,23654900
2019-04-29,121.65975952148438,122.0441248517792,121.26601000656512,121.78162517516637,16324200
2019-04-30,122.43785858154297,122.53160026863276,121.30347401805557,121.69722343620701,24166500
2019-05-01,119.88785552978516,122.4847351395324,119.7191047396247,122.3722393811446,26821700
2019-05-02,118.32223510742188,120.00036608520415,117.67535584516847,119.98161917513818,27350200
2019-05-03,120.84410095214844,121.34097627427842,119.29722710855995,119.40035298514299,24911100
2019-05-06,120.14098358154297,120.52536318032503,118.22848407651986,118.49098372808857,24239800
2019-05-07,117.67537689208984,119.23163535134117,116.45662724760408,118.55663202697097,36017700
2019-05-08,117.6659927368164,118.47224581504875,116.9534885194665,117.60036781894073,28419000
2019-05-09,117.65660858154297,117.92848526844728,115.84722778099854,116.5222309826121,27235800
2019-05-10,119.18475341796875,119.93475867650197,116.08162078713352,117.10350277307053,30915100
2019-05-13,115.6409912109375,117.70350205952812,115.35036757581624,116.3534954788201,33944900
2019-05-14,116.93473052978516,118.0128530566601,115.9690966117004,116.12847752793819,25266300
2019-05-15,118.58143615722656,119.23070994419304,116.39837868202451,116.92532854090473,24722700
2019-05-16,121.31969451904297,121.74314403884681,118.99549623327171,119.26837938289302,30112200
2019-05-17,120.51045227050781,122.75937778703118,120.36929766667497,120.73627666366038,25770500
2019-05-20,118.76964569091797,120.05877445888662,118.33679885402535,119.05193336068817,23706900
2019-05-21,119.40949249267578,120.00230298438471,119.1083813760697,119.90820710651818,15293300
2019-05-22,120.13402557373047,120.67038709520784,119.05190514840591,119.1460081950855,15396500
2019-05-23,118.73197937011719,118.83548697962244,117.37697588499711,118.75079567227513,23603800
2019-05-24,118.7884521484375,119.8988007872087,118.53439254880298,119.41890963467064,14123400
2019-05-28,118.71320343017578,120.44459097955956,118.60969578547817,119.48480130397631,23128400
2019-05-29,117.5652084350586,117.98864355576819,116.71833101458274,117.97923181246938,22763100
2019-05-30,118.30854797363281,118.33677601725672,117.41461924423135,117.86628947937854,16829600
2019-05-31,116.37956237792969,117.26407945825886,116.04081146116769,116.89710049494262,26646800
2019-06-03,112.7662124633789,117.02882662186624,111.98521024919418,116.53951659130799,37983600
2019-06-04,115.89024353027344,116.00315570094416,113.52839917999799,114.12120961318308,29382600
2019-06-05,118.40266418457031,118.4403039755529,116.87828495552786,117.57460314106554,24926100
2019-06-06,120.27518463134766,120.41633203600377,118.18622314379182,118.97664430243292,21459000
2019-06-07,123.64389038085938,124.44372345824097,120.68923468555158,121.56434735264904,33885600
2019-06-10,124.77301788330078,126.16565381753506,124.2084283747181,124.58481180836813,26477100
2019-06-11,124.30259704589844,126.31627963120802,123.53099193395639,125.9775286188141,23913700
2019-06-12,123.72855377197266,124.18021682394676,122.99459592822366,123.64385528376351,17092500
2019-06-13,124.50958251953125,125.1494374129066,123.79443368798024,124.1896407147318,17200800
2019-06-14,124.63187408447266,125.89277448995097,123.8696882327747,124.45308691271953,17821700
2019-06-17,125.00830078125,125.83634746962264,124.70718245230563,124.80128551962879,14517800
2019-06-18,127.18195343017578,127.25723301641315,125.68580934375441,126.2692081894529,25934500
2019-06-19,127.68062591552734,127.90645024147094,125.9115921190588,127.03135226222312,23744400
2019-06-20,128.86630249023438,129.534399912638,127.70890924438677,129.33678918377893,33042600
2019-06-21,128.88507080078125,129.600205099889,128.40517974773493,128.51809191124977,36727900
2019-06-24,129.6472625732422,130.23066125566555,128.91330476048086,128.91330476048086,20628800
2019-06-25,125.5540542602539,129.46850643881675,124.89537585475352,129.14857897873262,33327400
2019-06-26,126.0245361328125,127.72770971736809,125.71402760616377,126.41975751931638,23657700
2019-06-27,126.2315444946289,126.75850152848139,125.62932224262283,126.22213993188747,16557500
2019-06-28,126.05278778076172,126.65501010981465,125.30000627991733,126.62678205986786,30043000
2019-07-01,127.6712417602539,128.63103848118266,127.00315880328029,128.56517782088525,22613500
2019-07-02,128.51812744140625,128.52753200492972,127.35131544944545,128.08527343141864,15237800
2019-07-03,129.34616088867188,129.60963219222674,128.2452097925421,128.72511523396,13629300
2019-07-05,128.96975708007812,129.22382381034333,127.70885670604983,127.91587191469429,18141100
2019-07-08,128.8756866455078,129.00742230983636,127.37952845149928,128.34872963008303,16779700
2019-07-09,128.40524291992188,128.88513420906278,127.78419699883459,127.97238881664776,19953100
2019-07-10,129.71316528320312,130.40007171969035,128.93215578062745,129.03566341007993,24204400
2019-07-11,130.23065185546875,131.0022565741737,129.7319373355674,130.04246013518468,22327900
2019-07-12,130.70118713378906,130.91762133312605,129.8637214614573,130.65414995473716,18936800
2019-07-15,130.70118713378906,131.30340947840838,130.2871709378303,131.20932076219137,16651500
2019-07-16,128.98863220214844,130.84235090291295,128.4616894084901,130.75766674495662,22726100
2019-07-17,128.2263946533203,129.78839892022046,128.17934313172685,129.57197915062073,20211000
2019-07-18,128.36756896972656,128.5557607479981,126.72086578315403,127.54892683728359,30381800
2019-07-19,128.55572509765625,132.36666857280315,128.39576141258004,131.94323359958867,48992400
2019-07-22,130.2589111328125,130.97405994274186,129.2238492439794,129.2991288217673,25074900
2019-07-23,131.06814575195312,131.7268384535232,129.88252473372688,131.51040428787084,18034600
2019-07-24,132.41375732421875,132.43258080955212,130.6541419355265,130.70117911169137,20738300
2019-07-25,131.91502380371094,132.3102307905793,131.09638178506293,132.14084816300124,18356900
2019-07-26,132.99713134765625,133.31705874810743,132.01852566447917,132.0843863136969,19037600
2019-07-29,132.70542907714844,133.1570921242279,131.14341035661647,133.1476875625775,16605900
2019-07-30,132.06556701660156,132.88420893649075,131.54802899214516,131.86795636795145,16846500
2019-07-31,128.2263946533203,132.19730185958602,127.10663448669493,132.04674273373033,38598800
2019-08-01,129.91073608398438,132.62074304376904,128.84743195026985,128.9133069552051,40557500
2019-08-02,128.8192138671875,130.15540832735604,127.27601853091214,129.9389741727862,30791600
2019-08-05,124.40604400634766,126.02450432252688,123.06044517869915,125.43170110862626,42749600
2019-08-06,126.73970031738281,127.6712547263777,125.34706380703078,125.90223462667005,32696700
2019-08-07,127.29486083984375,127.64301634974025,124.04850598038773,125.89280552039952,33414500
2019-08-08,130.69174194335938,130.78584498843722,127.90645549149569,128.53692004892136,27496500
2019-08-09,129.58139038085938,131.1528134737001,128.40517420135814,130.4282602868572,23466700
2019-08-12,127.77474212646484,129.7225635060168,127.25721836260983,128.9792010094552,20484300
2019-08-13,130.4188995361328,130.6070913164481,127.03139005800762,128.0194148523035,25154600
2019-08-14,126.49138641357422,129.2670618631319,126.1987156998724,128.73836452148703,32527300
2019-08-15,126.20816802978516,127.05787264469028,124.85810245681584,126.87849007912395,28074400
2019-08-16,128.5211944580078,128.83275126384933,127.19000112557194,127.3410615900864,24449100
2019-08-19,130.67379760742188,130.80597195482486,129.23875154567287,130.14510021780998,24355700
2019-08-20,129.58804321289062,130.95700905919645,129.56917145658028,130.48495584486227,21170800
2019-08-21,131.03256225585938,131.69344846909365,130.2867243031656,130.80598586816757,14970300
2019-08-22,130.07899475097656,131.41962427631512,128.67227085460985,130.9098130957754,18697000
2019-08-23,125.93435668945312,130.6171309419786,125.37733735066186,129.52196402081816,38508600
2019-08-26,127.87921142578125,127.98306370798903,126.41584359682453,127.44493054085464,20312600
2019-08-27,128.1530303955078,129.07825079610006,127.13339357599018,128.7666939007539,23102100
2019-08-28,127.98306274414062,128.17188114511805,126.0854140445486,127.34107729963328,17393300
2019-08-29,130.3999786376953,130.70209961740304,129.25761789723836,129.5786106337369,20168700
2019-08-30,130.154541015625,131.40075428023866,128.6534149264152,131.37243223371954,23940100
2019-09-03,128.4362335205078,129.5314004462953,128.1152407889249,128.97438110515063,18869300
2019-09-04,129.93739318847656,129.99403727831717,128.85166197814678,129.6258362884301,17995900
2019-09-05,132.2220916748047,132.53364848599904,131.00418646687044,131.3346294379333,26101800
2019-09-06,131.3252716064453,132.34489435059209,130.47556677841953,132.20328408221823,20824500
2019-09-09,129.8335418701172,131.9388955253425,128.8327911929049,131.78783501400997,25773900
2019-09-10,128.4739990234375,129.23872289286365,126.99174507925481,129.15375677535414,28903400
2019-09-11,128.51177978515625,128.65340441210148,127.5393511850081,128.31352547572484,24726100
2019-09-12,129.8335418701172,130.68323203599695,129.21986394505,130.1450987725193,27010000
2019-09-13,129.6447296142578,130.34335930210972,128.9366496402951,130.07901059763753,23363100
2019-09-16,128.7100372314453,129.05935201666531,128.077487623056,128.23798399480359,16731400
2019-09-17,129.71078491210938,129.83352336080964,128.8044363792482,129.30482605244111,17814200
2019-09-18,130.7776641845703,130.91927442727277,128.89888666447607,129.68249695458798,23982100
2019-09-19,133.1851043701172,134.41243123548338,132.24099791619165,132.45813836693657,35772100
2019-09-20,131.64622497558594,133.73269246838157,130.52273583057755,133.12846482811528,39167300
2019-09-23,131.36300659179688,131.82562406420516,130.702134778303,131.44797273797641,17139300
2019-09-24,129.7013702392578,132.8263608025091,129.22931693590448,132.51480389358508,29773200
2019-09-25,131.57070922851562,132.13717900632307,128.42683221412662,129.81467020442244,21382000
2019-09-26,131.74063110351562,132.34485876264458,130.70212246753474,131.64622908529395,17456600
2019-09-27,130.03176879882812,132.51477320941552,129.0121321709738,132.31650452931044,22477700
2019-09-30,131.2591552734375,131.43853785401615,130.07902188113087,130.33393472752817,17280900
2019-10-01,129.40870666503906,132.41095892584008,129.34261228406484,131.85393945444736,21466600
2019-10-02,127.12391662597656,128.74778073060725,126.1137303037944,128.63449257639763,30521700
2019-10-03,128.66282653808594,129.10655772442053,125.77386309066239,127.40716322419455,24132900
2019-10-04,130.3999786376953,130.52271708644173,128.79500054928135,129.10655740738449,22897700
2019-10-07,129.45587158203125,130.45662211228984,129.36146958075318,129.4747577446553,15303700
2019-10-08,128.08692932128906,130.06010848268178,128.03972111429567,129.41812296652273,25550500
2019-10-09,130.5133056640625,130.94758664636785,129.3142862107932,129.776903645437,19749900
2019-10-10,131.3252716064453,131.86340503219347,130.5227750031867,130.7493658385124,17654600
2019-10-11,131.87278747558594,133.14733699817143,131.70285522239948,132.2881966357152,25446000
2019-10-14,131.7500457763672,132.44867526487255,131.721723737964,131.88222009088872,13304300
2019-10-15,133.65713500976562,133.86482514108323,131.9954987118744,132.23152528546862,19695700
2019-10-16,132.56199645996094,133.1095799559351,131.73117813421783,132.92074713214123,20751600
2019-10-17,131.88226318359375,133.5155636908473,131.24971344270278,133.07183240298096,21460600
2019-10-18,129.72972106933594,132.1749542658314,128.9272245132084,131.9483634438135,32273500
2019-10-21,130.6926727294922,130.75876710785582,129.3520430553644,130.7115588955852,20078200
2019-10-22,128.74783325195312,132.18438125544134,128.6439809329222,131.20251657127005,27431000
2019-10-23,129.56918334960938,129.76743765051162,128.03028511973127,129.22930442785477,29844600
2019-10-24,132.1182861328125,132.57145328850186,130.9192666606702,131.5990245971663,37029300
2019-10-25,132.8641357421875,133.25122295792764,131.41965360142592,131.5518279670536,25959700
2019-10-28,136.1306915283203,137.5279648374093,135.48869174462922,136.32894578666557,35280100
2019-10-29,134.84674072265625,136.42339693779408,134.67679405199993,136.02687391415967,20589500
2019-10-30,136.52728271484375,136.89548378464818,134.8090014518056,135.4982097769194,18496600
2019-10-31,135.3565216064453,136.8293251946243,134.99777099260655,136.80100315684544,24605100
2019-11-01,135.68699645996094,136.34786817323254,134.97891653732933,136.19680766564963,33128400
2019-11-04,136.4705810546875,136.8954260474438,136.10238014017602,136.73492969044344,16912000
2019-11-05,136.38563537597656,136.91433272671864,135.8663739043826,136.8671245191333,18250200
2019-11-06,136.00796508789062,136.44226036860792,135.1960330111829,136.30063576567125,16575800
2019-11-07,136.19680786132812,136.78216372757217,135.73420486433483,135.80028483279548,17786700
2019-11-08,137.8018035888672,137.83012563396463,135.72475757556614,135.93246217689625,16732700
2019-11-11,137.9434356689453,138.23610645193605,136.6405637643538,137.21646944911558,14362600
2019-11-12,138.84979248046875,139.32184587533385,137.89623540304834,138.10394004926312,18641600
2019-11-13,139.0763397216797,139.21796435399204,138.10391108467948,138.53820645547805,16919200
2019-11-14,139.7844696044922,140.1149127920176,138.78371856468857,138.80260473692877,19729800
2019-11-15,141.5876922607422,141.60657842964295,139.98271364640124,140.6058131608665,23485700
2019-11-18,141.93698120117188,142.13524992356358,140.65299566327678,141.68208279428393,21534000
2019-11-19,141.98416137695312,142.87162370075802,141.80477885542825,142.4467787005741,23935700
2019-11-20,141.73789978027344,142.89363040716188,140.63902044982487,142.3915523673597,25696800
2019-11-21,141.6052703857422,141.9084194690082,140.67690161439177,141.52948311492568,18576100
2019-11-22,141.70947265625,142.38207563417407,140.98004729526477,142.1641962701748,15901800
2019-11-25,143.26307678222656,143.37676491417076,142.0220909584918,142.09787822814005,22420900
2019-11-26,144.0209503173828,144.39040426181063,143.34836171711572,143.3862481284912,24620100
2019-11-27,144.29563903808594,144.466149522101,143.53778093649,144.30510702443976,15184400
2019-11-29,143.4051513671875,144.27668309145497,143.3104136875091,144.08722218703866,11977300
2019-12-02,141.6715850830078,143.83147163906838,140.50638654867225,143.81252120824163,27418400
2019-12-03,141.44422912597656,141.55790280575013,138.92435655473975,139.72011567798677,24066000
2019-12-04,141.95578002929688,142.26838262760975,141.34001391048014,142.2304962218862,17574700
2019-12-05,142.0315704345703,142.4010388245932,141.60527965639483,142.14525857571,17869100
2019-12-06,143.7556610107422,143.86933466734416,142.3536329112005,143.0357037606945,16403500
2019-12-09,143.3862762451172,144.19150358045846,142.95998537256216,143.11155995767666,16687400
2019-12-10,143.16830444335938,143.8882615757259,142.8177866345623,143.31986447574164,16476100
2019-12-11,143.70826721191406,143.86930968244664,142.410445007956,143.5566927261404,18856600
2019-12-12,145.16722106933594,145.35668204661292,143.06417097518553,143.66097233086074,24612100
2019-12-13,146.38926696777344,146.73030253286512,144.7788268650976,144.9398694298705,23845400
2019-12-16,147.33656311035156,147.6870666103958,146.66397453162102,146.93869075639589,24144200
2019-12-17,146.540771484375,147.5070408660075,146.31340973136145,147.26072868650778,25425600
2019-12-18,146.23760986328125,147.28913439096792,146.05761696454243,146.1713050587105,24129200
2019-12-19,147.50704956054688,147.56388638841537,145.65029793884352,145.8871276915896,24958900
2019-12-20,149.11749267578125,150.1405989675378,148.0564855278811,149.06065584650722,53477500
2019-12-23,149.11749267578125,149.79008109544574,148.98486858916138,149.79008109544574,17718200
2019-12-24,149.08908081054688,149.40169784022848,148.84276859961727,149.1838040451843,8989200
2019-12-26,150.3111572265625,150.36799407390015,149.1080576231137,149.25963218597806,14520600
2019-12-27,150.5858612060547,151.14477604561935,149.88483981841782,151.05003834690453,18412800
2019-12-30,149.2880096435547,150.6426834381321,148.4733146604014,150.61426502226158,16348400
2019-12-31,149.39222717285156,149.45854645177255,148.20807823448885,148.51122730108239,18369400
2020-01-02,152.15841674804688,152.2626224460996,149.98906197669726,150.41535275784207,22622100
2020-01-03,150.26373291015625,151.5236688959314,149.73323659087,149.97954877835332,21116200
2020-01-06,150.65213012695312,150.7184493912366,148.26488234672686,148.8048610818125,20813700
2020-01-07,149.27854919433594,151.25844269298102,149.03225142604057,150.92688967276914,21634100
2020-01-08,151.6563262939453,152.32892928184137,149.6290637970409,150.55743255975017,27746500
2020-01-09,153.5509796142578,153.67413574703286,152.54682348378634,153.3141497927336,21385000
2020-01-10,152.84046936035156,154.6214340015497,152.68889482600636,154.24251212062987,20725900
2020-01-13,154.67825317382812,154.70667158890456,152.76466464734693,153.23832417187603,21626500
2020-01-14,153.58885192871094,154.98141217679571,153.2004476244277,154.78246880352256,23477400
2020-01-15,154.5835418701172,155.30351372144347,154.00569102831227,154.05304542489407,21417900
2020-01-16,157.41600036621094,157.4823196362133,155.3887382345589,155.69188726038482,23865400
2020-01-17,158.29701232910156,158.6475157371676,156.71497686229213,158.60014689568655,34371700
2020-01-21,157.72860717773438,159.32957853635287,157.66228791202107,157.8991176525282,29517200
2020-01-22,156.97076416015625,158.66647335945913,156.95181373171633,158.58120365895033,24138800
2020-01-23,157.93702697753906,158.0128142331594,156.56341729990527,157.43494905712768,19680800
2020-01-24,156.34556579589844,158.70439597949334,155.78665089637408,158.68544554672874,24918100
2020-01-27,153.73094177246094,154.77299856024104,151.76051631780365,152.66046656819069,32078100
2020-01-28,156.74342346191406,157.0276076258131,154.4793314082179,155.15191986936853,24899900
2020-01-29,159.1875,159.86010294143955,156.96130872089228,158.99803906528018,34754500
2020-01-30,163.6778106689453,164.88091010363243,161.7926402519902,164.88091010363243,51597500
2020-01-31,161.2621307373047,163.31781150569444,160.6463790875127,163.1378330139446,36142700
2020-02-03,165.1935272216797,165.30720090044179,161.423186386706,161.45160480639652,30107000
2020-02-04,170.63113403320312,171.1237440771596,167.02185010187932,167.80812679253964,36433300
2020-02-05,170.42271423339844,174.4961895872338,169.01121791022703,174.33514706166798,39186300
2020-02-06,173.95620727539062,174.1362002133704,170.57427122162437,171.43633505355797,27751400
2020-02-07,174.2025146484375,175.85085514230525,172.86679120280033,173.21730911108827,33529100
2020-02-10,178.75912475585938,178.89174886166035,173.5962381626121,173.90885522377374,35844300
2020-02-11,174.7235565185547,180.6537695392819,173.8330741528824,180.6064006880335,53159900
2020-02-12,174.97930908203125,176.05925222698292,172.26997600540625,175.80347203464285,47062900
2020-02-13,174.03204345703125,176.4192778019826,173.23628422043473,173.4352276433204,35295800
2020-02-14,175.58560180664062,175.64243864012167,173.0278286604553,173.59622590515036,23149500
2020-02-18,177.36656188964844,177.81180305026547,175.727703793834,175.83190947940273,27792200
2020-02-19,177.89849853515625,178.75340863724387,177.12907654439266,178.63942448881184,29997500
2020-02-20,175.1817626953125,177.86999994787422,172.0280805137108,177.5850250864562,36862400
2020-02-21,169.6438446044922,174.30789026966164,168.37097302614455,173.99441929987273,48572600
2020-02-24,162.32952880859375,165.80619024009897,155.05324119911742,159.36582502799183,68311100
2020-02-25,159.65081787109375,166.0816754656081,159.25184432237913,165.4737357884397,68073300
2020-02-26,161.64556884765625,164.58077611773928,159.78376043782066,161.20862002458966,56206100
2020-02-27,150.2562255859375,158.66290516046735,150.06624715653416,155.13875963759634,93174900
2020-02-28,153.8943328857422,155.5091853847814,144.38577490134907,144.77524000967836,97012700
2020-03-02,164.13438415527344,164.25787667339787,154.1793652796082,157.02908558517254,71030800
2020-03-03,156.2691650390625,166.233692754148,154.13187470365204,165.09380747414795,71677000
2020-03-04,162.0065460205078,162.1490261885452,157.32349974057868,160.04974107587717,49814400
2020-03-05,157.94102478027344,162.31058783631002,157.3900770373414,157.732044102112,47817300
2020-03-06,153.47642517089844,154.93927504171984,148.18543814642317,154.46432171432747,72821100
2020-03-09,143.07489013671875,149.84772706643034,142.4859528365423,143.43585918878594,70419300
2020-03-10,152.85897827148438,152.96346858405525,144.93676019104754,150.2372411030131,65354400
2020-03-11,145.93417358398438,149.80028638541867,143.5783944896267,149.25884709378187,56371600
2020-03-12,132.09402465820312,145.7821838160187,131.6380734962404,138.0214477414232,93226400
2020-03-13,150.87367248535156,153.79938665871734,133.68035660445514,140.11122857796408,92727400
2020-03-16,128.63633728027344,141.86854244359614,128.23737828715525,132.98691081630918,87905900
2020-03-17,139.22781372070312,140.111219878546,128.23738768544888,132.98692056268771,81059800
2020-03-18,133.36688232421875,138.68636514109926,128.25639461563904,131.08711225665544,81593200
2020-03-19,135.5611572265625,142.62844911064573,132.03699788391367,135.61814929503072,85922700
2020-03-20,130.46971130371094,139.73130306696476,129.0543448829221,138.68639973692893,84866200
2020-03-23,129.16830444335938,133.52838705805826,125.88163549437337,130.14670715023314,78975200
2020-03-24,140.90919494628906,142.10608699214202,134.19336027721482,136.5491254792159,82516700
2020-03-25,139.56028747558594,146.59909944242216,137.20452297118143,141.4506069839255,75638200
2020-03-26,148.28993225097656,148.81238382335576,140.9376493369031,140.96614537772146,64568100
2020-03-27,142.20103454589844,147.13105279245107,141.7260811810194,144.1483462407878,57042300
2020-03-30,152.20352172851562,152.5549970065621,142.49547567385673,144.8037561165446,63420300
2020-03-31,149.8097686767578,156.52560046154846,148.71736744542542,151.41509857414286,77927200
2020-04-01,144.4902801513672,149.8477523004297,143.26490712816815,145.33569636745324,57969900
2020-04-02,147.48251342773438,147.69149406752848,142.82797625652344,144.25283634906882,49630700
2020-04-03,146.1241455078125,149.4963171018683,144.5662991410881,147.33053104311554,41243300
2020-04-06,156.9910888671875,158.1594700832369,149.68630381570637,152.28905346630089,67111700
2020-04-07,155.30027770996094,161.48416614859832,155.08178869624203,161.0947008574595,62769000
2020-04-08,156.85806274414062,158.32091235571306,155.3097105330273,157.37100586927252,48318200
2020-04-09,156.86758422851562,158.98587200804732,155.14825550424828,158.02647150570388,51385100
2020-04-13,157.2190399169922,157.2760464896753,154.1698477747721,156.11715925033957,41905300
2020-04-14,164.99874877929688,165.04624700105933,159.58428487008902,160.53419132764907,52874300
2020-04-15,163.26995849609375,164.87530304245226,160.76220553744395,162.62401444151914,40940800
2020-04-16,168.17144775390625,168.39943054189166,164.23883525130512,165.56871310625135,50479600
2020-04-17,169.65330505371094,170.98316834305447,167.06004989785689,170.50821509765711,52765600
2020-04-20,166.29066467285156,169.79582271685595,166.2241787409171,167.78202514998281,36669600
2020-04-21,159.41336059570312,164.97030648601222,157.7890136465808,164.808824074953,56203700
2020-04-22,164.8278045654297,165.28375569511513,162.26305953111464,162.8044987799114,34620200
2020-04-23,162.83297729492188,166.29063651962912,162.34853017767068,165.38822820580504,32790800
2020-04-24,165.80625915527344,165.81575300667186,162.15861998698995,163.44098565839934,34277600
2020-04-27,165.33123779296875,168.03846276162992,164.61880788104367,167.74399405047532,33194400
2020-04-28,161.30361938476562,166.87007201792395,160.9046603967209,166.7940777590931,34392700
2020-04-29,168.5419158935547,168.779392536246,163.26994602134675,164.54281734751044,51286600
2020-04-30,170.2327880859375,171.36316489690927,167.4020556506705,170.9832080102126,53875900
2020-05-01,165.8251953125,169.69130747870238,165.29323546301947,166.99357632410124,39370500
2020-05-04,169.88131713867188,170.0333056950505,165.0937935681578,165.74923153491736,30372900
2020-05-05,171.70513916015625,174.45036909184662,170.88821877419855,171.57215279474113,36839200
2020-05-06,173.3959503173828,174.97279880598006,172.53154629757884,172.95900138331487,32139300
2020-05-07,174.40286254882812,175.30527094576834,173.43395373066107,174.94430178922232,28316000
2020-05-08,175.4287567138672,175.7327338053412,174.1748874476006,175.7137316135177,30877800
2020-05-11,177.3855438232422,178.11696138729013,173.69040814311538,173.97536849564167,30892700
2020-05-12,173.36746215820312,177.67053823942587,173.16798987319115,177.4425699136979,32038200
2020-05-13,170.74571228027344,174.83031358141244,167.6965057001137,173.4054536736494,44711500
2020-05-14,171.4866180419922,171.63860655955162,166.87956575262888,168.64639240959448,41873900
2020-05-15,173.98492431640625,177.68955485444684,168.1334952406675,170.0903008322698,46610400
2020-05-18,175.64723205566406,176.87260518633394,174.74482368880803,176.44515011723627,35264500
2020-05-19,174.43136596679688,177.25258992843055,174.29837961314254,175.76122950334033,26799100
2020-05-20,176.850830078125,177.03181730648205,175.21243926902898,176.0411549622514,31261300
2020-05-21,174.72659301757812,177.81286649401784,174.59323632917085,176.60312147681617,29119500
2020-05-22,174.80284118652344,175.70777736396283,173.878864430985,174.49803205422208,20826900
2020-05-26,172.95492553710938,177.65100133015423,172.5072247999281,177.49858947605117,36073600
2020-05-27,173.18348693847656,173.35495386661088,168.22069886726882,171.6498775472554,39517100
2020-05-28,172.79295349121094,175.41247189302518,171.82136076722483,172.16428012121764,33810200
2020-05-29,174.55520629882812,175.52681369967453,171.84996129665396,174.05987504067974,42130400
2020-06-01,174.15509033203125,174.31702243383316,172.85009869499837,173.87884210235282,22622400
2020-06-02,176.1364288330078,176.22215504170484,172.74534536425864,175.50774089964386,30794600
2020-06-03,176.5650634765625,177.11754545638277,174.86952184719328,176.0506917214427,27311000
2020-06-04,174.24081420898438,177.02226437046897,173.65023660617592,175.55534065114813,28761800
2020-06-05,178.31776428222656,178.82261577227575,173.3740161676006,173.9550735758374,39893600
2020-06-08,179.42271423339844,179.60370145806192,175.6887117435754,177.11753989433996,33211600
2020-06-09,180.79440307617188,181.651694207209,178.37491244759534,179.07980627930513,29783900
2020-06-10,187.5003662109375,189.10066141937924,181.94698529918034,182.06130144357863,43872300
2020-06-11,177.43190002441406,186.4716109809636,177.2413924938844,183.96640861165238,52854700
2020-06-12,178.83218383789062,182.62333812997463,176.39363760698498,181.49931879626405,43373600
2020-06-15,179.9752197265625,181.7660225607909,175.27912969897213,175.82209144395165,32770200
2020-06-16,184.38552856445312,186.30015317328437,182.37564292571702,183.7377855376434,42556700
2020-06-17,185.0237579345703,187.00506839796026,184.49985127974222,185.7762678316549,25687800
2020-06-18,187.00502014160156,187.16695224134497,184.7950924714294,184.7950924714294,23061600
2020-06-19,185.8905792236328,189.83414524257645,185.14758957765756,189.1673615262903,44441100
2020-06-22,191.0534210205078,191.2343937475536,185.9667807124898,186.50020767278062,32818900
2020-06-23,192.32980346679688,194.27300341072882,191.8725679807489,192.50125587297086,30917400
2020-06-24,188.45291137695312,193.6062219286943,187.23364580385098,192.03451671588377,36740600
2020-06-25,190.8343048095703,191.0914979740535,186.19538023333627,188.41482860990715,27803900
2020-06-26,187.0145721435547,190.4056555951069,185.63337438286644,190.2532437572232,54675800
2020-06-29,189.02447509765625,189.11020131374772,184.36649507102788,186.49068256690614,26701600
2020-06-30,193.8538818359375,194.7016526637686,188.35766642321764,188.49102314215313,34310300
2020-07-01,194.98739624023438,196.5591157993737,192.1964257889842,193.50141740962292,32061200
2020-07-02,196.4734344482422,198.14993581798953,195.27322376882336,195.9209523636477,29315800
2020-07-06,200.7027130126953,201.11231795021436,198.21655159338107,198.92144533933973,31897600
2020-07-07,198.3689727783203,204.4843554530496,198.12131446740048,200.46458446974043,33600700
2020-07-08,202.73170471191406,203.1412952180682,198.78813883046487,200.10266563587942,33600000
2020-07-09,204.15093994140625,206.11319462361945,201.4361610827471,206.0655641193854,33121700
2020-07-10,203.5318145751953,203.9223644420307,201.0647080140899,203.48418406110454,26177600
2020-07-13,197.24497985839844,205.5607560236362,196.70201815845206,204.30338021415548,38135600
2020-07-14,198.46429443359375,198.94057062418574,192.4441564078092,196.34962698458173,37591800
2020-07-15,198.16893005371094,201.30283456368667,195.30175350046605,199.61681329766185,32179400
2020-07-16,194.24444580078125,195.93998757949456,192.71083615432784,195.6542190082387,29940700
2020-07-17,193.25379943847656,195.3113011914256,191.8344913952592,194.76835398301196,31635300
2020-07-20,201.56002807617188,202.22681163227398,193.3775945758893,195.2731784676859,36884800
2020-07-21,198.84527587890625,203.78902422512718,198.15943711788177,203.5223107663725,37990400
2020-07-22,201.70297241210938,202.22687914351567,198.50239573955017,199.27396086453203,49605700
2020-07-23,192.9298858642578,200.91227669656575,192.55839114604825,197.35926161883913,67457000
2020-07-24,191.7487335205078,193.23471241579142,188.13855305601066,190.91048305248486,39827000
2020-07-27,194.1777801513672,194.29208176915887,191.32964371811065,191.91070116654112,30160900
2020-07-28,192.43458557128906,194.98741830562813,192.16787213739667,193.9491399712048,23251400
2020-07-29,194.3777618408203,194.9397640412787,192.42502730325805,192.8917830230977,19632600
2020-07-30,194.22540283203125,194.75884431463618,190.10086427671118,191.4630070516711,25079600
2020-07-31,195.28273010253906,195.36847085085128,189.5674166446083,194.70167265292434,51044000
2020-08-03,206.26565551757812,207.3134687948011,200.45509557830556,201.48385374099897,78983000
2020-08-04,203.1698455810547,204.57963325518696,200.3312441892674,204.0080961402909,49280100
2020-08-05,202.83645629882812,204.79871139406026,201.53146450991576,204.70345036554147,28806400
2020-08-06,206.08465576171875,206.1036963389564,201.51240270569892,202.2649124807569,32656800
2020-08-07,202.39830017089844,205.4655196114251,200.92184126067818,204.6558589111581,27820400
2020-08-10,198.3689727783203,201.82674151677793,196.55912962091006,201.6266991825336,36716500
2020-08-11,193.73008728027344,197.79747504919945,193.50146950063865,197.33073373445393,36446500
2020-08-12,199.264404296875,200.30268274431842,195.03507004935855,195.54944186077296,28013100
2020-08-13,198.797607421875,201.32187904342692,198.27370089402152,199.50250116251334,22588900
2020-08-14,198.98814392089844,199.64540724846154,197.66409697652952,198.85478719753726,17958900
2020-08-17,200.30264282226562,201.1694686714029,199.00717145991686,199.6549144084866,20184800
2020-08-18,201.4552459716797,202.28396163565859,199.2834283776174,200.54078957348915,21336200
2020-08-19,200.23300170898438,202.5246614337485,199.80332006369252,201.94219955948745,27627600
2020-08-20,204.89271545410156,205.2937526644037,199.47869126013373,200.080239790624,26981500
2020-08-21,203.40318298339844,206.48736005046817,203.24085940828198,204.20525755571333,36249300
2020-08-24,204.04293823242188,205.79032438204533,202.83981177895026,205.0932698409318,25460100
2020-08-25,206.6973876953125,206.83106676380277,203.47953218027314,203.47953218027314,23043700
2020-08-26,211.16610717773438,212.06367291034857,207.5472143423268,208.04374285673754,39600800
2020-08-27,216.35101318359375,220.7146922620939,209.49514779937155,212.8275964636864,57602200
2020-08-28,218.57577514648438,220.22766956393025,216.3509621275337,217.87872078167098,26292900
2020-08-31,215.3484344482422,218.37532287364502,214.1835102504619,216.75207238212613,28774200
2020-09-01,217.0098419189453,217.18170877943533,214.29804337071027,215.3292882434317,25725500
2020-09-02,221.1920928955078,222.3474735322865,217.08622920281584,217.67823447442825,34080800
2020-09-03,207.48995971679688,218.95776110393626,205.2556028872172,218.9195733210918,58400300
2020-09-04,204.57763671875,208.50209044933735,195.92665473875113,205.38926911013266,59664100
2020-09-08,193.5108642578125,200.54813899842011,193.07162466856798,197.17750294657407,52924300
2020-09-09,201.7512664794922,205.14100397041202,197.3684863965206,198.22786446784107,45679000
2020-09-10,196.09854125976562,205.04554135717223,194.89542936094682,203.766024749938,35461500
2020-09-11,194.8190155029297,199.21135322657878,192.15497713349296,197.8459033435166,33620100
2020-09-14,196.13673400878906,199.75562740153794,194.81902968180668,195.01955560675427,30375800
2020-09-15,199.35458374023438,200.3094385390936,197.58809653437365,199.01083542984793,21823900
2020-09-16,195.79295349121094,201.1401309147392,195.40145957874148,201.11148644016103,26328100
2020-09-17,193.7495880126953,195.10548005964475,190.93276930959968,191.01870274350762,34011300
2020-09-18,191.34336853027344,194.45619018917904,187.3902699158646,193.6445722843672,55225300
2020-09-21,193.39627075195312,193.55860887771348,187.5143766837805,188.28780668448618,39839700
2020-09-22,198.0559844970703,198.70529334933173,192.9570632684131,195.8025265449776,33517100
2020-09-23,191.53428649902344,198.70525408624388,190.99957023807005,198.5142715045388,30803800
2020-09-24,194.0169677734375,196.28952707803427,190.2070915104246,190.82775593197994,31202500
2020-09-25,198.4379119873047,199.60282132425013,193.39626573547469,194.36067831325278,29437300
2020-09-28,199.9848175048828,202.9735180777534,198.66711304810258,201.3598109258831,32004900
2020-09-29,197.90322875976562,200.58638336825445,197.47354695261768,199.89888664884572,24221900
2020-09-30,200.83462524414062,202.41012994138174,197.21571715131006,198.35199677037934,33829100
2020-10-01,202.8684539794922,204.32938063457078,201.77992010767034,203.85195324219404,27158400
2020-10-02,196.8815155029297,201.4648215025371,196.26085113479485,198.6098003769444,33154800
2020-10-05,200.88235473632812,200.91099921434176,197.63583971881565,197.86501011285242,21331600
2020-10-06,196.61415100097656,200.69137041613547,195.57336278885933,199.3927819040882,28554300
2020-10-07,200.35716247558594,200.62452062469237,197.38756379022215,197.71221088986192,25681100
2020-10-08,201.0733184814453,201.6557804718175,198.91535195429182,201.006471654224,19925800
2020-10-09,206.0671844482422,206.1149300958309,201.6939483017704,201.6939483017704,26458000
2020-10-12,211.40480041503906,213.75374911739496,207.02202134336838,208.91262935214155,40461400
2020-10-13,212.7989501953125,215.0428648969688,210.47864535807548,212.6652711005284,28950800
2020-10-14,210.88922119140625,214.09753374216916,209.23732654938445,212.93260977868263,23421700
2020-10-15,209.743408203125,210.41180364703087,206.25817945216272,207.29898225402468,22733100
2020-10-16,209.743408203125,212.25466641165193,209.41876106893184,210.21127772889514,26057900
2020-10-19,204.54898071289062,212.26420865277728,204.0715533495555,210.46907710426066,27625800
2020-10-20,204.95957946777344,207.5567857207398,203.4700082929691,206.05767124299427,22753500
2020-10-21,205.10284423828125,207.12713205079888,203.49868036105715,203.49868036105715,22724900
2020-10-22,205.18875122070312,206.3059296091729,202.14276202063672,204.27208418481786,22351500
2020-10-23,206.46826171875,206.51600737560176,203.53686488314023,205.32243880395163,18879600
2020-10-26,200.59588623046875,206.57327167863946,198.70527791822374,204.19569269246188,37111600
2020-10-27,203.622802734375,204.97869491274932,200.83462823899453,202.0377401401052,36700300
2020-10-28,193.52996826171875,199.4118774599647,192.97616528668934,198.29469906700677,51195600
2020-10-29,195.4778594970703,197.99867537575767,194.1887997967496,194.8572097568725,31432600
2020-10-30,193.3294219970703,195.06724988232443,190.6080804187681,194.3129211201927,36953700
2020-11-02,193.19578552246094,196.01260444475008,191.0855498716354,195.06729288841902,30842200
2020-11-03,197.1106719970703,198.72437896176254,193.95010489814203,194.6853471835195,27512000
2020-11-04,206.62103271484375,208.46391008308424,202.8302579359049,204.35803146698734,42311800
2020-11-05,213.20950317382812,214.0020343366813,211.16611466391598,212.01593477855405,36080100
2020-11-06,213.62010192871094,214.23120837473735,208.18697616938863,212.22600760843946,25231900
2020-11-09,208.53074645996094,217.82147990831737,208.04377574015598,214.3076211153665,44395000
2020-11-10,201.48387145996094,206.72602865580558,200.2521153905157,204.81631938415842,44045100
2020-11-11,206.7738037109375,208.19652799591586,202.62017962636645,202.80160436416497,29440800
2020-11-12,205.71392822265625,209.21824372278732,204.77817456284876,207.40402536215038,21593900
2020-11-13,206.735595703125,207.60451701831292,204.4916957931553,206.5923733192708,18621100
2020-11-16,207.42312622070312,207.9101115453344,204.83547759620686,205.16966806985056,24953300
2020-11-17,204.7781524658203,207.85277130198583,204.41530300487557,206.34411364526463,24154100
2020-11-18,202.07843017578125,205.9940073608106,201.93481820711207,204.53882413845477,28372800
2020-11-19,203.36126708984375,203.94525399369454,200.9774488217173,202.3656247103316,24792700
2020-11-20,201.41783142089844,204.1941538861214,201.04446371546402,203.15064088991645,22843100
2020-11-23,201.1498260498047,203.23685258947168,199.2829870331128,201.9540006095988,25683500
2020-11-24,204.7398681640625,205.11323589712526,199.95309486424628,200.65195967575906,33979700
2020-11-25,204.74942016601562,206.10886192206488,203.39956130497038,205.9365451088525,21012900
2020-11-27,206.05148315429688,207.0471403927311,204.91222852958649,205.68769823970536,14512200
2020-11-30,204.94094848632812,205.6015110257352,201.84868197298712,204.96966796160342,33064800
2020-12-01,206.9896697998047,208.05233412004736,204.25163472473366,205.36215509436963,30904500
2020-12-02,206.18548583984375,206.28122715714795,203.7250917523255,205.7163913660457,23724500
2020-12-03,205.1036834716797,207.15242201812288,204.5388330764818,205.4579000486771,25120900
2020-12-04,205.21852111816406,206.1950268455975,204.08883515739382,205.0844920660121,24666000
2020-12-07,205.1515350341797,206.34822842550528,203.90698559365995,205.22812516419336,24620000
2020-12-08,206.7981719970703,207.69808770235701,203.8112301736273,204.84517494514358,23284100
2020-12-09,202.7677459716797,206.05146586566656,202.2029101556179,205.98445862705185,32440600
2020-12-10,201.5423126220703,203.9931382813653,201.38913236634608,202.73900597977865,26733300
2020-12-11,204.16549682617188,204.22295038986175,200.19247991008,201.09239583623076,30979400
2020-12-14,205.06533813476562,206.9896300960847,203.80163774686156,204.01225691285737,28798400
2020-12-15,204.99835205078125,206.23333309866626,203.1889523803943,205.99399444063587,27000600
2020-12-16,209.92874145507812,210.72334762421664,205.56320627702797,205.59192574993037,35023300
2020-12-17,210.06275939941406,211.47007192934876,208.6267273980989,210.49356607819405,32515800
2020-12-18,209.2681427001953,210.32123862452005,206.80774892510524,209.2681427001953,63354900
2020-12-21,213.09751892089844,214.44739217220476,208.01396923839306,208.27245902457432,37181900
2020-12-22,214.3900146484375,216.00794643471485,212.38914682397282,213.19332126901028,22612200
2020-12-23,211.5945587158203,214.02623344268295,211.38393949442968,213.59542671095656,18699600
2020-12-24,213.25076293945312,214.0740885793448,211.76686020838318,211.97747941450012,10550600
2020-12-28,215.3665008544922,216.39086269746974,213.50923056206076,214.87824065113975,17933500
2020-12-29,214.59107971191406,217.491863683719,214.04539505396906,216.6589696546093,17403200
2020-12-30,212.22640991210938,216.00797314516714,212.02537358002763,215.6250224515526,20272300
2020-12-31,212.9347686767578,213.49003599419532,210.31161230294666,212.24547232463325,20942100
2021-01-04,208.40655517578125,213.49010649539775,205.6493688567727,213.0401486000575,37130100
2021-01-05,208.60757446289062,209.2011442852732,206.5013971335944,207.9948680651304,23823000
2021-01-06,203.1985321044922,207.25772123205837,202.90175448912245,203.12194197664303,35930700
2021-01-07,208.98095703125,209.98618241670528,204.5962852345555,204.91219943951467,27694500
2021-01-08,210.2542266845703,211.17329358978736,207.77468161014076,209.35431096289832,22956200
2021-01-11,208.21505737304688,209.5744991531238,207.48745852732125,209.15326079150833,23031300
2021-01-12,205.7642059326172,207.84167815630275,204.22287913451353,207.26725958443384,23249300
2021-01-13,207.11407470703125,207.5161618550956,204.8068467927867,204.8930198022847,20087100
2021-01-14,203.93568420410156,208.1863410325463,203.66762608051243,206.70243845748877,29480800
2021-01-15,203.58143615722656,205.36211617781012,202.98788101972235,204.41434453670772,31746500
2021-01-19,207.20982360839844,207.72678864400729,203.56230506672608,204.63453750092,30480900
2021-01-20,214.77294921875,216.16111060778343,208.0235956832945,208.4161146150016,37777300
2021-01-21,215.3760986328125,216.64938219947808,212.93484110598976,215.11760876082386,30709400
2021-01-22,216.31430053710938,220.2586119985924,216.17070316936838,217.39611606767164,30172700
2021-01-25,219.7416229248047,219.98096159958953,214.6580718096666,219.34910399221997,33152100
2021-01-26,222.42218017578125,224.19327729516465,220.26813247874975,221.972222377089,49169600
2021-01-27,222.96786499023438,230.1863263527391,220.32557173690137,227.85037895390354,69870600
2021-01-28,228.74073791503906,232.29253006928437,225.0644995906523,225.5623280954357,49111200
2021-01-29,222.0679931640625,227.86956006122185,221.4840062376579,225.9261312717925,42503100
2021-02-01,229.4300537109375,232.15852051694344,222.51795143659126,225.03579903471945,33314200
2021-02-02,229.29598999023438,231.97658573343273,228.51096683153912,231.00966286740996,25916300
2021-02-03,232.63717651367188,234.63804419667926,229.05666491665414,229.3534571245512,27158100
2021-02-04,231.68939208984375,232.86694881954378,230.11933105831628,232.31168137316456,25296100
2021-02-05,231.87130737304688,232.9052522107318,230.16721716132736,231.9000268456431,18054800
2021-02-08,232.12979125976562,233.2881822461942,230.54057897933532,232.78078543262248,22211900
2021-02-09,233.37429809570312,234.32206965093775,231.0862215471834,231.55531587797404,23565000
2021-02-10,232.46484375,235.43263415280472,230.61714183329966,234.55186970118112,22186700
2021-02-11,234.0636749267578,234.6955179780866,231.8234536441525,234.34130138481862,15751100
2021-02-12,234.54232788085938,234.839105493822,232.3786969588708,233.52751965114385,16561100
2021-02-16,233.30735778808594,235.6337375078981,232.5606222256955,234.58064140295025,26728500
2021-02-17,234.32444763183594,234.429999771811,231.1962886570467,231.56092598454555,21653500
2021-02-18,233.93106079101562,234.06539856792395,231.11955780224875,232.02154629365586,16925600
2021-02-19,231.22503662109375,233.99816278335973,230.46697647333608,233.89261066057253,25262600
2021-02-22,225.02633666992188,228.3080290387014,223.00166514699936,227.81865886991,36446900
2021-02-23,223.83645629882812,225.33336682720707,219.48004782088785,221.01534892993712,30228700
2021-02-24,225.06472778320312,225.68843572381107,219.73916858564397,220.70831859965355,26339700
2021-02-25,219.7295684814453,225.1030937109058,218.66445668933272,222.69460427185766,39542200
2021-02-26,222.98245239257812,225.85152606966585,220.25729214925016,222.16682092029995,37819200
2021-03-01,227.35804748535156,227.86661288751642,223.7213085056627,226.36009733043844,25324000
2021-03-02,224.41221618652344,227.7035134807684,224.00920288060502,227.42523297605322,22812500
2021-03-03,218.3573760986328,224.13392888093216,218.06950529574024,222.77135603173917,34029500
2021-03-04,217.56092834472656,223.08800061349675,215.19081513202866,217.57053331073425,44727800
2021-03-05,222.23402404785156,223.83648692978852,217.30188796036578,220.23813818964663,41872800
2021-03-08,218.19427490234375,223.9324376851917,217.9447946567308,222.01331832648629,35267400
2021-03-09,224.32583618164062,225.86113735770795,222.30116489353895,223.46223842117595,33080500
2021-03-10,223.02084350585938,227.41562829059083,222.6562061675543,227.41562829059083,29746800
2021-03-11,227.5403594970703,229.49785452570518,224.8343945532657,225.45811704228768,29907600
2021-03-12,226.2161865234375,226.283362726676,223.79809211606153,224.54654746853438,22653700
2021-03-15,225.31417846679688,225.67881578579735,222.4354997800782,225.458121186163,26034900
2021-03-16,228.096923828125,230.3518801512368,226.39849920018347,226.7247459571365,28092200
2021-03-17,227.4539794921875,228.90292372097375,223.79806010683893,226.5999721151421,29562100
2021-03-18,221.3895721435547,224.71924482700015,221.01534451892877,223.15515813452234,34833000
2021-03-19,221.03457641601562,223.06883823635602,220.07501674352017,221.67747963958135,46430700
2021-03-22,226.4464874267578,227.31967558191016,220.83305760883877,220.95780504888268,30127000
2021-03-23,227.97218322753906,231.30185638179913,227.48281307743645,227.8858263731183,31638400
2021-03-24,225.9379119873047,228.3751869519147,225.80357422770754,228.23125886724554,25620100
2021-03-25,222.94406127929688,227.35804104512198,222.20521097132493,225.78436397622824,34061900
2021-03-26,226.9166717529297,227.13738102401882,222.18604950172028,222.18604950172028,25479900
2021-03-29,225.72682189941406,227.22373264099474,222.50270082457934,227.02221866806568,25227500
2021-03-30,222.47390747070312,224.3930267427671,221.7542377436791,224.08596063121217,24792000
2021-03-31,226.23533630371094,229.4306710387862,222.99202066764897,223.49099568282355,43623500
2021-04-01,232.5492706298828,233.01944545451641,228.42316149759984,228.8261747651646,30338000
2021-04-05,238.99752807617188,239.85153557551078,232.88512317429942,232.94269441038907,36910600
2021-04-06,237.83645629882812,239.31417172284125,236.89609193809252,237.5965663854565,22931900
2021-04-07,239.79396057128906,240.78230588022694,237.19356201186886,237.78848433406324,22719800
2021-04-08,243.00843811035156,243.8624454611813,241.808988761337,242.54785366001036,23625200
2021-04-09,245.50335693359375,245.63769470692742,242.2312548181653,242.64385846421894,24326800
2021-04-12,245.56089782714844,247.24973207374578,244.32305775852038,244.40942924919764,27148700
2021-04-13,248.0365447998047,248.70824821467303,246.44367239367668,246.85630526571913,23837500
2021-04-14,245.25387573242188,248.36283998650472,244.84127206333113,247.06745773626352,23070900
2021-04-15,249.00570678710938,249.41831037148776,247.30729690134913,247.4991912440341,25627500
2021-04-16,250.19554138183594,250.4450362292379,247.1825396982639,248.97691132612795,24878600
2021-04-19,248.27645874023438,250.90567213918928,247.39368024577658,249.66783197003826,23209300
2021-04-20,247.8158416748047,249.6773894161858,246.4532543230003,247.39363315922765,19722900
2021-04-21,250.04200744628906,250.13796925520947,246.8466871216118,248.4683450570387,24030400
2021-04-22,246.7699737548828,251.19352978714605,245.3018339862112,249.6870140739472,25606200
2021-04-23,250.58900451660156,250.93446122870813,246.86590827372385,247.45125490577422,21462600
2021-04-26,250.9727783203125,251.82680034091737,249.64861079357635,251.07834509387854,19763300
2021-04-27,251.3758087158203,252.54647250197712,249.60061774649762,251.00156644683852,31014200
2021-04-28,244.2654571533203,246.16539545227755,242.72056581581106,245.72397701053836,46903100
2021-04-29,242.29837036132812,245.7432001834214,238.93032169994916,245.12908267315444,40589000
2021-04-30,241.98170471191406,242.84531703634377,239.50605411701005,239.64039185969258,30945100
2021-05-03,241.67469787597656,244.0640067134721,240.96461845267157,243.1524133181081,19626600
2021-05-04,237.7692413330078,241.0509476976474,235.82133672532257,240.82064814733633,32756100
2021-05-05,236.50265502929688,239.41011943668963,235.87894714797247,238.98791087136092,21901300
2021-05-06,239.6308135986328,239.75556103135267,234.79463968140215,236.48345929785845,26491100
2021-05-07,242.25045776367188,244.01604416660135,241.01261750297445,241.95298194601213,27032900
2021-05-10,237.1839141845703,241.5499129115919,237.12634295627333,240.72469114199723,29299900
2021-05-11,236.27235412597656,236.62740113121535,232.76037714863403,234.6603010402085,33641600
2021-05-12,229.33473205566406,234.49716711113675,228.44234870372256,232.37653406692775,36684400
2021-05-13,233.20176696777344,235.66784215247608,231.6568754357032,232.0215127667873,29624300
2021-05-14,238.1147003173828,239.10304549849073,235.5622830009087,235.6486398477899,23901100
2021-05-17,235.26483154296875,236.6178141840923,233.67197362740927,236.57943823986372,24970200
2021-05-18,233.2497100830078,236.4450447704299,233.07698177037457,236.31070703469962,20168000
2021-05-19,233.82681274414062,233.9326086171046,229.47959883359417,230.1624510972941,25739800
2021-05-20,237.05836486816406,238.47217569165701,234.53851835238595,234.63470174976987,21800700
2021-05-21,235.79844665527344,238.83766010110827,235.38489032383154,238.10671616214,21863100
2021-05-24,241.19403076171875,241.55951010552934,238.04902113207515,238.31831706682158,21411500
2021-05-25,242.0980682373047,243.08869557539978,241.2324763784631,242.14615993513493,17704300
2021-05-26,241.8768768310547,243.27144808873797,241.16515782189026,241.81915798529013,17771600
2021-05-27,239.78021240234375,241.86726317029425,239.72250822888856,241.56911515709095,24426200
2021-05-28,240.13604736328125,242.44431686460024,240.0206390246495,241.40559779033563,18270200
2021-06-01,237.94320678710938,241.68451217113508,237.5200379764385,241.62680800038572,23213300
2021-06-02,237.8470458984375,239.7417445032834,236.4428474366505,238.64532119633685,19406700
2021-06-03,236.3178253173828,236.9237338024007,233.71140768799265,235.846550117456,25307700
2021-06-04,241.20361328125,242.0307405997001,238.04899157263242,238.2894353899083,25281100
2021-06-07,244.1082000732422,244.3774959981243,240.2610986600382,240.42459870903608,23079200
2021-06-08,242.9156036376953,246.22411314134618,242.85788479009744,245.40659823560296,22455000
2021-06-09,243.8966064453125,245.76245296444787,243.531141793228,244.10819819545324,17937600
2021-06-10,247.40708923339844,247.61868099093334,243.973558759814,244.56985479894277,24563600
2021-06-11,248.03224182128906,248.609283510247,246.80114128203925,248.12839586874716,18999700
2021-06-14,249.95584106445312,250.0135452445864,246.98392903229885,248.0418879198391,19150500
2021-06-15,248.48431396484375,250.0520127883046,247.83031364311165,249.8404209958548,18038900
2021-06-16,247.54173278808594,250.61939615458576,244.69487142700754,249.48450833852118,27220000
2021-06-17,250.92718505859375,251.74469998319134,246.2241188200235,246.28182299342527,27565500
2021-06-18,249.51336669921875,252.27365719884,248.85936651938206,249.70573350554895,37202200
2021-06-21,252.591064453125,253.44702925067534,248.0611107803367,249.88847807213403,26696100
2021-06-22,255.3610076904297,255.63030364087788,252.36987079514645,252.67764598167503,24694100
2021-06-23,255.130126953125,256.6304940947321,254.32223921157143,255.82260635317851,19518700
2021-06-24,256.49591064453125,257.6115737475346,255.32254335956736,255.98617080317328,21446900
2021-06-25,254.8897247314453,257.03449459793245,254.63968306773089,256.0534941839957,25611100
2021-06-28,258.44830322265625,258.62141576149537,255.74571652356687,256.0150124787803,19590000
2021-06-29,261.0257873535156,261.26623115714835,257.73653255640755,258.5924972347941,19937800
2021-06-30,260.5448913574219,260.98729972356773,259.29459535920773,260.34292678716713,21656500
2021-07-01,261.2181701660156,261.44898683933064,259.2946196189184,259.3042174129385,16725300
2021-07-02,267.0368957519531,267.3735229640247,262.0837590204918,262.3915341487316,26458000
2021-07-06,267.0465087890625,268.6911361826912,263.81492881537,267.40236092120523,31565600
2021-07-07,269.2298583984375,269.96081730578703,266.55612318863166,268.72011846332913,23260000
2021-07-08,266.8157653808594,268.07568890593086,264.36322030721055,266.31562334882244,24618600
2021-07-09,267.3157653808594,267.42154655008784,264.7959193929011,265.18062355080275,23916700
2021-07-12,266.71954345703125,269.0758754216596,266.0078097490521,268.48920655469243,18931700
2021-07-13,270.2396545410156,272.03816979015454,266.7868844783001,266.9118906217508,26120100
2021-07-14,271.71112060546875,272.8171562130653,269.8260200844515,271.557233051648,23113700
2021-07-15,270.2877197265625,271.7111577808716,269.1335775905223,271.22064297039645,22604200
2021-07-16,270.0184326171875,273.24038594694457,268.77773418312665,271.28798313803793,26186800
2021-07-19,266.4213562011719,269.6529067683761,263.95921404966873,268.2679481392744,32935600
2021-07-20,268.64312744140625,270.2300510737556,265.7000968938325,267.4024288847443,26259700
2021-07-21,270.6435546875,270.75896302355244,266.69067242244347,268.23911651623393,24364300
2021-07-22,275.202392578125,275.4716884823561,272.58636264371466,272.99029182453523,23384100
2021-07-23,278.59747314453125,278.90521894376,275.5486324297109,276.3853722718105,22768100
2021-07-26,278.0011291503906,278.6166794096968,275.68327658614254,277.9530521274675,23176100
2021-07-27,275.58709716796875,278.51087288872895,272.1343274321578,278.3666124668251,33604100
2021-07-28,275.279296875,279.0590663386957,272.98064007555604,277.94340359284985,33566900
2021-07-29,275.5486145019531,277.5875733755724,275.1446559746078,275.2985435397369,18168300
2021-07-30,274.0193786621094,275.70248527997103,273.0576034519027,274.2694496090991,20944800
2021-08-02,273.932861328125,275.8083056438092,272.89412751695914,275.41397422948273,16267400
2021-08-03,276.1449890136719,276.250799585878,273.14425401781483,274.50998820237044,17879000
2021-08-04,275.55828857421875,276.59699312691515,273.7693710071133,275.2793654804813,16191300
2021-08-05,278.45318603515625,278.558996585167,275.1639308070006,275.91411439860224,13900200
2021-08-06,278.3955078125,278.4339870480046,276.6258445430264,277.4818387644274,16589300
2021-08-09,277.3086242675781,280.4055415160007,276.8085117411987,278.67435793533804,16117600
2021-08-10,275.490966796875,278.193553507934,274.29837461151317,277.7607428078615,18616600
2021-08-11,275.9814147949219,277.6260422247308,274.93305396223553,276.23145639673766,13955900
2021-08-12,278.7321472167969,278.8860348144574,275.3947851546205,275.6737082598213,14561300
2021-08-13,281.6559143066406,281.70399133323906,278.24159423758465,278.41473610565794,18249000
2021-08-16,283.3390197753906,283.55061152329273,278.93407230117066,281.98291302988906,22507600
2021-08-17,281.8770751953125,282.21370240044297,279.953524710054,281.21347728086533,20075300
2021-08-18,280.15228271484375,284.09347133334273,279.70899787712983,281.4146181894163,21813000
2021-08-19,285.9725036621094,286.64704708243323,278.13832497152845,278.1864940413031,29850500
2021-08-20,293.28631591796875,294.7124789833826,287.21554348054167,288.8151504653693,40817600
2021-08-23,293.5658264160156,294.28853895244464,290.8677113762467,292.21676889613116,22830200
2021-08-24,291.609619140625,294.5293759454758,291.0121816186196,293.9222928481988,18175800
2021-08-25,291.0218811035156,293.50799918306285,289.4897341208387,293.22854211359436,20006100
2021-08-26,288.2080078125,291.42648286158527,288.07311681656455,290.0388729783915,17666100
2021-08-27,288.8151550292969,289.9233081860537,286.0302890699818,288.1117043575675,22605700
2021-08-30,292.5443115234375,293.1513945858638,290.10636310625455,290.1641777400818,16348100
2021-08-31,290.89654541015625,293.42121586283224,290.53036644546444,293.3441394842218,26285300
2021-09-01,290.848388671875,294.08615577563324,290.5207625531025,291.85055818104365,18983800
2021-09-02,290.1930847167969,292.3226688129112,289.2583755946985,291.2048996220678,16285600
2021-09-03,290.1835021972656,291.59037412727884,289.33551492747904,290.03893618886394,14747900
2021-09-07,289.2584228515625,290.13531748316177,287.3504808113143,290.05824109463697,17180400
2021-09-08,289.2873840332031,289.6728248620788,286.6470834777918,288.873035877343,15046800
2021-09-09,286.43499755859375,291.1470962428215,286.1940934395369,289.87511543646343,19927000
2021-09-10,284.9510803222656,289.0079277198995,284.6330997569278,287.56250269932383,19633400
2021-09-13,286.1844787597656,287.6781021035082,283.38035098235275,286.7241016921292,23652900
2021-09-14,288.8825988769531,290.42439115897747,287.2540846387654,288.66095649526324,21853400
2021-09-15,293.7296142578125,294.21142254991946,290.83876450517084,292.2263747390184,28356300
2021-09-16,294.1150207519531,294.2017427055618,289.8172995209801,292.7081489368997,19550800
2021-09-17,288.9597473144531,293.42129752883636,288.632121151501,293.1033169436105,41372500
2021-09-20,283.5923156738281,287.8515134151559,278.98623011838976,285.5484559338163,38278700
2021-09-21,284.0740661621094,286.7143947530404,283.37064510185354,284.93169876249823,22364100
2021-09-22,287.7166442871094,289.29698969688434,283.7947469001605,285.9339770236081,26626300
2021-09-23,288.6610107421875,289.95225356645904,286.70487005513655,287.9768511323882,18604600
2021-09-24,288.4586181640625,288.8922279642704,286.1266531897196,287.3793723405542,14999000
2021-09-27,283.467041015625,285.683346907745,282.2817822917721,285.3653664442536,23571700
2021-09-28,273.2045593261719,280.20042503434115,272.4625851539167,279.25607020918045,43186200
2021-09-29,273.66717529296875,276.3363832822791,272.71320405702147,274.72715967027204,26353700
2021-09-30,271.6628112792969,277.3577596425143,271.3737086480666,275.3148971070343,32343600
2021-10-01,278.5815734863281,279.42956082549745,271.055729962069,271.855518825413,30086300
2021-10-04,272.80950927734375,277.280704871904,270.05357963632,276.9434331461272,31350700
2021-10-05,278.2539367675781,279.83425268811834,273.7152814419423,273.7152814419423,24993000
2021-10-06,282.44561767578125,282.94671707548684,275.1221558151547,275.38232168306524,28002600
2021-10-07,284.122314453125,285.84719612226604,283.22615821775884,284.44029494052455,20430500
2021-10-08,284.122314453125,285.84719612226604,283.0719760578184,285.44246427651734,17685700
2021-10-11,283.5249938964844,287.1289114738227,282.09883038427586,282.26265818654224,19298600
2021-10-12,282.2239990234375,284.69085485665033,281.71328346594987,284.5944873273196,17974100
2021-10-13,285.5291748046875,286.4638838944547,282.81176948302556,284.1801177182295,23416300
2021-10-14,291.73492431640625,292.2359943595076,286.99391772689086,288.32371333397117,27262900
2021-10-15,293.1418151855469,293.37310318030734,289.5860673662888,291.3398567409262,25384800
2021-10-18,296.1097412109375,296.996251978843,291.6770991496789,292.5250864283667,22729300
2021-10-19,297.01556396484375,298.0466114077476,296.0423017598198,297.13119325509496,17682100
2021-10-20,296.225341796875,298.4320317414315,294.9726227448066,297.95983967544254,16537100
2021-10-21,299.4535217285156,299.7040420623986,295.2135849120758,295.99414145888375,16918100
2021-10-22,297.9117431640625,299.7715163414631,296.60120915737616,299.10661846440314,17449300
2021-10-25,296.9192199707031,298.1430025992538,295.30996713441385,298.1044496970303,17554500
2021-10-26,298.8271179199219,301.0338080808827,297.37207690825886,299.6847507755604,28107300
2021-10-27,311.4119567871094,314.2353460702273,304.50281355306396,304.50281355306396,52588700
2021-10-28,312.54901123046875,313.05008121355974,309.6677779577822,312.5297200802306,26297900
2021-10-29,319.5544738769531,319.92065282329474,312.11535390609777,312.33699627026226,34766000
2021-11-01,317.3863830566406,319.429245467658,314.4955333639382,319.30397060914856,27073200
2021-11-02,321.009521484375,321.3178857761328,317.99339758395104,318.2921163018297,26487100
2021-11-03,321.847900390625,322.7151493305887,318.6197793405882,321.75153286235326,21500100
2021-11-04,324.1991271972656,324.2954947256181,317.52127212453837,320.7783004950608,23992200
2021-11-05,323.8330078125,326.46369184358485,322.25269180428967,326.1938803589028,22570100
2021-11-08,324.7291259765625,325.36511641707693,322.2719155808302,325.0278447491498,20897000
2021-11-09,323.72698974609375,326.39619698658385,322.3586413143152,324.8447590588509,21307400
2021-11-10,318.76434326171875,322.4550111195703,317.916385399046,322.39719647909817,25500900
2021-11-11,320.33502197265625,321.62626453740313,318.4848947841872,319.197961574822,16849800
2021-11-12,324.4689636230469,324.96041747042767,321.6455742090313,321.77084906481406,23831000
2021-11-15,323.8426208496094,325.5867644516325,321.87683485459274,325.25913835367027,16723000
2021-11-16,327.1574401855469,328.27523883002146,323.3029742696654,323.4667726030353,20886800
2021-11-17,327.3794860839844,330.34320817217764,326.2982657750648,327.2057248474174,19053400
2021-11-18,329.45501708984375,330.5941871717435,325.448698473781,326.47199828045603,22463500
2021-11-19,331.2313537597656,333.15247904268057,330.3528843201797,330.77765366688135,21963400
2021-11-22,328.06488037109375,337.5642399354129,327.7945753077866,332.6890561129603,31031100
2021-11-23,325.9893493652344,327.69808997134413,322.0119904551096,325.381155553639,30427600
2021-11-24,326.2113342285156,326.45267906197216,322.3498168932111,324.6377612006127,21661300
2021-11-26,318.26629638671875,326.23067700890783,316.7603067714065,322.77463147147154,24217200
2021-11-29,324.9757080078125,327.29261293135295,323.1511265991085,323.34421428483876,28563500
2021-11-30,319.1448059082031,326.0858868817991,317.6001928133879,323.71106155688426,42885600
2021-12-01,318.6524353027344,327.53393801069564,317.9863505876279,323.5276191928272,33337600
2021-12-02,318.0828857421875,321.94440378728416,316.4513920112506,318.864840789436,30766000
2021-12-03,311.8272399902344,321.1817696501505,307.01963950096615,320.49632899700646,41779300
2021-12-06,314.89715576171875,316.11354341449044,308.1781223856923,312.73471501105405,30032600
2021-12-07,323.324951171875,324.17446047936613,318.6718143921365,320.1585072370792,31021900
2021-12-08,323.3731994628906,323.8848494624371,319.3475536468009,323.70142498514247,24761000
2021-12-09,321.5679016113281,324.84052263649073,320.62181914163386,322.83254633757906,22214200
2021-12-10,330.6811218261719,331.12518817346324,323.19943025665486,323.38285472943636,38095700
2021-12-13,327.6497497558594,331.887779298735,327.34082128919505,328.8854341614765,28899400
2021-12-14,316.97271728515625,323.05462611476247,312.8891511907512,321.68377419361184,44438700
2021-12-15,323.0642395019531,323.5855526741377,313.26564359900055,317.23333915012444,35381100
2021-12-16,313.6518249511719,325.10124228323565,311.83690659632845,324.08757603047445,35034800
2021-12-17,312.58984375,313.67109344538676,306.2666203467996,309.77095234774947,47750300
2021-12-20,308.8345031738281,311.62443410133017,306.5755190902784,308.9696409594906,28326500
2021-12-21,315.9590148925781,316.38378416236156,308.72830354629133,312.09749750257555,24740600
2021-12-22,321.66448974609375,322.0602694505174,314.4724000480661,316.9341062072316,24831500
2021-12-23,323.10284423828125,324.74400105600773,321.2107088019103,321.23000578456225,19617800
2021-12-27,330.59417724609375,330.6231374487701,323.8171952094219,323.84615541209826,19947000
2021-12-28,329.435791015625,331.90716045361296,328.53799505142064,331.2700063774219,15661500
2021-12-29,330.1114807128906,332.3800986179056,327.9200507320242,329.4839605661863,15042000
2021-12-30,327.57257080078125,331.25066424671456,327.0898810628788,330.0729001077908,15994500
2021-12-31,324.67645263671875,327.6111852143737,324.222723076331,326.79063617756316,18000800
2022-01-03,323.1607971191406,326.29828058631676,318.3628596847403,323.7400307283668,28865100
2022-01-04,317.61956787109375,323.59527025765954,314.82960654307294,323.2380550401067,32674300
2022-01-05,305.4267883300781,314.78131857507753,305.0406424002805,314.57856765657084,40054300
2022-01-06,303.0133361816406,307.6664726573991,300.7060649286775,302.30859850808565,39646100
2022-01-07,303.1678161621094,305.54264171592666,299.35455497870817,303.2739937762214,32720000
2022-01-10,303.3898620605469,303.8242947018731,294.14153766971515,298.77534835896216,44289500
2022-01-11,304.0752258300781,305.64876956592934,299.1614480285225,302.53061283786786,29386800
2022-01-12,307.2513427734375,312.2134078663537,306.10253873709456,308.60289772987363,34372200
2022-01-13,294.2476501464844,309.7709684945666,293.4753583562799,309.37515937724777,45366000
2022-01-14,299.460693359375,300.05922385700916,293.2339846176459,293.7166743042593,39846400
2022-01-18,292.17205810546875,299.0745146536486,291.2935593504582,293.54290976278105,42333200
2022-01-19,292.8285217285156,303.0422523236715,292.2203574511124,295.6860659770476,45933900
2022-01-20,291.158447265625,300.86049892883005,290.71438096885566,298.36983291707537,35380700
2022-01-21,285.7812805175781,293.58153359567393,285.37580818130317,292.2107112599279,57984400
2022-01-24,286.1095275878906,286.8238990150419,266.4930083993814,282.08391143196826,85731500
2022-01-25,278.5023193359375,284.77728601402885,275.2972818230597,281.4274180089752,72848600
2022-01-26,286.437744140625,297.8195767322565,282.8851546395586,297.32722375809846,90428900
2022-01-27,289.4593200683594,296.6610412552463,287.6154421063972,292.1816967113216,53481300
2022-01-28,297.5878601074219,297.80024475160536,284.2559730920568,289.83586478628683,49743700
2022-01-31,300.2137145996094,301.5652399492526,295.76329997634053,298.25399547736595,46444500
2022-02-01,298.0705871582031,299.875842129487,294.5662548205134,299.66345745868625,40950400
2022-02-02,302.6078186035156,304.21035194352163,298.1863939124947,298.9104284628024,36636000
2022-02-03,290.820556640625,300.4550540690847,289.57520891247447,298.7752738080084,43730000
2022-02-04,295.3482666015625,298.10923839128986,289.5849486370163,289.81663033655974,35096500
2022-02-07,290.53094482421875,297.18239363022644,289.5172787684884,295.57022651592763,28533300
2022-02-08,294.01593017578125,294.98130951821844,289.56554554844485,290.8205269091974,32421200
2022-02-09,300.4356689453125,301.1307431856092,296.74794259085735,299.1420642821841,31284700
2022-02-10,291.91143798828125,298.41808594638906,290.2896076096914,293.51397138416485,45386200
2022-02-11,284.8255310058594,293.75528997244055,284.0339128700643,292.6933667977203,39175600
2022-02-14,284.7868957519531,286.4859727609208,281.2632671712976,283.59946859758975,36359500
2022-02-15,290.0675354003906,290.3860976240517,286.73696484782573,289.62346914706194,27058300
2022-02-16,289.7290344238281,291.0543344654578,284.0989005260468,288.6358951130052,29982100
2022-02-17,281.2451477050781,287.1170957635478,280.53895281663284,286.69144809406896,32461600
2022-02-18,278.53643798828125,284.2729679755153,276.96929430412916,283.48939613343924,34264000
2022-02-22,278.3333435058594,282.02872584374245,275.2183925047165,275.702080365006,41736100
2022-02-23,271.1263427734375,282.1834680729997,270.9619054573808,280.7130382995433,37811200
2022-02-24,284.9791564941406,285.530567636646,262.66179572392394,263.6195175824751,56989700
2022-02-25,287.6105041503906,287.92007149964275,282.13515343860865,285.5113151425781,32546700
2022-02-28,289.0422058105469,289.3807932241622,283.4410920061188,284.7083518645938,34627500
2022-03-01,285.3274230957031,290.1836376065008,282.6187539107419,286.73009989470324,31217800
2022-03-02,290.3965148925781,291.63475461259384,284.118256021791,285.7240737108103,31873000
2022-03-03,286.2658386230469,293.24060936073806,284.45682121195006,293.0084486328815,27314500
2022-03-04,280.4034423828125,286.01423787839684,277.80122950255003,284.6889381946854,32356500
2022-03-07,269.8106994628906,280.2390059870798,269.4430920558965,279.11684688434497,43157200
2022-03-08,266.85052490234375,274.6959256640992,261.19137259179695,268.73688932455536,48159500
2022-03-09,279.0879211425781,280.1520404378098,271.6197787096346,274.19300190647954,35204500
2022-03-10,276.2728271484375,277.24988606847967,271.4262653649747,273.7866644734184,30628000
2022-03-11,270.9328918457031,280.0649198872489,270.31375729009164,278.56546999148014,27209300
2022-03-14,267.4213562011719,276.08903470394495,266.821587956301,271.19411574307355,30660700
2022-03-15,277.7818908691406,278.4300454950149,269.63660504784883,271.2037487581612,34245100
2022-03-16,284.7857666015625,284.9598871545855,273.96082939248333,279.67799420383034,37826300
2022-03-17,285.5885925292969,285.96585361791,279.929440024444,283.7215649241579,30816600
2022-03-18,290.628662109375,291.1800733202025,283.17988724924487,285.7337436372442,43390600
2022-03-21,289.4001159667969,290.3481547741918,285.2790860660752,289.1389351574977,28351200
2022-03-22,294.14019775390625,295.0495331029309,289.0227729955793,290.0191685986224,27599700
2022-03-23,289.71929931640625,293.33730401444876,288.0070551895243,290.7060412894904,25715400
2022-03-24,294.1789245605469,294.2756680245102,288.58749479820733,289.380749871962,24484500
2022-03-25,293.7725830078125,295.5332134926127,289.5258199394837,295.27203273707045,22566500
2022-03-28,300.5636901855469,300.66040415354576,294.40148118606373,294.40148118606373,29578200
2022-03-29,305.1199951171875,305.51662272546986,298.9674698693951,303.66893146238317,30393400
2022-03-30,303.6205139160156,305.6423550476428,301.41489856711223,303.52379996649006,28163600
2022-03-31,298.2515563964844,304.8587480003614,297.8452751937795,303.6591822316137,33422100
2022-04-01,299.3253173828125,300.0121456693092,295.57189600541363,299.27693089832644,27110500
2022-04-04,304.6943664550781,304.8297837198991,299.6059601405936,299.97356767962793,24289600
2022-04-05,300.73773193359375,304.59755113932056,299.7606731283504,303.04974427141804,23156700
2022-04-06,289.7290344238281,296.9843524811861,287.03004784034084,295.2334047517675,40110400
2022-04-07,291.5379943847656,293.7436096818607,286.6817792585373,286.9816633477329,31411200
2022-04-08,287.2815246582031,291.2961273756615,286.6140331520905,290.6383190722913,24361900
2022-04-11,275.95355224609375,283.06373875112814,275.7020251620772,282.2705132557711,34569300
2022-04-12,272.8580017089844,281.25481613450495,271.33921469606946,279.80375250936805,30966700
2022-04-13,278.236572265625,279.16524459856345,272.122751236361,273.5061208154424,21907200
2022-04-14,270.70074462890625,278.9041016621508,270.2074030686159,278.691277815096,28221600
2022-04-18,271.3681945800781,273.2449056189471,269.25932284261444,269.81073402373755,20778000
2022-04-19,275.9922790527344,276.8339207213191,269.3270757429713,270.2654313652648,22297700
2022-04-20,277.017578125,280.248637622501,276.0598860202275,279.9584073178765,22906700
2022-04-21,271.6487121582031,283.7312227224096,270.9231805322284,279.1652091753969,29454600
2022-04-22,265.0899353027344,273.9607825716903,264.4611470651918,272.49035276111147,29405800
2022-04-25,271.5616760253906,271.93893715298736,261.9362771237636,264.3740824976134,35678900
2022-04-26,261.4042663574219,269.2786893101123,261.19144251967543,268.4467603674442,46518400
2022-04-27,273.9801025390625,281.47726299922044,270.05256019523966,272.89664665414017,63477700
2022-04-28,280.18096923828125,281.48693206044686,272.2774984573496,275.88581968028956,33646600
2022-04-29,268.4660339355469,280.4228102800614,267.47932156887543,279.1942245202134,37073900
2022-05-02,275.1893005371094,275.6439681879051,267.20845292685556,268.6498329270147,35151100
2022-05-03,272.58709716796875,274.8604357472129,271.01027020615345,274.69596890447576,25978600
2022-05-04,280.5195617675781,281.3901938245139,267.7018362258143,273.3706425590282,33599300
2022-05-05,268.30169677734375,277.0080793908521,265.3898860340184,276.22450731739383,43260400
2022-05-06,265.76715087890625,270.13967864846,262.4200095223799,265.8445279493737,37780300
2022-05-09,255.94822692871094,263.4744080237602,254.72935373016503,261.2494559206379,47726000
2022-05-10,260.7077941894531,264.8191415931829,256.42232621624953,262.82634968395604,39336400
2022-05-11,252.04971313476562,262.507041521962,250.84049357545095,257.01235492970693,48975900
2022-05-12,247.01937866210938,251.4015891851371,241.86326466522425,249.28303414533278,51033800
2022-05-13,252.60121154785156,254.45858642186755,247.01946276290232,248.95421472576513,34925100
2022-05-16,252.96873474121094,257.14780467191986,247.43534479276178,251.47896796071555,32550900
2022-05-17,258.1151428222656,259.57585977965135,253.89737021197146,257.4282849486114,28828800
2022-05-18,246.36326599121094,255.59413551227334,245.09305474022761,255.01235236440064,31356000
2022-05-19,245.45181274414062,249.84424444235316,244.23008588747544,246.18872524247453,32692300
2022-05-20,244.88943481445312,250.68782539404745,238.9553115969885,249.42729026419417,39199300
2022-05-23,252.73373413085938,253.5579245072491,245.73301319601697,247.73046089939714,33175400
2022-05-24,251.73501586914062,253.39307277606676,245.80089254690245,250.0575770395254,29043900
2022-05-25,254.54693603515625,256.54436894969376,249.3206523112265,250.29998684560377,28547900
2022-05-26,257.82427978515625,258.9975222921612,253.49003807090028,254.30452267342017,25002100
2022-05-27,264.94134521484375,265.03831400617037,259.43386111985046,260.32593257304654,26910800
2022-05-31,263.61297607421875,266.4248936649032,260.7622650462861,264.2529346305631,37827700
2022-06-01,264.14630126953125,269.25623459703166,261.8385798988137,266.84186825760014,25292200
2022-06-02,266.24066162109375,266.30854273854516,253.6548987948604,256.4183467798957,44008200
2022-06-03,261.8191223144531,265.14497113506803,260.25803436231683,262.10032291361057,28059000
2022-06-06,260.58770751953125,265.85278414550214,259.10417682407206,263.7971760802352,22400300
2022-06-07,264.223876953125,264.83474789857866,257.86311369538305,258.54186576604843,22860700
2022-06-08,262.1972961425781,264.70863088470054,261.42157544049917,263.4578015962176,17372300
2022-06-09,256.7480163574219,264.42745982638615,256.59287219967115,259.647196979162,26439700
2022-06-10,245.30636596679688,252.6658293283701,244.86033026242538,252.6658293283701,31422800
2022-06-13,234.9022979736328,241.45699897369704,234.19447300129707,237.6657463271983,46135800
2022-06-14,237.06455993652344,238.27659598406217,234.17505534653057,236.45368903404812,28651500
2022-06-15,244.11373901367188,247.54623321805892,238.9359248223612,240.76852264491998,33111700
2022-06-16,237.5299835205078,239.90557127346275,235.63921019857887,238.5093033448499,33169200
2022-06-17,240.1285400390625,242.8919877338187,236.6184889029332,237.2681383521673,43084800
2022-06-21,246.0335693359375,247.01288890773137,241.93202965450726,242.6592511135094,29928300
2022-06-22,245.442138671875,249.35944724213846,242.76595376071094,244.23979365415195,25939900
2022-06-23,250.9980926513672,251.4926127999007,245.92695305257084,247.8080352595046,25861400
2022-06-24,259.5696105957031,259.8411054436494,253.7712204115489,253.8584834422403,33923200
2022-06-27,256.8450012207031,260.151409571475,255.28388337930917,260.06414652554236,24615100
2022-06-28,248.6903839111328,258.8036043245108,248.53523976557486,255.9625992863611,27295500
2022-06-29,252.35560607910156,254.01366307535287,247.9922615951773,249.76668411063616,20069800
2022-06-30,249.0297393798828,251.64774884681984,245.21910548593416,249.24305888897192,31730900
2022-07-01,251.6961669921875,251.88039878467896,246.87712669121078,248.60307912881825,22837700
2022-07-05,254.8668975830078,254.99295404252342,247.00320860845787,248.38007952148388,22941000
2022-07-06,258.1248474121094,259.8507853109402,254.430564439945,255.73956910040374,23824400
2022-07-07,260.24835205078125,260.8883105802799,256.97100212276746,257.067970916459,20859900
2022-07-08,259.5307922363281,259.9574311836556,255.2935200278726,256.74796291447564,19658800
2022-07-11,256.47650146484375,258.4351408209991,254.2172499828831,257.5818628153171,19455200
2022-07-12,245.96572875976562,257.8630779320997,244.38522912726302,257.80490257305115,35868500
2022-07-13,245.0445556640625,245.84934922574635,240.5745669583086,242.59139634264417,29497400
2022-07-14,246.36326599121094,247.39107006314066,238.47048883303972,242.95987452362783,25102800
2022-07-15,248.92308044433594,252.4622192726145,247.0323074429904,247.95345174668594,29774100
2022-07-18,246.528076171875,252.91792521478504,245.60693194367718,251.86103357185658,20975000
2022-07-19,251.64776611328125,251.83199795607726,245.9754316061992,249.7569780806795,25012600
2022-07-20,254.3045196533203,256.8255603020686,251.04658128193176,252.00650426801573,22788300
2022-07-21,256.7964782714844,256.8449774641106,249.2236799929457,251.89986485024778,22404700
2022-07-22,252.4524688720703,257.2715238308018,251.20166937861543,257.18426081433154,21881300
2022-07-25,250.96897888183594,253.55790048413337,249.0103395957646,253.0730861428635,21056000
2022-07-26,244.24945068359375,251.98709795269474,241.99022895209225,251.96768644166164,39348000
2022-07-27,260.5780334472656,261.8482448041291,250.98842003172433,253.22826018562694,45994000
2022-07-28,268.0150451660156,269.4016069637394,259.734408627682,261.5573151321631,33459300
2022-07-29,272.21356201171875,273.43530368872024,268.2284021083121,269.2659119581238,32152800
2022-08-01,269.56646728515625,272.7371422807074,267.46236011948673,269.38223547656554,21539600
2022-08-02,266.4733581542969,269.45012527255744,264.1074618325668,267.6175128829661,22754200
2022-08-03,273.89105224609375,274.8897687407823,268.20901200946105,268.3544800041246,23518900
2022-08-04,275.03521728515625,275.18065569445895,271.66092782643676,273.2413979951584,18098700
2022-08-05,274.31768798828125,275.03520383289623,270.2161475022105,270.67187422288504,16774600
2022-08-08,271.8063049316406,277.2362311831434,270.8366763006836,275.4230007870511,18739200
2022-08-09,273.7262268066406,274.4825361654894,269.1786648955096,271.1470399708498,23405200
2022-08-10,280.3778076171875,281.0080602847514,278.2252309562204,279.41788477875497,24687800
2022-08-11,278.3028259277344,282.3655726517332,277.80833539979704,282.01652051436565,20065900
2022-08-12,283.0443420410156,283.0443420410156,278.2252857983071,279.71852241187486,22619700
2022-08-15,284.5570068359375,285.2454350994593,281.29903820314064,282.16202216520173,18085700
2022-08-16,283.8200378417969,285.1096607169614,281.5996091944976,283.12190392197317,18102900
2022-08-17,283.0718078613281,285.0443308942976,281.27418133685177,281.53652609959147,18253400
2022-08-18,281.9543762207031,283.64510179006146,280.89521149700556,281.9737992817374,17186200
2022-08-19,278.0482177734375,281.06045328122894,277.47492602525494,280.72035691439993,20570000
2022-08-22,269.8860168457031,274.46265350884744,269.3710240123007,274.0934077691384,25061100
2022-08-23,268.6131591796875,270.96462513583367,267.6025963871895,268.6131591796875,17527400
2022-08-24,267.9815368652344,269.38076836522134,267.32076724046834,267.61229110085856,18137000
2022-08-25,270.95489501953125,271.12006518473976,266.74747418276837,269.4779119694947,16583400
2022-08-26,260.49957275390625,272.40273889149455,260.3927014141226,271.17840374249715,27549300
2022-08-29,257.7204895019531,259.8290331608574,256.3795570313367,258.32293054735436,20338500
2022-08-30,255.5245361328125,259.48900611595445,253.27994149506821,259.11978995833886,22767100
2022-08-31,254.06695556640625,259.54725384491036,253.93090517707998,257.8759809716696,24791800
2022-09-01,253.0272674560547,253.50341421016233,248.17855922552292,251.54058765801105,23263400
2022-09-02,248.8101348876953,257.2443697118644,247.265156339412,254.29046300933095,22855400
2022-09-06,246.07968139648438,250.52999388020916,244.80677406440572,248.94616930970054,21328200
2022-09-07,250.78265380859375,251.5016925834483,246.05054362667008,247.4886360031437,24126700
2022-09-08,251.20050048828125,253.05642612748184,247.5761123040182,250.21911682986428,20319900
2022-09-09,256.9723205566406,257.7205384807604,252.92040261166707,253.12444856663964,22084700
2022-09-12,259.10028076171875,259.8776479982531,257.65247691062,258.25491798547915,18747700
2022-09-13,244.85540771484375,253.02728395787975,244.46672402632814,251.51145463958565,33353300
2022-09-14,245.07887268066406,247.03195802459214,242.78569098884205,246.35178015556986,23913000
2022-09-15,238.43252563476562,244.28206983666107,237.111030916621,242.69823034248557,31530900
2022-09-16,237.81065368652344,238.3547959701018,235.2065251235573,237.34423330622892,39791800
2022-09-19,237.5968780517578,238.19931916772862,234.03078901134762,235.60491699915002,26826900
2022-09-20,235.5854949951172,236.61548077642544,232.85505707344666,235.21626404112513,26660300
2022-09-21,232.1845703125,240.64796931692138,232.13598300454865,237.35395148181902,28625600
2022-09-22,234.1571044921875,236.9555675025579,230.8436634388637,231.1351576468061,31061200
2022-09-23,231.18373107910156,234.30285235773331,228.54074168946926,232.75785901455737,34176000
2022-09-26,230.72702026367188,234.61376733849224,230.19258957553137,230.33835148689522,27694200
2022-09-27,229.71649169921875,234.95388322610455,227.86056625784224,233.18540604277874,27018700
2022-09-28,234.24456787109375,235.46888802626256,228.0840616627681,230.10517219200622,29029700
2022-09-29,230.77561950683594,233.15624924797467,227.77311079462302,232.1262635921422,27484200
2022-09-30,226.30584716796875,233.7295336409088,226.1406621930938,231.5432383662329,35694800
2022-10-03,233.92388916015625,234.76925194456734,228.01603154626426,228.74479665745017,28880400
2022-10-04,241.8334503173828,243.27154283676492,238.04386235617537,238.15074851262196,34888400
2022-10-05,242.14434814453125,243.48528067614083,237.188754349336,239.0252418124359,20347100
2022-10-06,239.80259704589844,243.25208841301955,239.11270766853326,240.91031948888858,20239900
2022-10-07,227.60792541503906,234.48746986052475,226.56821340371297,234.0793483497187,37769600
2022-10-10,222.7592010498047,227.91885563531727,220.3105461386793,226.45161389079223,29743600
2022-10-11,219.02796936035156,222.57462096558834,217.76477330000458,221.1753893188512,30474000
2022-10-12,219.35829162597656,221.4085513345767,217.61897880529855,219.01819532065716,21903900
2022-10-13,227.60792541503906,229.41526348823245,212.92573701301367,213.62535270758946,42551800
2022-10-14,222.08877563476562,230.52302640165487,221.87500331123564,228.87114666042004,30198600
2022-10-17,230.80479431152344,232.19431432541026,228.4824631518074,229.1432179713051,28142300
2022-10-18,231.74729919433594,237.0235513421654,228.70591479996747,236.35309991218537,26329600
2022-10-19,229.78453063964844,232.8259156019754,227.65653380190315,230.3286729708631,19985700
2022-10-20,229.46388244628906,234.47779099740978,228.22012425439718,229.09465146313713,21811000
2022-10-21,235.2648162841797,236.11990546004,227.86056720320732,228.09377738574145,26299700
2022-10-24,240.2495880126953,240.8228797300147,234.4680538752151,236.85839536600284,24911200
2022-10-25,243.56301879882812,243.9322497035884,238.8697697379953,240.2592747562869,34775500
2022-10-26,224.7706298828125,231.55300056663893,223.54629485034351,224.62486794587923,82543200
2022-10-27,220.33001708984375,227.07352693116061,219.38747955716596,224.49854760384136,40424600
2022-10-28,229.19178771972656,229.9011298424008,219.64982993170372,219.83445281769383,40647700
2022-10-31,225.55767822265625,228.26867807032616,224.605414413329,227.14151774097857,28357300
2022-11-01,221.7097930908203,229.0654698713663,220.89357967203034,227.95774742393274,30592300
2022-11-02,213.8682861328125,224.7511761173168,213.80997246609851,222.96327583397812,38407000
2022-11-03,208.18389892578125,214.16949323044878,207.9215393357344,213.85854633457637,36633900
2022-11-04,215.12176513671875,215.31609955402047,207.3871307832787,211.39049094816932,36789100
2022-11-07,221.41827392578125,221.9429931186714,215.01486125373305,215.7047654290473,33498000
2022-11-08,222.38998413085938,225.09127262477088,219.44577390313017,222.22479913107526,28192500
2022-11-09,218.15342712402344,222.1567873542891,217.97853059362552,220.93245233444006,27852900
2022-11-10,236.1004638671875,236.44056019136823,228.34640704745314,228.7642252711611,46268000
2022-11-11,240.11354064941406,240.9686298310699,235.0801950029828,236.1101955294159,34620200
2022-11-14,234.71096801757812,237.0041496395175,232.43722428466577,235.13851261558185,31123300
2022-11-15,235.1190948486328,240.00667907027895,233.2340197743407,238.7046221025726,31390100
2022-11-16,235.54783630371094,237.564903920351,234.2713414708657,236.58072479842383,24093300
2022-11-17,235.4990997314453,237.02895459171626,231.55268915517976,231.69884700298584,23123500
2022-11-18,235.05087280273438,237.50642872973486,232.91687900998218,237.28230020466626,27613500
2022-11-21,235.85963439941406,238.41262379283273,235.02162809086872,235.2554806346632,26394700
2022-11-22,238.76339721679688,239.03623507377168,234.55388823165154,237.36022259889907,19665700
2022-11-23,241.24818420410156,241.93027884608753,238.0228392859944,238.84135285637757,19508500
2022-11-25,241.1605224609375,242.33956874564888,240.4199497182592,240.9851181755742,9200800
2022-11-28,235.57705688476562,240.34199604159997,234.64161691636573,239.7865813482157,24778200
2022-11-29,234.18362426757812,236.58070207820637,232.11784747654085,235.22625156300845,17956300
2022-11-30,248.61483764648438,248.79998080802568,233.72562221636355,234.41747063024718,47594200
2022-12-01,248.1763916015625,249.56981269736582,244.50280391577542,247.37735568786078,26041500
2022-12-02,248.49795532226562,249.51135113758676,243.30426645593676,243.43094650855843,21528500
2022-12-05,243.8011932373047,247.32862273354516,241.7159238084992,245.5649005511503,23435300
2022-12-06,238.85110473632812,245.41873605992336,237.5453785123422,244.40534037511836,22463700
2022-12-07,238.12026977539062,239.86449912487623,236.0155227459376,238.5685118877335,20481500
2022-12-08,241.07281494140625,242.37855615254333,236.84381267858302,238.5782885351059,22611800
2022-12-09,239.14346313476562,241.9595517487918,237.91569256943419,238.44187570641893,20609700
2022-12-12,246.0521240234375,246.081355592582,240.84869655601585,241.12153444706453,30665100
2022-12-13,250.34934997558594,257.1703267708484,246.59780679077178,254.9973477435735,42196900
2022-12-14,250.6416778564453,255.8743369804064,247.80609665366913,250.55398314754714,35410900
2022-12-15,242.6416015625,247.69887047650548,241.01431334412206,247.23115056709423,35560400
2022-12-16,238.43214416503906,243.4504288310408,237.28231450643366,242.19342665644314,86102000
2022-12-19,234.30055236816406,238.93882615281237,232.60506192023936,238.59777136210013,29696400
2022-12-20,235.61605834960938,236.6976711092284,232.32249582835396,233.27742853144738,25150800
2022-12-21,238.1787567138672,239.33832514030232,233.9692473656318,235.5088410448142,23690600
2022-12-22,232.09837341308594,235.80119266762082,227.8888488200861,235.08985146621117,28651700
2022-12-23,232.62452697753906,232.7609459126413,227.95703674860303,230.07153767696204,21207000
2022-12-27,230.8998260498047,232.81943021522733,229.79872070086748,232.59531655901404,16688600
2022-12-28,228.53195190429688,233.5892213133109,228.18115822076558,230.83159608110222,17457100
2022-12-29,234.8462371826172,235.73296777777816,229.6233169580292,229.6233169580292,19770700
2022-12-30,233.6866912841797,233.8231102365172,230.60750365307476,232.11786589802279,21938500
2023-01-03,233.45278930664062,239.46499095764855,231.32853465622566,236.86327747897744,25740000
2023-01-04,223.24082946777344,226.9144019342719,220.18113479471134,226.3394946084548,50623400
2023-01-05,216.6244659423828,221.7304593927792,216.0885291034545,221.3894046220388,39585600
2023-01-06,219.17745971679688,219.98623444144232,213.74018002094996,217.2968261609176,43613600
2023-01-09,221.3114471435547,225.3260890868295,220.6196135764492,220.65858404237193,27369800
2023-01-10,222.9972381591797,225.3943160955878,221.51610752466433,221.9351032710945,27033900
2023-01-11,229.740234375,229.91562377471337,225.19940935858202,225.37479875829538,28669300
2023-01-12,232.41014099121094,233.76459137721616,227.58673939319505,229.2432592016942,27269500
2023-01-13,233.11172485351562,233.24814377999738,228.91195482909734,230.93876092864622,21333300
2023-01-17,234.20309448242188,234.74877019615067,231.0264589269251,231.8839578305264,29831300
2023-01-18,229.77923583984375,236.1812174269308,229.4966590348899,235.3919352846435,30028700
2023-01-19,225.99847412109375,229.49667257988827,224.78044238060093,227.8011670444437,28623000
2023-01-20,234.07644653320312,234.583151851916,228.51247153332469,228.85352633542087,35389800
2023-01-23,236.37606811523438,238.89982582882288,233.52099453170575,234.93392297440502,31934000
2023-01-24,235.84988403320312,237.7110398533446,234.29081253406932,236.29812619619068,40234400
2023-01-25,234.45645141601562,237.07765762154605,224.9947760426561,228.48322009420318,66526600
2023-01-26,241.65745544433594,241.95952488467353,235.8109041029407,237.4186997744048,33454500
2023-01-27,241.8133544921875,243.44064274681827,240.5173672279143,242.62212916997672,26498900
2023-01-30,236.50277709960938,239.31886569324453,236.0058106681411,238.25673078922537,25867400
2023-01-31,241.4723358154297,241.60875476528724,236.736628172446,237.22384083173012,26541100
2023-02-01,246.2859649658203,248.65381102324727,239.1921508241423,241.65744534727375,31259900
2023-02-02,257.8329162597656,257.92061096012765,250.6708850258921,252.20073974099043,39940400
2023-02-03,251.7427520751953,257.4431453454228,250.5247205959628,252.9023204223924,29077300
2023-02-06,250.203125,251.69399423007144,248.26402854533762,250.85600290857124,22518000
2023-02-07,260.7172546386719,261.89630103268723,253.42854202536165,253.86704534514652,50841400
2023-02-08,259.908447265625,269.6819309436082,259.4017271241036,266.2129795710124,54686000
2023-02-09,256.8779602050781,266.97302049431784,256.07892442365,266.7976013623995,42375100
2023-02-10,256.3713073730469,257.3359789229723,253.99370721574917,254.8414524853322,25818500
2023-02-13,264.3810729980469,267.5771867135627,260.3177065131593,260.7951951195851,44630900
2023-02-14,265.2093200683594,267.93769873660716,262.3932169633668,265.69653266891055,37047900
2023-02-15,263.08953857421875,264.46692310846817,260.02216525434795,262.112672647368,28922400
2023-02-16,256.0853576660156,260.56916800834415,255.84114122158655,257.91209190049267,29603600
2023-02-17,252.0900115966797,254.0730481798603,250.07767022898236,253.3892599372768,30000100
2023-02-21,246.82470703125,249.5794760448662,245.7696900625751,248.59283193869732,28397400
2023-02-22,245.69155883789062,248.45609136769838,244.54862742266278,248.21187487113363,22491100
2023-02-23,248.87612915039062,250.89823380940385,244.68536609831472,249.6478466517071,29219100
2023-02-24,243.45452880859375,245.19334897539824,242.36044373441328,244.17741496448653,24990900
2023-02-27,244.37277221679688,246.9712390360351,243.62058131527203,246.61956672286158,21190000
2023-02-28,243.64988708496094,245.6720066203372,242.9758472398355,243.30799296891402,22491000
2023-03-01,240.57278442382812,245.12496847434377,240.10387803031043,244.9589030496448,27565300
2023-03-02,245.30081176757812,245.58409633737872,239.9280489885474,240.8463053757084,24808200
2023-03-03,249.38412475585938,249.70649233770646,245.5743531627447,246.35584897578673,30760100
2023-03-06,250.92752075195312,254.10233469653934,250.05811076028263,250.49769740222126,24109800
2023-03-07,248.27047729492188,251.72859113392445,247.52806453283253,250.37073314257202,21473200
2023-03-08,247.83090209960938,248.65146596513543,245.00775994580786,248.1630329633996,17340200
2023-03-09,246.48277282714844,253.5552713068952,245.7598868071428,249.90180294704896,26653400
2023-03-10,242.83905029296875,246.94188341244066,241.87196275181054,245.2714513472829,28333900
2023-03-13,248.04576110839844,251.94346100015755,240.04522785498133,241.67659194545388,33339700
2023-03-14,254.75689697265625,255.03041826500868,249.94093975685146,250.81034991592716,33620300
2023-03-15,259.2992858886719,260.3152347680269,253.21340062279128,253.96560644232494,46028000
2023-03-16,269.8103942871094,270.16205172863715,257.1892727698562,259.0746169472976,54768800
2023-03-17,272.96563720703125,276.7754083374073,269.9275985016487,271.8227207737094,69527400
2023-03-20,265.9322509765625,271.06079765137076,263.60730504746243,270.57236463472236,43466600
2023-03-21,267.44635009765625,268.6381277112385,263.28489174322317,268.5209085708176,34558700
2023-03-22,265.9908142089844,274.5383905110529,265.8833434620223,267.0751210074597,34873300
2023-03-23,271.2366027832031,274.55794104511676,268.83352089762093,271.51012405626466,36610900
2023-03-24,274.0792541503906,274.1378637154936,268.9116255422268,270.82627422927686,28172000
2023-03-27,269.9862060546875,274.9486717802247,269.1460858667074,274.0108888501196,26840200
2023-03-28,268.8628234863281,269.75177506940884,265.756367139309,269.40986602798046,21878600
2023-03-29,274.02069091796875,274.63612126718954,271.96926635776106,272.5065307325749,25087000
2023-03-30,277.478759765625,277.8792783804837,274.9682369436602,277.65461829253616,25053400
2023-03-31,281.6304626464844,282.57802388172956,276.4530846466407,277.16620757595643,32766000
2023-04-03,280.5852355957031,281.6011547846993,277.3811162661027,279.8916392622568,24883300
2023-04-04,280.536376953125,283.7307479234541,279.0613295322564,280.5852381411604,25824300
2023-04-05,277.7620544433594,280.5070453166388,276.3749215198196,279.2371315346284,22064800
2023-04-06,284.8541259765625,285.3230025679542,275.5055113851009,276.6582060877172,29770300
2023-04-10,282.6952209472656,282.9003544272942,278.12346613985693,282.51936243851856,23103000
2023-04-11,276.2869567871094,279.364108081122,275.1245138457469,279.1394182021938,27276600
2023-04-12,276.93170166015625,280.37028867291156,275.43709804068334,278.20164520430563,27403400
2023-04-13,283.13482666015625,283.1934362329106,276.61914739244156,277.02941440172174,24222700
2023-04-14,279.52044677734375,281.80630960092736,277.12711319357106,280.36053721344047,20987900
2023-04-17,282.1188049316406,284.8540468047271,279.5398949610126,283.2226679530425,23836200
2023-04-18,281.69879150390625,285.01038094044696,280.37026829939435,284.82477404987856,20161800
2023-04-19,281.7769775390625,282.363073223057,277.9574283365994,279.3738659883608,17150300
2023-04-20,279.4910888671875,282.34355041766946,278.48491818075087,278.6509985011603,23244400
2023-04-21,279.1492004394531,279.6473817610795,276.511650666874,278.41655103724565,21676400
2023-04-24,275.25146484375,278.3579207345042,272.27203608801597,275.5640690535179,26611000
2023-04-25,269.04833984375,275.085362168207,268.99947867623007,273.0437166175051,45772200
2023-04-26,288.5368957519531,292.6397447358396,285.957985102446,289.83614418187,64599200
2023-04-27,297.7780456542969,298.1395111111619,288.4196826173737,289.12302732036886,46462600
2023-04-28,300.15179443359375,301.7831436206851,296.2931626094283,296.9769805922049,36469600
2023-05-01,298.4911193847656,301.4607998428203,298.0906008187468,299.8685037767096,21294100
2023-05-02,298.34466552734375,302.02743982366337,296.8793664443899,300.640306719622,26404400
2023-05-03,297.35797119140625,301.47056824435134,297.05514515019064,299.52661466140324,22360800
2023-05-04,298.34466552734375,300.640306719622,296.3811552164781,299.155451236147,22519900
2023-05-05,303.4634094238281,304.7528796666807,297.2309997282912,298.6474673178527,28197100
2023-05-08,301.5096130371094,303.0237728629805,299.0088390583922,302.95538510450854,21318600
2023-05-09,299.8978576660156,302.8675386103428,299.22381775082977,300.8747236518984,21340800
2023-05-10,305.0849304199219,305.7589701511876,300.55228898423684,301.4802935306575,30078000
2023-05-11,302.9358825683594,303.9225267081971,299.1749725458381,302.92613418082834,31680200
2023-05-12,301.82220458984375,303.46333185493665,299.5070375888062,303.3656393200101,19774700
2023-05-15,302.3009033203125,302.73072668738115,300.47416891606105,301.94924591720934,16336500
2023-05-16,304.5281677246094,306.452594750173,302.66235026842685,302.66235026842685,26730300
2023-05-17,307.4064025878906,307.82736596878567,304.21484884759707,305.73231876094286,24315000
2023-05-18,311.83154296875,312.3406428632518,307.1323477805687,307.92533659511486,27276000
2023-05-19,311.6553039550781,312.05669811668946,309.7266699904712,310.0888957303577,27546700
2023-05-22,314.4356689453125,315.81606453289896,311.3322511744977,311.90985842716117,24115700
2023-05-23,308.6399841308594,315.94332604860966,308.63018455651456,313.3098099504378,30797200
2023-05-24,307.259521484375,309.8538685952103,306.0455397240874,308.1210472895002,23384900
2023-05-25,319.07611083984375,320.03551297467794,313.28041010709336,316.4523646988683,43301700
2023-05-26,325.8997802734375,326.39905065575283,317.0789683726066,317.2160130284429,36630600
2023-05-30,324.2550354003906,328.6899104115325,323.57952206493354,328.1906400290104,29503100
2023-05-31,321.4942626953125,328.88571082280095,320.4564937937518,325.31236192591416,45950600
2023-06-01,325.59625244140625,326.5263156649062,317.9013162515011,319.08589950715634,26773900
2023-06-02,328.3570861816406,330.4129952384752,325.5669260242761,327.2312404695121,25873800
2023-06-05,328.8857116699219,331.4506903935802,327.6325911531441,328.18082951193753,21307100
2023-06-06,326.6731872558594,328.32770204884184,325.19491542513276,328.2885336264792,20396200
2023-06-07,316.5894775390625,327.4661687531418,315.7279515267093,324.6858083621168,40717100
2023-06-08,318.42999267578125,319.7810193360927,316.5600964884988,317.1377037070702,23277700
2023-06-09,319.9278869628906,323.06067362544843,317.59785876983193,318.16566645574613,22529000
2023-06-12,324.881591796875,325.1263421252022,318.3320706206992,321.6802383812358,24260300
2023-06-13,327.2703857421875,329.90390189326365,323.4522862648796,327.44659882342825,22951300
2023-06-14,330.25634765625,331.9206620825264,325.82147225464075,327.3193432875882,26003800
2023-06-15,340.7904052734375,342.4938582086499,330.1192956143464,330.393414820895,38899100
2023-06-16,335.1414794921875,344.08956511719884,334.7694841195097,343.94272090735933,46552000
2023-06-20,330.9513854980469,334.89675963715365,328.8073702091856,332.1849367263642,26375400
2023-06-21,326.5556640625,330.63811253956635,325.09696171811146,329.306655264913,25117800
2023-06-22,332.57659912109375,332.9779933308651,326.34036419783473,327.10398419095304,23556800
2023-06-23,327.9849853515625,330.8632513932906,326.44797610789226,327.3388409466085,23146900
2023-06-26,321.6998596191406,329.0521396707675,321.59215393137123,326.7123419071995,21520600
2023-06-27,327.5444641113281,329.0912729817788,322.3851082652234,324.89134914186997,24354100
2023-06-28,328.79766845703125,330.88294648753094,326.8004969786541,327.6326542510409,20259500
2023-06-29,328.0144958496094,329.05223522418527,325.63552897450194,327.6816388687793,16997000
2023-06-30,333.38916015625,335.53317570907825,330.1192989180002,330.6577377615813,26832800
2023-07-03,330.8927001953125,333.7415980832822,329.5025348266666,332.06751392034784,12508700
2023-07-05,331.0492858886719,334.47579046215725,327.7011181507027,328.05354428027886,18172400
2023-07-06,334.10382080078125,335.7877045236946,328.4549930763807,330.2171837710964,28161200
2023-07-07,330.13885498046875,334.61289857162126,329.92347347630437,332.19476390626494,21214800
2023-07-10,324.8620300292969,328.1906587789502,320.71107354380314,327.57388310031735,32791400
2023-07-11,325.488525390625,325.87032031712397,320.1333877100086,324.1081301336385,26698200
2023-07-12,330.1192321777344,334.475769797387,328.62136146608015,329.53182545465006,29995300
2023-07-13,335.464599609375,336.52190790090776,331.9010204242932,332.42968950843436,20567200
2023-07-14,337.990478515625,344.05050037393715,337.0800142635262,340.2911380855163,28352700
2023-07-17,338.4701843261719,339.70370584522345,335.01431037964596,338.42121632729265,20363900
2023-07-18,351.9411315917969,359.0780587005071,334.98485352547675,338.5679716235415,64738600
2023-07-19,347.6238098144531,354.84884504828324,345.03926161088305,354.15376240808007,39732900
2023-07-20,339.5862121582031,350.4531337158096,338.11771005249284,346.1455335144098,33778400
2023-07-21,336.55133056640625,342.9442090840303,332.6940623159266,341.81836334887606,69405400
2023-07-24,337.8631591796875,339.6351792022214,335.1219672074144,338.58764053266464,26678100
2023-07-25,343.60992431640625,344.5008191812914,337.82402242034016,339.8211637778006,41637700
2023-07-26,330.67724609375,337.43237871487065,326.1150966195682,334.2701938774004,58383700
2023-07-27,323.7753601074219,334.1625511308161,322.14041454334006,333.3304238013421,39635300
2023-07-28,331.2646484375,332.87022482957593,326.1738598596252,326.66336048500244,28484900
2023-07-31,328.86614990234375,330.6087711275723,326.35987893485446,329.8451512620621,25446000
2023-08-01,329.27734375,331.431158888361,326.69279546072005,328.151498059074,18311900
2023-08-02,320.6228942871094,326.62417644748024,319.5068185737911,326.62417644748024,27761300
2023-08-03,319.80059814453125,322.9529838203489,319.1055155220307,319.154453640907,18253700
2023-08-04,320.89703369140625,328.1024985432112,320.36836464241367,324.9109448563175,23741500
2023-08-07,323.1781005859375,324.15710187316535,320.64249083722723,321.4746479067205,17741500
2023-08-08,319.203369140625,321.84668466116545,316.21742705872686,320.09426392900343,22327600
2023-08-09,315.4635925292969,320.24109366891923,314.3083483150612,319.61454838698023,22373300
2023-08-10,316.1489562988281,321.3670511745829,314.43570362465357,319.1740674354457,20113700
2023-08-11,314.26922607421875,315.63982195899507,312.50700575657817,313.53497507772255,24355500
2023-08-14,317.235595703125,317.2551649738709,313.35872896949473,314.64124818370647,18836100
2023-08-15,315.1013488769531,318.26353387975075,314.1615159801267,316.2174247167932,16966300
2023-08-16,314.3361511230469,318.2800883607637,313.7475006460735,314.72857479436016,20698900
2023-08-17,310.8827819824219,315.77833241862345,310.22544912717694,314.47351697046,21257200
2023-08-18,310.4903564453125,312.3543913343559,305.653638152049,308.5379985359399,24755000
2023-08-21,315.7882080078125,316.661348586836,311.0398118753366,311.91295245436015,24040000
2023-08-22,316.3571472167969,319.9086306831472,315.37607311272194,319.3396208763862,16084600
2023-08-23,320.8112487792969,322.96962389693414,317.33823788637403,317.69144015108157,21166400
2023-08-24,313.9142761230469,326.67805954758404,313.9044558013969,326.5505151261544,23281400
2023-08-25,316.8674011230469,319.2023329027204,312.76648762728905,315.3859692887893,21684100
2023-08-28,317.57373046875,319.97734429438725,315.63119277463596,319.4966275172615,14808500
2023-08-29,322.1945495605469,322.7537689845137,315.7881368695037,315.7881368695037,19284600
2023-08-30,322.5673522949219,323.5680370692741,320.2716425608164,322.44962819676334,15222100
2023-08-31,321.556884765625,324.6472624633452,320.5954212849975,322.9696339885842,26411000
2023-09-01,322.4398498535156,325.7068137627579,320.5954255688949,325.039690493004,14942000
2023-09-05,327.2372741699219,328.51268854222997,322.4398370951833,322.77339871686183,18553900
2023-09-06,326.5799560546875,328.13003998213503,323.9310439692956,327.0704931119819,17535800
2023-09-07,323.6661682128906,326.77615642313435,322.8028181923794,325.02005529596454,18381000
2023-09-08,327.94366455078125,329.7979091740935,323.2247000080773,323.84278154918144,19530100
2023-09-11,331.544189453125,332.01511580762883,329.08168383895804,330.85742559530763,16583300
2023-09-12,325.490966796875,330.41597829482106,325.2064768442106,329.46433515175244,17565500
2023-09-13,329.69976806640625,330.4748250083912,324.90233116375424,325.0396659724569,16544400
2023-09-14,332.2898254394531,334.40891924896704,330.20013271673093,332.7312908414323,20267000
2023-09-15,323.9703063964844,331.0144115945299,323.4110869464427,330.54351516502703,37679800
2023-09-18,322.83221435546875,324.1468499483667,320.18330252768726,321.5960515105036,16834200
2023-09-19,322.42999267578125,323.15600785929996,318.36836152476627,319.9969481018416,16505900
2023-09-20,314.6991271972656,323.3522079151342,314.4440682913458,323.2737351610063,21436500
2023-09-21,313.48260498046875,319.1924634099481,309.0383405191742,313.21772575271143,35560400
2023-09-22,311.01031494140625,315.36628640951005,310.16657563325697,315.23874198409163,21447900
2023-09-25,311.5302734375,311.65781785899316,309.0383368775715,310.59824108043864,17836000
2023-09-26,306.2324523925781,309.90165956772006,304.152550365276,309.1658540685337,26297600
2023-09-27,306.87017822265625,308.3515797645924,303.82884250383796,306.3894315511619,19410100
2023-09-28,307.7041320800781,309.50930504825243,303.59342871178666,305.1042614505791,19683600
2023-09-29,309.77410888671875,313.42370528640464,309.01869270124683,311.7362568448294,24147300
2023-10-02,315.7095947265625,315.7979177319469,309.21488977062666,310.294077136417,20570000
2023-10-03,307.4588317871094,315.3074247202829,305.320067458415,314.75799567015525,21033500
2023-10-04,312.9234313964844,313.9830083427308,308.0573115463436,308.086742575961,20720100
2023-10-05,313.3157958984375,313.92408696226687,308.94021399543317,313.05091668193415,16965600
2023-10-06,321.06634521484375,322.9598111936179,310.3137506624104,310.55901920701876,25673600
2023-10-09,323.5778503417969,324.0487467241728,317.06350427889305,318.6037977229235,19891200
2023-10-10,322.1749572753906,324.8336598616772,321.4685826836827,324.69629510828605,20557100
2023-10-11,326.12860107421875,326.5210246487008,322.9106798594668,324.94148009091117,20063200
2023-10-12,324.8924865722656,327.3157406777027,322.49866349078104,324.31365647453015,19313100
2023-10-13,321.5274353027344,327.5119635418574,320.1833385954494,326.0894240178062,21072400
2023-10-16,326.3445129394531,329.7782723940854,324.34311333126567,324.78457872571454,22158000
2023-10-17,325.7754821777344,327.1489800095309,321.2134933356926,323.3522278123477,18338500
2023-10-18,323.86236572265625,329.2386627175147,322.0866239478229,326.1973269355328,23153600
2023-10-19,325.04949951171875,330.5042694735543,324.6472555112947,325.86377789501114,25052100
2023-10-20,320.48748779296875,325.63812679181063,319.2905761994472,325.441899996805,25027700
2023-10-23,323.0873718261719,326.432838535165,318.2506830695963,319.3102300618242,24374700
2023-10-24,324.2744140625,325.55961871050516,321.39987419726737,325.02983032476106,31153600
2023-10-25,334.2225341796875,339.64787287454516,331.2302401447983,338.4901826566504,55053800
2023-10-26,321.6844482421875,335.1643987741883,320.75241573436665,334.0950314410102,37828500
2023-10-27,323.5680847167969,330.347311140755,322.1847664797221,324.17634594018955,29856500
2023-10-30,330.9261169433594,333.02562998161824,325.54981985866505,327.09993377177346,22828100
2023-10-31,331.7109680175781,332.5841383863149,328.355711175483,332.4369832511366,20265300
2023-11-01,339.52032470703125,340.8447807446002,333.2218157421507,333.35918048886424,28158800
2023-11-02,341.7278137207031,342.22814126380564,338.24498192688526,340.6682366905793,24348100
2023-11-03,346.1229248046875,347.68285894520625,340.7564483684525,343.0129367253001,23637700
2023-11-06,349.7823791503906,350.7732736613575,346.66257041725754,346.7606838240873,23828300
2023-11-07,353.7066650390625,355.6001309786841,350.86155596843827,352.59804644995546,25833900
2023-11-08,356.3261413574219,356.9834442680157,353.7262709217689,354.8348894957631,26767800
2023-11-09,353.8636169433594,357.88602671202375,353.53984572631765,355.4431318616368,24847300
2023-11-10,362.67364501953125,363.0954996612191,354.23640248576015,354.6484368064775,28042100
2023-11-13,359.740234375,361.49636535118015,358.9749977946541,361.2510968326077,19986500
2023-11-14,363.2623291015625,364.9105564931209,360.39760923672634,363.98834436046604,27683900
2023-11-15,363.4097595214844,366.81115702997374,360.8930847744488,364.9924802404826,26860100
2023-11-16,369.79974365234375,369.97668823321743,363.9111612043172,364.6779510555463,27182300
2023-11-17,363.5867614746094,368.0302064935661,360.78501895126305,367.28306715379995,40157000
2023-11-20,371.0482177734375,372.45399413615905,364.7172740131472,364.9335496074717,52465100
2023-11-21,366.752197265625,369.8488471174716,364.8352078331243,369.30817317536815,28423100
2023-11-22,371.4512939453125,373.3584433577172,368.6200605907828,371.598747765699,23345300
2023-11-24,371.038330078125,371.56919374191403,368.78713213501106,370.9400175476793,10176600
2023-11-27,372.1983947753906,374.19404643508545,369.82923344697656,370.3993982063347,22179200
2023-11-28,376.2191162109375,376.51402381152496,371.7559911838167,371.9427759977799,20453100
2023-11-29,372.4343566894531,377.79204546279357,371.0482307864117,377.2612117132878,28963400
2023-11-30,372.4932861328125,373.653296016865,369.1115390125993,372.0803854957098,30554400
2023-12-01,368.1678466796875,371.75602952719976,365.0220252786822,370.37974391455106,33040500
2023-12-04,362.8887939453125,363.2623336149724,356.7544451480774,362.84946292716745,32063300
2023-12-05,366.2115478515625,366.7620621293834,359.42840192780073,360.24436309009894,23065000
2023-12-06,362.5545349121094,367.84343196383037,361.79758529719794,367.214285660699,21182100
2023-12-07,364.6681213378906,365.15965403682253,360.11652374565716,361.99418225567007,23118900
2023-12-08,367.892578125,368.11866396815253,361.99418568198814,362.94776032697274,20154400
2023-12-11,365.01214599609375,365.3070835963392,359.90022426700926,362.23992455873395,27708800
2023-12-12,368.0400085449219,368.079339558926,364.1863791933993,364.5697890781994,24838300
2023-12-13,368.0301818847656,371.2448248811306,364.4911405130115,369.65223376326037,30955500
2023-12-14,359.73309326171875,367.43051168709843,357.9635876470979,366.98812028305656,43277500
2023-12-15,364.4518737792969,366.09357631955413,360.07722042205063,360.6375749421143,78502300
2023-12-18,366.3393249511719,366.6834038503824,362.43655401042764,363.1935335888459,21802900
2023-12-19,366.9389953613281,366.9389953613281,363.5768985428581,365.19895042864266,20603700
2023-12-20,364.3436584472656,369.6620453460696,364.2551861699306,368.64948928220537,26316700
2023-12-21,367.2142639160156,368.0695260278655,363.77353495979867,366.25084900799567,17708000
2023-12-22,368.2366027832031,368.8264479888416,366.39827539290235,367.3518499751321,17107500
2023-12-26,368.3153076171875,370.5566956584925,367.1749480872917,368.6495462723812,12673100
2023-12-27,367.7352294921875,368.70845450062126,366.4965576627112,367.3616598927727,14905400
2023-12-28,368.9247741699219,370.0847841167637,367.82374574574834,369.01324645392424,14327000
2023-12-29,369.6719055175781,370.77293391810167,367.15526060187455,369.6325745030526,18730800
2024-01-02,364.5894775390625,369.5342955375811,360.55890320609336,367.528833625427,25258600
2024-01-03,364.32403564453125,366.93899315410624,362.26943260145976,362.760965291212,23083500
2024-01-04,361.7091064453125,366.7817278006742,360.95215684412767,364.3928859416935,20901500
2024-01-05,361.52227783203125,365.75928703620065,360.29344616027043,362.72161874370073,21004600
2024-01-08,368.3447570800781,368.84613000704053,362.7609531121448,363.0460204620728,23134000
2024-01-09,369.4261169433594,369.6227120026067,364.90401056986224,365.7101313148608,20830000
2024-01-10,376.28790283203125,377.66421828465786,369.94714950002793,369.99629076586194,25514200
2024-01-11,378.116455078125,384.063988833949,373.9384270676175,379.4632498955057,27850800
2024-01-12,381.8913879394531,382.0978232574525,378.13607119839037,378.9618424711607,21661200
2024-01-16,383.66094970703125,387.3572854699558,381.0558322148753,386.9935560466254,27202300
2024-01-17,382.8744812011719,383.50362745457204,378.29339285307435,381.4097233605343,22234100
2024-01-18,387.199951171875,387.317914215752,383.51345604684644,385.0863666336801,23392100
2024-01-19,391.918701171875,391.918701171875,386.83623978929575,389.05797722162475,29331100
2024-01-22,389.7952575683594,393.83564181909105,386.9246935015416,393.2457965997971,27016900
2024-01-23,392.144775390625,392.61665757487873,387.2589392356876,389.04812543344485,20525900
2024-01-24,395.7427978515625,398.7608157750505,393.66854429552797,394.7400819620146,24867000
2024-01-25,398.0136413574219,400.1174154899957,395.7132721662268,397.4729674452485,21021200
2024-01-26,397.089599609375,399.291686504724,395.6150015101639,397.52215078520555,17803300
2024-01-29,402.78155517578125,403.03716177894273,397.48281829193445,399.1835322269837,24510200
2024-01-30,401.670654296875,406.05511721074,399.5669101187714,405.2785172108199,33477600
2024-01-31,390.8471374511719,408.28673844568766,390.48340804499526,400.06829591373173,47871100
2024-02-01,396.9421691894531,401.09070661971754,394.9956887835189,395.02517954720986,30657700
2024-02-02,404.25616455078125,405.6619409058491,396.72587980855803,396.9716461643717,28256700
2024-02-05,398.78045654296875,404.197156266753,397.1485644483077,402.9584843152066,25352300
2024-02-06,398.6231689453125,401.06118187336995,396.0868734804641,399.0065788415849,18382600
2024-02-07,407.0382385253906,407.28400488846614,400.50085926773676,400.5401902860463,22340500
2024-02-08,407.0971374511719,408.52259406809105,405.54390755203156,407.03815593606345,21225300
2024-02-09,413.4281005859375,413.69354741786265,408.06057243943894,408.217866487787,22032800
2024-02-12,408.22772216796875,413.6149010238027,407.7263492449608,413.43795646301396,21202900
2024-02-13,399.4391174316406,403.1256124684785,396.55874317637694,398.08248245796057,27824900
2024-02-14,403.2998962402344,403.6446114435303,398.4542867149953,401.90137863544226,20401200
2024-02-15,400.4141540527344,402.94531135993617,398.17847977076707,401.97028650604454,21825500
2024-02-16,397.95196533203125,402.11803273676423,397.3413424619827,401.7930043986709,22296500
2024-02-20,396.7011413574219,398.37542488528044,391.99340052173363,397.1443207958614,24307900
2024-02-21,396.1003723144531,396.20872511051635,391.2153593903598,394.12077725006736,18518900
2024-02-22,405.42724609375,406.5894012936675,402.3938184427991,403.9893247437461,27009900
2024-02-23,404.13702392578125,409.5735691126935,402.7877385663373,409.38646893086735,16295900
2024-02-26,401.37939453125,405.929551090099,401.2020926741633,405.2401206785282,16193500
2024-02-27,401.32025146484375,402.1475498168189,397.74512033420825,401.8225215015325,14835800
2024-02-28,401.5566101074219,403.11271245725675,399.1928962585418,402.0096479981962,13183100
2024-02-29,407.38714599609375,407.93867824413843,399.7838456551883,402.4627294555139,31947300
2024-03-01,409.218994140625,409.583396137478,404.6688382927548,405.0529271345384,17823400
2024-03-04,408.6477966308594,411.04105586312363,406.08709401097116,407.1901585103068,17596000
2024-03-05,396.5632019042969,407.9878526735756,394.58360717326707,407.70222813887517,26919200
2024-03-06,396.01171875,399.03531766594347,392.36766860816914,396.87842085481464,22344100
2024-03-07,402.9552001953125,403.58550992875143,396.15948083378726,399.98083315410713,18718500
2024-03-08,400.07928466796875,404.21580644025056,398.2178408535662,401.79297194630584,18002200
2024-03-11,398.4049987792969,399.5474670630361,395.19429952187465,397.65650787745375,16120800
2024-03-12,409.0023193359375,409.28794389731524,400.64067006988586,401.4581099515854,22457000
2024-03-13,408.8250732421875,411.85850065118984,405.2302551257752,411.7797232101297,17115900
2024-03-14,418.79205322265625,421.35275566223316,411.6713365651744,413.8873238589186,34157300
2024-03-15,410.1251220703125,416.2116937258995,406.54999083820695,412.95173236718284,45079900
2024-03-18,411.011474609375,414.3699300128756,407.5249795776433,407.98787589557446,20106000
2024-03-19,415.0397033691406,415.2957826626085,409.26827120822617,411.5138040831413,19837900
2024-03-20,418.8019714355469,419.52091706855344,414.3010471653659,415.62078729077075,17860100
2024-03-21,422.87933349609375,424.3074262893576,420.7027498405441,423.3323713938263,21296200
2024-03-22,422.25885009765625,423.3619145681295,419.62922855755534,423.2043596919927,17648500
2024-03-25,416.4677734375,420.94901086959675,415.23666920718586,418.81180070101897,18060500
2024-03-26,415.2760009765625,419.5503905165624,414.9805480350016,419.1761300864183,16725600
2024-03-27,415.0593566894531,418.0337234540762,412.67595596490696,418.02386500319915,16705000
2024-03-28,414.3601379394531,415.4927478182186,412.784318516005,414.59650033328086,21871200
2024-04-01,418.1519470214844,421.42176708130677,415.83746504973493,417.5413241302687,16316000
2024-04-02,415.0692443847656,415.9950371448598,411.52365828826186,413.7593326884334,17912000
2024-04-03,414.0942077636719,416.8617275140834,412.75475080677563,413.3850905644336,16502300
2024-04-04,411.56304931640625,422.1899488258563,411.2577378896696,418.5655553413228,19370900
2024-04-05,419.0875549316406,420.0626098925823,411.99641280038685,413.6608680769513,16554800
2024-04-08,418.17156982421875,420.8209081351917,416.9010620332454,418.7428189329514,14272400
2024-04-09,419.8360595703125,421.27398079875763,415.24649970194963,419.9936445079337,12496900
2024-04-10,416.8617248535156,417.6200741918698,413.3555426286193,415.80789248455,16216600
2024-04-11,421.46112060546875,422.87935502001585,415.97531318643956,419.38303118441615,17966400
2024-04-12,415.52227783203125,418.75269400595073,413.4244714952131,417.6397710155257,19253800
2024-04-15,407.38714599609375,420.36790078356154,407.18029886088704,420.15122525352587,20273500
2024-04-16,408.3128967285156,412.07515806913636,407.47576998606934,408.3030683339737,16765600
2024-04-17,405.6143493652344,412.5479364642673,404.127165910336,410.9425718180864,15855500
2024-04-18,398.1587829589844,405.6636193685748,397.843643128254,404.42265672373026,21029900
2024-04-19,393.08660888671875,399.35048216055003,391.7570104509112,397.922389385747,30565800
2024-04-22,394.8988037109375,396.7602475945419,389.76757007965125,394.0321015888098,20286900
2024-04-23,401.408935546875,402.02941689941457,396.9671017838586,398.12925698523895,15734500
2024-04-24,402.8763732910156,406.23482905911584,400.63084049682084,403.36881495690267,15065300
2024-04-25,393.00787353515625,393.84503042188726,382.16429787123263,388.0735981687377,40586500
2024-04-26,400.1777648925781,406.7567777157392,399.62623268322636,405.93933785210214,29694700
2024-04-29,396.1693115234375,400.17779380940664,393.1555709987601,399.12396145400385,19582100
2024-04-30,383.4445495605469,396.08061740413206,383.2869947035819,395.4207324585643,28781400
2024-05-01,388.96978759765625,395.64729473492514,384.40977340635925,386.6749928264685,23562500
2024-05-02,391.82598876953125,393.88439136644655,388.6842084752251,391.6487169798458,17709400
2024-05-03,400.51263427734375,400.99521746175435,395.7851765465019,396.1988407447482,17446700
2024-05-06,407.2886962890625,407.67278519206855,400.2270689712312,402.5809547625938,16996600
2024-05-07,403.15216064453125,408.4016059107325,402.9059397986261,408.3917474588945,20018200
2024-05-08,404.3340148925781,405.9984701419799,400.56189486819255,401.9998461853561,11792300
2024-05-09,406.08709716796875,406.48104448418644,402.91577167959764,404.3635513602943,14689700
2024-05-10,408.4704895019531,409.1008292398404,405.5749302005713,406.69771158758806,13402300
2024-05-13,407.4659118652344,412.02592626132173,404.6097563640546,411.6910695528216,15440200
2024-05-14,410.26300048828125,411.1789347782618,405.3287253515243,405.79162172220066,15109300
2024-05-15,417.4360046386719,418.15627711467357,411.7035137509103,412.32511422725236,22239500
2024-05-16,415.3739013671875,419.7448271840896,414.74245474989345,416.1730933998144,17530100
2024-05-17,414.60430908203125,417.2781788386251,412.4533979292135,416.903243294278,15352200
2024-05-20,419.6658630371094,421.07677928196154,414.3872272445279,414.6042935983872,16272100
2024-05-21,423.3165283203125,427.1940941013643,419.1824213563369,421.13598848639515,21453300
2024-05-22,424.7767639160156,426.6415653807663,421.43200286988593,424.35250743086516,18073700
2024-05-23,421.3037109375,427.8156712738496,419.7448017896618,427.194070817087,17211700
2024-05-24,424.42156982421875,425.30955759417924,418.7482761527639,421.49118910602255,11855300
2024-05-28,424.5794372558594,425.0727671383065,420.9090617260336,423.8986396092449,15718000
2024-05-29,423.44476318359375,425.19114003957617,420.0111765352336,420.0111765352336,15517100
2024-05-30,409.13824462890625,418.63975349144664,408.7139580183881,418.63975349144664,28394500
2024-05-31,409.59210205078125,411.1904861655314,399.11377942255837,411.1904861655314,47995300
2024-06-03,408.0035705566406,410.8747543349761,403.4649593325196,409.98676649158153,17484700
2024-06-04,410.5195617675781,410.88462108617875,404.21479101509067,406.9281055414635,14348900
2024-06-05,418.35357666015625,418.42261995316136,410.74640891859264,412.23627465688065,16988000
2024-06-06,418.8567810058594,419.6362506295676,414.9693392305099,418.35360501475236,14861300
2024-06-07,418.19580078125,420.59337708963096,417.35713385188853,420.5144575469657,13621700
2024-06-10,422.162109375,422.36929949498546,418.2352227759558,419.0344147777948,13982900
2024-06-11,426.9079284667969,427.04607528322305,419.57705383558175,419.8039964152252,14551100
2024-06-12,435.1761474609375,437.4849276655188,427.47033721280536,429.51273012432705,22366200
2024-06-13,435.6891784667969,437.47506023111936,433.50866895377334,434.9689361541973,15960600
2024-06-14,436.6660461425781,437.2284494695541,430.8940801420427,432.4332670607897,13582000
2024-06-17,442.3886413574219,444.92436422206765,434.84070005199675,436.68574902549324,20790000
2024-06-18,440.38568115234375,444.1350060298183,438.95504267224476,443.71071948038815,17112500
2024-06-20,439.7542724609375,440.57318682315986,435.38334678666155,440.3462442358131,19877400
2024-06-21,443.77984619140625,444.569161991758,440.5534794666223,441.4118686798834,34187100
2024-06-24,441.6980285644531,446.71024735686916,440.45482751735335,443.79958875342635,15913700
2024-06-25,444.9342346191406,445.3979659147229,440.7902515475345,442.27024120018433,16413400
2024-06-26,446.1280822753906,447.5488747436615,442.21104180989477,443.0102338094888,16507000
2024-06-27,446.8088684082031,450.0845859651154,445.74325902922413,446.14779313508967,14806300
2024-06-28,440.9875793457031,449.305113661538,440.45477465939115,447.02593208902044,28362300
2024-07-01,450.6371154785156,451.2685620568994,439.71478489170136,442.6747641221356,17662800
2024-07-02,453.1531066894531,453.4589688152071,447.06540254269134,447.1542284209129,13979800
2024-07-03,454.6231994628906,454.869864398923,451.7717684597979,452.07763057164084,9932800
2024-07-05,461.3226623535156,462.10213204110306,452.84725812540677,453.4787047518369,16000300
2024-07-08,460.020263671875,461.4608086849496,458.26401040115894,460.3261258064599,12962300
2024-07-09,453.40966796875,461.0957263862654,451.89020339539763,460.770141890067,17207200
2024-07-10,460.0301513671875,460.2373415030919,452.7387206812327,455.06725356597207,18196100
2024-07-11,448.63421630859375,458.57973369334036,445.5262138972975,456.8037581244286,23111200
2024-07-12,447.4995422363281,450.2720538778231,444.6382348256943,448.26913567933263,16324300
2024-07-15,447.9040832519531,451.1600787227488,445.40783511291056,447.25288415779397,14429400
2024-07-16,443.5233154296875,448.23954820722287,440.7014827721708,448.1606286695201,17175700
2024-07-17,437.60333251953125,438.9156068819966,433.3212327097638,436.68574615539535,21778000
2024-07-18,434.495361328125,438.71826397070777,428.6050012530057,438.4124018485707,20794800
2024-07-19,431.27880859375,435.25507610536096,426.2369919613048,427.32232365737326,20940400
2024-07-22,437.03106689453125,438.6689256733767,433.05482935357276,435.89641421757136,15808800
2024-07-23,438.91558837890625,442.4083722657051,437.1889338456379,437.97824958808866,13107100
2024-07-24,423.1783752441406,435.5905721860423,421.88585333621705,434.5743138131604,26805800
2024-07-25,412.8184509277344,424.066366533815,411.94033937034624,423.0797067418699,29943800
2024-07-26,419.5968017578125,423.19813411147953,411.7035233681291,412.6211398648851,23583800
2024-07-29,421.03729248046875,426.3849710384123,419.03437455164,425.82256779911734,15125800
2024-07-30,417.2781982421875,423.32639784774454,411.79234175836467,422.0141534919779,32687600
2024-07-31,412.7691650390625,416.15340118634725,406.71105894897664,414.8904777498154,42891400
2024-08-01,411.545654296875,421.7575892383458,407.57929274476925,415.1765852410534,30296400
2024-08-02,403.0406799316406,409.4638453090681,398.9460475006439,406.98731940449915,29437900
2024-08-05,389.87860107421875,395.6900415573509,380.43625987349014,383.9783949357412,40709200
2024-08-06,394.27911376953125,400.2582999432438,393.18393582915473,394.6639255499671,24946500
2024-08-07,393.1148986816406,404.60948055159776,392.16771360387116,403.188717990179,20650900
2024-08-08,397.3180236816406,400.4457182788044,394.6047093244423,397.07135874007713,20203000
2024-08-09,400.60357666015625,402.6064947272633,396.89375651412195,398.64013341356633,19276700
2024-08-12,401.3830261230469,403.3070245629386,398.84730349296393,401.6296910455733,16762900
2024-08-13,408.4870300292969,409.41449264240543,404.10625814496586,404.1259805010332,19414300
2024-08-14,411.2989807128906,412.14752377963794,406.9478375879701,409.26646397851016,18267000
2024-08-15,416.162109375,416.2411711538097,412.8310776655769,414.94631960204117,20752100
2024-08-16,413.6317443847656,416.4685572584128,412.4752583913715,415.73712262611093,22775600
2024-08-19,416.6563415527344,416.8737991572246,411.6449527797598,414.11604821044875,15234000
2024-08-20,419.8885192871094,420.93626132598814,416.7650812391523,416.82438511571235,16387600
2024-08-21,419.2361755371094,421.4700252660244,416.8441419181339,419.1768414959673,16067300
2024-08-22,410.7454833984375,421.8555493177983,409.8163490739685,419.45362155809136,19361900
2024-08-23,411.9711608886719,414.4126044200127,407.32548933843145,412.15896655760116,18493800
2024-08-26,408.7092590332031,412.4554478665689,406.58412315782203,411.55596557862424,13152800
2024-08-27,409.0552062988281,409.5691832347041,405.5067172557128,408.0865261332207,13492900
2024-08-28,405.85272216796875,410.2018441208808,402.6007521142328,410.08323636580656,14882700
2024-08-29,408.3435363769531,417.17028122626607,405.85268326493673,410.142500929111,17045200
2024-08-30,412.3171081542969,412.663037378181,407.3650233246306,410.7949049431994,24308300
2024-09-03,404.7060852050781,415.0253810540411,402.32394584007614,413.07815685238506,20313600
2024-09-04,404.1723327636719,406.48527429622453,399.6947093805116,401.21691249953295,15135800
2024-09-05,403.6682434082031,408.3237783354607,401.4343636867301,402.9071267784607,14195500
2024-09-06,397.0556335449219,405.9021372589665,396.16601504088436,404.3305241544344,19609500
2024-09-09,401.02911376953125,403.9252302108811,397.5003824546475,402.5315288470681,15295100
2024-09-10,409.4111328125,411.5164809342579,402.98628422521625,403.480503347315,19594300
2024-09-11,418.1488952636719,419.08789343392027,404.84449566929334,410.6960629554886,19266900
2024-09-12,422.0631103515625,422.42882765829563,414.89693341936385,418.4157709894436,17395700
2024-09-13,425.611572265625,426.83722589839596,420.5408798146308,420.9065970976519,15874600
2024-09-16,426.3529052734375,428.517587221267,423.2689830915265,425.6214706998335,13834700
2024-09-17,430.1188659667969,436.741413807479,427.2721591954558,435.1401487897844,18874200
2024-09-18,425.8290100097656,430.9886580324637,425.43364080776206,429.9705680090547,18898000
2024-09-19,433.617919921875,436.39542861722236,431.8486072464737,436.12856118496126,21706600
2024-09-20,430.2374572753906,434.1615578880838,429.1996092968504,432.1649237095232,55167100
2024-09-23,428.4978332519531,431.41370770372646,425.4139110417271,429.2589197702658,15128900
2024-09-24,424.2080078125,428.33967197864655,421.1734954974966,427.9937125983331,17015800
2024-09-25,427.114013671875,428.11234590086275,423.6149641825675,424.8603757953974,13396400
2024-09-26,426.3232421875,430.2671006249204,424.1684543301705,430.0595370663028,14492000
2024-09-27,423.0712890625,426.85702409572957,422.52766014209345,426.5308226116947,14896100
2024-09-30,425.3249206542969,425.4435585697777,420.4519278512811,423.2590885562286,16807300
2024-10-01,415.8260498046875,423.52599147760804,413.9677812470877,423.49633953955015,19092900
2024-10-02,412.3072204589844,417.9314360837514,411.89206315330637,417.6941904099043,16582300
2024-10-03,411.7239990234375,414.6991770797124,409.5000133826852,412.80139289185587,13686400
2024-10-04,411.2496032714844,414.8969427153237,410.17220923179,413.4043913508732,19169700
2024-10-07,404.8049621582031,412.287415913181,404.2711971193028,411.190264062665,20919800
2024-10-08,409.91522216796875,410.8542505804291,403.45085766918714,406.1492748122983,19229300
2024-10-09,412.6333923339844,415.51964507918063,409.50992407936405,411.051885220099,14974300
2024-10-10,411.0320739746094,412.5246250787664,408.37317321416026,410.4291412448218,13848400
2024-10-11,411.506591796875,412.30722431233596,408.4720793339732,411.32868016338136,14144900
2024-10-14,414.2939758300781,419.137316675548,412.692680707405,412.9397902420181,16653100
2024-10-15,413.8985595703125,417.59533856944756,410.45881429415135,417.2987890411578,18900200
2024-10-16,411.3088684082031,411.5460839058675,405.7340930599272,410.36987028679,15508900
2024-10-17,411.90191650390625,417.6150873802946,410.78497665094557,417.4766915704916,14820000
2024-10-18,413.3253173828125,414.79808063402476,411.44729085370335,412.3171212877513,17145300
2024-10-21,413.9381103515625,414.1160219717621,408.9662678666254,411.30886136013186,14206100
2024-10-22,422.5671691894531,425.60165114081286,413.20665945484586,413.65143848774744,25482200
2024-10-23,419.6908264160156,426.09588604624633,417.64475229425324,425.87842845603865,19654400
2024-10-24,419.8193359375,421.0548835944768,417.5162582126422,420.4123746810587,13581600
2024-10-25,423.1997985839844,427.51926858228103,421.638079540004,421.82588520642906,16899100
2024-10-28,421.6578369140625,426.94598717649535,421.3711813975522,426.669225694439,14882400
2024-10-29,426.95587158203125,428.16176733338216,420.87695281886124,423.05152881793293,17644100
2024-10-30,427.52911376953125,433.43009020652653,427.1040926423887,432.3823482739382,29749100
2024-10-31,401.65185546875,411.3484314804884,401.60241546152275,410.55766284750285,53971000
2024-11-01,405.6253662109375,410.69605883957496,402.78855349489004,404.2811047814158,24230400
2024-11-04,403.7374267578125,405.67478719502446,400.88085627166146,405.06193022116906,19672300
2024-11-05,406.7027587890625,410.102988488707,403.3618329661191,403.6484884800003,17626000
2024-11-06,415.3219299316406,415.58882753455555,405.77361389082967,407.65167048638625,26681800
2024-11-07,420.51123046875,421.91482589939426,415.0254108601489,416.40921822256973,19901800
2024-11-08,417.6546325683594,421.568838898406,416.90340997880253,420.4024892096892,16891400
2024-11-11,413.1770935058594,419.89846171842794,411.19032291788955,417.6349296196992,24503300
2024-11-12,418.13897705078125,419.5326784209289,412.37639607879026,413.41424403977334,19401200
2024-11-13,420.2839050292969,424.366129168666,413.3747019871383,416.7650676989441,21502200
2024-11-14,421.9543762207031,423.21957584577814,415.14402288993426,420.086213638624,30246900
2024-11-15,410.20184326171875,417.91164897279026,408.85758182070697,414.9661225121513,28247600
2024-11-18,410.95306396484375,413.56252505276035,407.33537663624696,410.0733395128572,24727000
2024-11-19,412.9595642089844,413.10782389174204,406.79168992363145,408.3336509537854,18133500
2024-11-20,410.6861267089844,412.4653333453386,405.8328921341125,412.0501760807684,19191700
2024-11-21,408.913330078125,415.7571129679985,406.35806834126146,415.4797975064388,20780200
2024-11-22,413.0036926269531,413.39985319356293,407.12061602620037,407.42764273220655,24814600
2024-11-25,414.776611328125,417.0446437711569,410.87436717729366,414.37053686089325,27691100
2024-11-26,423.8883972167969,424.92835279721186,414.8360050762814,415.56890369905886,23458900
2024-11-27,418.93634033203125,423.13572759358533,417.97563494679554,421.03601885024915,18332400
2024-11-29,419.4018249511719,420.808229889217,413.7960631011275,416.06412568619913,16271900
2024-12-02,426.84979248046875,428.8504232970242,417.27244986667705,417.52996787602956,20207200
2024-12-03,427.06768798828125,428.3255063010946,423.64082448545395,425.7207055754366,18302000
2024-12-04,433.2280578613281,435.4564952904926,428.483953715763,428.8801143248133,26009400
2024-12-05,438.37823486328125,440.39869339406243,431.99006528414975,433.72329450893346,21697800
2024-12-06,439.3191223144531,441.82487523918803,437.5363542028089,438.0612738202398,18821000
2024-12-09,441.74560546875,444.03346541962105,436.2785166631167,438.3583975889403,19144400
2024-12-10,439.0813903808594,445.31111943385133,437.3679889585384,440.13125981361975,18469500
2024-12-11,444.6871643066406,446.034146674654,439.7945036123786,439.7945036123786,19200200
2024-12-12,445.2516784667969,451.78843398650577,444.8059789125675,444.8059789125675,20834800
2024-12-13,442.9836120605469,447.10374865296643,441.3098056253416,444.14241275611795,20177800
2024-12-16,447.2622375488281,447.8465797272876,441.01271109813007,442.9836304987913,23598800
2024-12-17,450.1047668457031,450.9268296361061,445.2616448801094,446.68784735190707,22733500
2024-12-18,433.1983337402344,448.3120705924071,432.83185420697276,446.9948298056794,24444500
2024-12-19,432.841796875,438.93285336164837,432.1386095010433,437.38780577162396,22963700
2024-12-20,432.4159240722656,439.48748337745457,424.5223020050907,428.9593493416428,64263700
2024-12-23,431.0788879394531,433.45588208065465,428.68206611928935,432.554599216363,19152500
2024-12-24,435.1197509765625,435.38718282685113,430.02902490868655,430.48460812290455,7164500
2024-12-26,433.91143798828125,436.71433412405435,432.4456406431818,434.8721433787049,8194200
2024-12-27,426.4040832519531,431.04913980352325,422.2641488688207,430.4350863105853,18117700
2024-12-30,420.7586975097656,423.45263204127576,417.8567839421245,421.9769208859116,13158700
2024-12-31,417.4606018066406,422.64049156656444,416.6286554798762,422.016524265212,13246500
2025-01-02,414.568603515625,421.9868450538027,410.8743686174563,421.45201157982797,16896500
2025-01-03,419.29290771484375,419.9663838035234,415.5194225803269,417.0446425061394,16662900
2025-01-06,423.7497863769531,430.15778356293015,421.4025036603563,423.8983428352595,20573600
2025-01-07,418.322265625,426.52291408196885,416.76730426764124,424.8887326935554,18139100
2025-01-08,420.49127197265625,422.87817962096636,417.50022470253026,419.40180766065134,15054600
2025-01-10,414.9350280761719,420.6398068835906,411.0426680414125,420.5605868581897,20201100
2025-01-13,413.1919250488281,414.48936844362913,408.3388895039501,411.2606004893305,17604800
2025-01-14,411.68646240234375,415.7174348070365,406.7838883687819,413.8059381113699,16935900
2025-01-15,422.22454833984375,424.04691147268596,414.26158946961095,415.1133635635626,19637800
2025-01-16,420.51104736328125,425.3739962723433,420.32289602505284,424.59158895645874,15300000
2025-01-17,424.91845703125,430.31623990051855,424.06671321451194,429.9299628963343,26197500
2025-01-21,424.3935241699219,426.7705180269004,421.52132200002626,426.0772445238866,26085700
2025-01-22,441.9239196777344,442.98364251820686,431.82165779523024,433.366705345479,27803800
2025-01-23,442.4289855957031,442.46861072225846,437.26892363486763,437.7641319289048,18389300
2025-01-24,439.804443359375,442.3696190202124,437.16993127456703,440.8939077892008,15549500
2025-01-27,430.3954772949219,431.02935848885954,419.4414710475572,419.94659323490635,35647800
2025-01-28,442.9143371582031,444.08302154903276,427.24593852989443,430.43508134605355,23491700
2025-01-29,438.0909423828125,442.5973558524787,436.17944568172504,442.4091742886292,23581400
2025-01-30,411.0130310058594,418.8076058708813,409.20058168065486,414.75680505351727,54586300
2025-01-31,411.08233642578125,416.6583870568431,410.933779971825,414.964783031506,34161900
2025-02-03,406.9820556640625,411.4290171061556,404.7437041840203,407.6555317858933,25679100
2025-02-04,408.4180603027344,409.9532240617935,405.81325998858995,408.73500084687595,20532100
2025-02-05,409.3292541503906,409.8640573119004,406.46693588459584,408.3982601987221,16316700
2025-02-06,411.83502197265625,414.1922182257068,410.03245657619226,410.03245657619226,16309800
2025-02-07,405.8232116699219,414.63791357819275,404.1890302854019,412.48872643025265,22886800
2025-02-10,408.26953125,411.4784713555885,406.982001762604,409.7452423090315,20817900
2025-02-11,407.49700927734375,408.53693461973535,405.37750324031913,405.71427148321067,18140600
2025-02-12,405.1199951171875,406.8135989590122,400.49473651773883,403.3075158999609,19121700
2025-02-13,406.60565185546875,407.0612350423618,402.46568736983716,403.0995685212682,23891700
2025-02-14,404.515869140625,404.99128001840967,401.99031874797896,403.8820181953633,22758500
2025-02-18,405.7142639160156,406.6650553734785,402.6043413346739,404.08996621044764,21423100
2025-02-19,410.7950744628906,411.50817561028913,403.74331324145845,403.9711199361536,24114200
2025-02-20,412.9684753417969,416.1243081620841,409.4057538443196,412.1348608394034,23508700
2025-02-21,405.108642578125,414.8738801834256,404.79109677447474,414.16928284227896,27524800
2025-02-24,400.9306335449219,406.25983043716724,396.2861968407472,405.4063787741937,26443700
2025-02-25,394.8769836425781,398.86646142853965,393.6861187086097,398.05268403794094,29387400
2025-02-26,396.69305419921875,400.53364695077397,391.25467770642615,394.9861207223364,19619000
2025-02-27,389.54779052734375,402.6574203650982,389.19054012926085,398.22137954122604,21127400
2025-02-28,393.973876953125,394.6090291195634,383.6330593862238,389.67678725566606,32845700
2025-03-03,385.5384521484375,395.7899873220531,383.2261675615013,395.7899873220531,23007700
2025-03-04,385.6575622558594,389.5974018138781,378.10539295987144,380.487153157592,29342900
2025-03-05,397.9732360839844,398.61832193178543,385.8560101474748,386.3819822563368,23433100
2025-03-06,393.8746643066406,399.09468114787944,389.6966277473878,391.28447789138556,23304600
2025-03-07,390.32183837890625,391.80050846371955,382.61088158953936,389.33936956128906,22034100
2025-03-10,377.2717590332031,383.4643412864511,374.3540930979484,382.90859827837613,32840100
2025-03-11,377.5595397949219,383.0673615053873,374.04642649696916,376.1205440687611,30380200
2025-03-12,380.3581237792969,382.2933209136247,376.0709676751301,380.0405779726452,24253600
2025-03-13,375.892333984375,382.39258939479765,374.58238552740926,380.2489960755926,20473000
2025-03-14,385.60791015625,387.2652356448431,376.62667971124,376.8946174814204,19952800
2025-03-17,385.74688720703125,389.7264008785539,382.6406623483486,383.7620820869245,22474300
2025-03-18,380.6062316894531,384.4269877309022,378.2046343736099,384.1292790671939,19486900
2025-03-19,384.8735656738281,386.719419886704,381.0825806498319,382.60095534567967,19185500
2025-03-20,383.9009704589844,388.81337483302246,380.36802006472885,382.80932167745146,18470500
2025-03-21,388.28741455078125,388.76374837124365,379.8916675364793,380.30848991510493,39675900
2025-03-24,390.0935974121094,392.3959786933822,386.84845184017416,392.3959786933822,21004500
2025-03-25,392.1578063964844,393.34867131877104,389.65696280253144,390.9272368910712,15775000
2025-03-26,387.0072326660156,392.30665877239477,385.61787512073846,391.99901639757354,16108400
2025-03-27,387.6125793457031,389.259971232933,384.4567464670721,387.1660163642304,13766800
2025-03-28,375.92205810546875,386.1735929782764,374.06627026028934,385.1315521729189,21632000
2025-03-31,372.5379943847656,374.20522334023684,364.449889664545,369.7096411618319,35184700
2025-04-01,379.2863464355469,379.9413357760227,370.3944277527412,371.80362246362756,19689500
2025-04-02,379.2367248535156,382.1543604865691,373.7586433966847,375.0983928958324,16092600
2025-04-03,370.2752990722656,374.61212363444304,366.54388609690864,371.9425583652147,30198000
2025-04-04,357.1061706542969,371.74410993496775,356.7489202327306,361.36358655898334,49209900
2025-04-07,355.14117431640625,368.1813588125757,342.17049555544185,348.2142236601539,50425000
2025-04-08,351.86627197265625,370.8112344321485,347.5890190857086,365.46220003690814,35868900
2025-04-09,387.52325439453125,390.24245792204835,350.41733953240174,350.85399906862426,50199700
2025-04-10,378.4527282714844,380.9833427250372,365.0056552003408,379.1573256201752,38024400
2025-04-11,385.4988098144531,387.08662977771354,376.01144319106686,377.74814777589194,23839200
2025-04-14,384.8636169433594,391.6516465120973,381.2909618319917,390.23251818413166,19251200
2025-04-15,382.7994384765625,388.9126416904877,381.24135923720473,385.5583162962043,17199900
2025-04-16,368.78668212890625,378.7107072268867,365.20412360568145,377.77787673053996,21967800
2025-04-17,364.9858093261719,371.4761304955969,364.10258680355696,370.9104537724408,21120200
2025-04-21,356.3916015625,361.71089501866106,352.9678309109542,360.0635031391147,20807300
2025-04-22,364.0331115722656,364.9758758256959,357.12596800122816,360.6192443688487,19485000
2025-04-23,371.5456237792969,377.50003937654276,370.18600677791767,373.20291916052497,20545500
2025-04-24,384.3575134277344,385.49880064204365,372.33953252384407,372.84566753938213,22232300
2025-04-25,388.8729248046875,389.1805671561357,381.6780066959222,384.0597666334038,18973200
2025-04-28,388.1882019042969,389.7561846754867,383.7025530868883,388.9821118643913,16579400
2025-04-29,391.0462951660156,392.0982394081848,387.41409832984397,388.3270916828822,14974000
2025-04-30,392.2570495605469,393.6464071015826,381.5192464831796,387.3347110069874,36461100
2025-05-01,422.16802978515625,433.669971462135,421.67182852064957,427.8346397458207,58938100
2025-05-02,431.9729919433594,436.1013902925972,426.7231738378541,428.4598783453456,30757400
2025-05-05,432.8562316894531,436.1609188409604,428.827049490993,429.58128511716615,20136100
2025-05-06,430.0179443359375,434.4043769104007,427.8942186382879,428.91639204817295,15104200
2025-05-07,430.0576477050781,434.79139692835327,427.83464541633373,430.54391525930873,23295300
2025-05-08,434.8410339355469,440.29924790125443,432.3500938706748,434.60283673184324,23491300
2025-05-09,435.3967590332031,437.3914674607305,432.5684058555715,436.6570993033328,15324200
2025-05-12,445.8467712402344,445.9559209816134,436.43878433354007,442.551987565255,22821900
2025-05-13,445.72772216796875,447.24609694771215,441.9764112331301,444.37803887168343,23618800
2025-05-14,449.4988098144531,450.45150777480933,444.73528972695,444.73528972695,19902800
2025-05-15,450.512939453125,453.55526390744575,447.82852124457236,448.16655392379437,21992300
2025-05-16,451.6463317871094,451.73580834700897,446.1383501578063,449.43915228561843,23849800
2025-05-19,456.2197570800781,456.9355998797858,448.1963586877965,448.27591363294266,21336500
2025-05-20,455.5238342285156,455.69283539558984,451.69606398891386,452.9587181303489,15441800
2025-05-21,449.9561767578125,455.1360777634671,449.20055644956204,451.94462570262056,19216900
2025-05-22,452.23291015625,457.5917944035942,451.27846319798533,452.32241705541014,18025600
2025-05-23,447.5799560546875,451.06969358680703,446.3173019248347,447.3811293692874,16883500
2025-05-27,458.0292663574219,458.2877744248074,453.48565331857327,453.8435898996704,20974300
2025-05-28,454.7184753417969,459.84867709346275,454.2909661144885,458.55619745791415,17086300
2025-05-29,456.0308837890625,459.05333474747385,452.68035209769624,458.884303233251,13974800
2025-05-30,457.7011413574219,459.0135248792732,452.90900269221845,457.0648535034259,34770500
2025-06-02,459.3018493652344,459.44102500437896,454.25120274050374,454.4997588416313,16626500
2025-06-03,460.2961120605469,461.4593680607732,458.1982826150306,458.8047753297213,15743800
2025-06-04,461.19091796875,463.00041385639463,460.3458210681402,461.3201720094852,14162700
2025-06-05,464.9788818359375,466.93750520910584,461.3499686746429,462.2745901279283,20131700
2025-06-06,467.6632995605469,470.6061954238558,466.0725343793748,467.37496597576217,15285600
2025-06-09,470.0196228027344,470.69568816704816,465.9134708467471,466.98725027602023,16469900
2025-06-10,468.2001647949219,470.06928116822303,464.26301435042564,468.46859445832456,15375900
2025-06-11,469.890380859375,472.72392676786,466.94748481913814,467.3053910772251,16399200
2025-06-12,476.104248046875,477.6453141185156,470.7851412769109,472.2764779222473,18950600
2025-06-13,472.21685791015625,476.412486495024,470.02958222474376,473.65849556523114,16814500
2025-06-16,476.3727111816406,477.91374692205306,472.25660744971805,472.4653860858625,15626100
2025-06-17,475.279052734375,475.97499162724574,471.3419021646973,472.65428568792316,15414100
2025-06-18,477.4663391113281,478.2219594008936,471.71972301658775,475.2392860574369,17526500
2025-06-20,474.64276123046875,480.667759158903,474.1158234691147,479.44488246554124,37576200
2025-06-23,483.19305419921875,484.9329468840925,469.78097686904323,475.4480376949825,24864000
2025-06-24,487.279296875,489.0092679302753,483.9884166007436,486.1260232932434,22305600
2025-06-25,489.4268493652344,491.70363180611855,486.5635084927723,489.1981971647186,17495100
2025-06-26,494.57696533203125,495.1635541172166,489.9637493151316,490.13278082199906,21578900
2025-06-27,493.0756530761719,496.41623250794254,490.18245642116284,494.6763398018984,34539200
2025-06-30,494.53717041015625,497.86782827206525,492.4691666337086,494.16931223084276,28369000
2025-07-01,489.2081298828125,495.17347659984546,488.14433277768,493.602615314542,19945400
2025-07-02,488.253662109375,490.6497465796282,485.87748154577724,487.16000918956547,16319600
2025-07-03,495.95892333984375,497.2414813819725,490.59011735274714,490.95797554637323,13984800
2025-07-07,494.8454284667969,495.869478507003,492.36981912542933,494.50739577153047,13981600
2025-07-08,493.75177001953125,495.32266173239384,491.2562567966873,494.3681843595188,11846600
2025-07-09,500.60198974609375,503.8530929514779,496.85374394735805,497.4105072423231,18659500
2025-07-10,498.58367919921875,501.52657502305914,494.87521114411277,500.14458849842043,16492100
2025-07-11,500.4130859375,502.1132013481938,494.92494724269005,495.5910910122862,16459500
2025-07-14,500.1147766113281,501.05930198422453,498.1362796464767,498.6234399223271,12058800
2025-07-15,502.89862060546875,505.36427783294863,499.88612172349406,500.11477392946824,14927200
2025-07-16,502.69976806640625,503.793421043838,498.99133023831314,502.2623068754336,15154400
2025-07-17,508.7446594238281,510.40499725185873,502.6997578215743,502.75940886082554,17503100
2025-07-18,507.1041564941406,511.66767331118785,504.4992933518648,511.5085634207008,21209700
2025-07-21,507.1141357421875,509.1324405638626,502.6301736290422,503.7834776665751,14066800
2025-07-22,502.35174560546875,508.2475192857543,502.35174560546875,508.01883675363734,13868600
2025-07-23,502.94830322265625,503.8630030405687,497.80817995491657,503.8232255681408,16396600
2025-07-24,507.9294128417969,510.703277326071,504.37007217269974,505.83158338819493,16107000
2025-07-25,510.7430419921875,515.2965460849812,507.4123538189797,509.5101527540243,19125700
2025-07-28,509.5400390625,512.0256002286585,507.17377997770546,511.110930710653,14308000
2025-07-29,509.609619140625,514.6304403339567,508.6054427654301,512.5525452747698,16469200
2025-07-30,510.2757873535156,512.9701576717969,506.4977462813353,512.194633411811,26380400
2025-07-31,530.4187622070312,552.2420017670738,528.8280273057109,552.0232408256204,51617300
2025-08-01,521.0829467773438,532.7054326872741,517.8517174087783,531.9100652869249,28977600
2025-08-04,532.54638671875,535.141297909759,525.0797515616827,525.218957545317,25349000
2025-08-05,524.7019653320312,534.196796907337,524.1949011418618,534.0774948252555,19171600
2025-08-06,521.908203125,528.6291703469228,521.0034855448089,527.8338028961505,21355700
2025-08-07,517.8319091796875,525.0400367197672,514.5608717763297,523.757448292983,16079100
2025-08-08,519.02490234375,521.6297655095517,516.4100872243725,519.5816656001966,15531000
2025-08-11,518.7564697265625,524.542862850504,516.7182612189127,519.2833770884752,20194400
2025-08-12,526.183349609375,527.9132904806338,519.6811434112465,520.7250669698358,18667000
2025-08-13,517.5734252929688,529.6234217995657,516.3703917601634,529.0368026236954,19619200
2025-08-14,519.46240234375,522.9123929469488,517.13595097363,519.5419572956574,20269100
2025-08-15,517.1657104492188,523.0614541020369,516.0820397908819,519.7507304052322,25213300
2025-08-18,514.1134643554688,519.8004600468895,511.05129658888984,518.5775833311014,23760600
2025-08-19,506.8257751464844,512.1846290296555,505.61282013208876,512.0255798217245,21481000
2025-08-20,502.7991943359375,508.0486982628479,501.52658824278717,506.925219770199,27723000
2025-08-21,502.15185546875,505.5278315490841,500.6381609615915,501.6041452591809,18443300
2025-08-22,505.1295166015625,508.6150227226763,500.32946944945456,502.1618461633245,24324200
2025-08-25,502.17181396484375,506.0855321115255,502.0323791323648,504.5319946732823,21638600
2025-08-26,499.96099853515625,502.88882606141556,496.4456179190968,502.2713680297872,30835700
2025-08-27,504.64154052734375,505.18928116929357,497.82986914621193,499.92117896114246,17277900
2025-08-28,507.529541015625,508.9735181763212,503.406670609209,504.99008260275673,18015600
2025-08-29,504.59173583984375,507.4896888132377,502.40083415821226,506.5535790393771,20961600
2025-09-02,503.0282287597656,503.90458943006223,494.75264396148896,498.3974910813857,18128000
2025-09-03,503.2572937011719,505.68719181229375,500.2398424947412,501.70375627159575,16345100
2025-09-04,505.866455078125,506.04570238922344,501.0664078062513,502.2116394820944,15509500
2025-09-05,492.9501647949219,509.8498918622262,490.3310509759443,506.9619070760115,31994800
2025-09-08,496.13690185546875,499.1244784694731,492.9800158612091,496.04724781279185,16771000
2025-09-09,496.34600830078125,500.17010260105087,495.6389570336189,499.3534910580183,14410500
2025-09-10,498.29791259765625,501.1460848531792,494.6630336933239,500.8971201283455,21611800
2025-09-11,498.9352722167969,501.08633106619584,495.8182290284252,500.17012751524385,18881600
2025-09-12,507.7884521484375,510.42747218178897,501.7635178992086,504.55191069082485,23624900
2025-09-15,513.225830078125,513.3353599697668,504.9004642300766,506.68306017742736,17143800
2025-09-16,506.9320068359375,515.0880630075219,506.4938265025834,514.7395367165727,19711900
2025-09-17,507.9079284667969,509.1726886784055,503.8348693472275,508.5054498653079,15816600
2025-09-18,506.3444519042969,510.9453149965379,505.55771489166153,509.37184097126715,18913700
2025-09-19,515.7852172851562,517.1495391803752,508.19677696926453,508.44574170609144,52474100
2025-09-22,512.3196411132812,515.5959951267806,510.41751650985566,513.4549348866175,20009300
2025-09-23,507.1212463378906,512.4590659268906,505.2091838485409,511.67229848312854,19799600
2025-09-24,508.0373840332031,510.35772177145367,504.82077941210207,508.26644250853604,13533700
2025-09-25,504.9303283691406,507.89799878212006,502.94857891661616,506.1950582100621,15786500
2025-09-26,509.3419494628906,511.8116903059077,504.52199636524745,507.9477531769938,16213100
2025-09-29,512.4689331054688,514.7096154882738,506.77264973451184,509.3817950243417,17617800
2025-09-30,515.8051147460938,516.0142062084105,507.54943619028296,511.11459757878936,19728200
2025-10-01,517.5578002929688,518.3544751787417,509.5709932440202,512.6680995330014,22632300
2025-10-02,513.6041870117188,519.4399047558908,508.56514411884206,515.4963429681408,21222900
2025-10-03,515.20751953125,518.3345307125708,512.8672756929882,514.9585548343116,15112300
2025-10-06,526.3811645507812,528.8309994124726,516.0541122577388,516.4623876768178,21388600
2025-10-07,521.8101196289062,527.6060256392368,519.2806599401652,526.1022689962125,14615200
2025-10-08,522.676513671875,524.7678538085896,520.923853084141,521.1130687043808,13363400
2025-10-09,520.2366943359375,522.158694647609,515.2574000210162,520.1769452354545,18343600
2025-10-10,508.84405517578125,521.4118200258811,507.5195762105422,517.4881335274953,24133800
2025-10-13,511.9212646484375,514.2714771071726,509.56108387533754,514.2714771071726,14284200
2025-10-14,511.4432067871094,513.146147202046,503.9045484424133,508.1170420708167,14684300
2025-10-15,511.3038330078125,515.0482722356254,507.88804423946306,512.8275263160849,14694700
2025-10-16,509.4913330078125,514.7096236704256,506.02576365101777,510.4573477017149,15559600
2025-10-17,511.4532165527344,513.3453119402852,505.20916197429216,506.9320087638593,19867800
2025-10-20,514.6498413085938,516.5519656323323,511.30377036778043,512.4788764440519,14665600
2025-10-21,515.5162963867188,516.5420602391357,510.91543308707116,515.3569857054445,15586200
2025-10-22,518.3843383789062,523.0549187669818,515.566101626736,518.9918584655633,18962700
2025-10-23,518.404296875,521.7802730707533,516.4623598997719,520.2964530626382,14023500
2025-10-24,521.441650390625,523.1744351060786,518.5536961256696,520.6250388201142,15532400
2025-10-27,529.3189697265625,532.3662956890146,526.819354031342,529.577902779321,18734700
2025-10-28,539.8251953125,551.4269140414981,538.5305910090683,547.722348424072,29986700
2025-10-29,539.3073120117188,544.0077970763692,534.5072653816836,542.6832878753321,36023000
2025-10-30,523.582763671875,532.7545848667123,519.9578228356851,528.2831883129468,41023100
2025-10-31,515.6656494140625,527.1279940743384,512.9668501497666,526.6898137654194,34006400
2025-11-03,514.888916015625,522.7860691817526,512.4590180581705,517.657371934483,22374700
2025-11-04,512.2001342773438,513.4150529816625,505.73698923396887,509.6407695643784,20958700
2025-11-05,505.0597839355469,512.6980347767452,504.4821687767013,511.17434154282535,23024300
2025-11-06,495.04144287109375,503.6058351018555,493.75677643867937,503.5659922381216,27406500
2025-11-07,494.7626037597656,497.31199999791255,491.2073803526309,494.89207027354036,24019800
2025-11-10,503.90460205078125,504.7510881917551,496.73440583349895,497.96929153220975,26101500
2025-11-11,506.573486328125,507.48968986721945,500.26971300797675,502.70954902224156,17980000
2025-11-12,509.0233154296875,509.5511194130969,497.05307240824305,507.2506574723947,26574900
2025-11-13,501.205810546875,511.3735209246628,499.2140928412288,508.1967287528611,25273100
2025-11-14,508.0672912597656,509.48142428367663,495.3800584752997,496.16679552350377,28505700
2025-11-17,505.388427734375,509.9992593431845,502.8191251226507,506.34447416817187,19092800
2025-11-18,491.74517822265625,500.89712400975867,484.76419755903834,493.31862192366924,33815100
2025-11-19,485.102783203125,493.13937183157236,480.8305400064438,488.070453670226,23245300
2025-11-20,477.3404846191406,492.4460215630244,474.41716428973194,491.5879641710541,26802500
2025-11-21,471.04486083984375,477.8293938228302,467.20362215472323,477.4103368698009,31769200
2025-11-24,472.92059326171875,475.8139832068258,466.9542001322548,473.9183160323131,34421000
2025-11-25,475.90374755859375,478.0588322743821,463.8313270788984,472.9904142849383,28019800
2025-11-26,484.3943786621094,487.1979770584782,480.10418316215106,485.2025316262965,25709100
2025-11-28,490.88958740234375,491.5081706450152,485.54177754838196,486.48962635446395,14386700
2025-12-01,485.6315612792969,488.7444513856018,483.5463243869077,487.32770213243884,23964000
2025-12-02,488.8841552734375,492.3761849539621,485.2125428025972,485.6116258193264,19562700
2025-12-03,476.64208984375,483.13724409881166,474.1178525596479,475.23529714339696,34615100
2025-12-04,479.7449951171875,480.2239129901724,475.40489514051177,478.6674679630734,22318200
2025-12-05,482.0597229003906,482.299166614698,477.78947078944657,481.4211657314621,22608700
2025-12-08,489.9018249511719,491.17890888246444,483.2769615726175,483.7858099301447,21965900
2025-12-09,490.8995361328125,490.99931449735556,487.3875630167038,487.9862027558801,14696100
2025-12-10,477.4701843261719,483.14722906115725,473.99809828560024,482.92772884397027,35756200
2025-12-11,482.3690185546875,484.92318635563356,474.7763326037194,475.5445986070271,24669200
2025-12-12,477.4402770996094,481.3513637649093,475.2552617920193,478.72734800157895,21248100
2025-12-15,473.73870849609375,479.6252664455081,471.44392797474177,479.0066832317436,23727700
2025-12-16,475.3051452636719,476.80172935648005,469.8076832860371,470.8353364785088,20705600
2025-12-17,475.0357360839844,478.9069051052783,473.9182915104317,475.8239455574328,24527200
2025-12-18,482.87786865234375,488.4850656489584,476.8017407441929,477.10104539067044,28573500
2025-12-19,484.8134460449219,486.73904362092316,481.39123391446003,486.2501387748106,70836100
2025-12-22,483.81573486328125,487.6170561484318,481.5908021440126,485.01298390813173,16963000
2025-12-23,485.7413330078125,486.71908182827985,483.63612214595605,483.8755963136496,14683600
2025-12-24,486.90863037109375,488.04604888584674,483.7258924615979,484.5739628623746,5855900
2025-12-26,486.599365234375,487.00843522519267,484.85335038112265,485.601642461088,8842200
2025-12-29,485.9907531738281,487.23790659993216,483.0773893732932,483.7558335295542,10893400
2025-12-30,486.3699035644531,488.56487537463653,484.39440153201394,484.82341501264875,13944500
2025-12-31,482.5186767578125,487.0284031238816,482.1993981667827,486.7290680267604,15601600
2026-01-02,471.8630065917969,483.5563186075122,469.0893385249197,483.2869444224563,25571600
2026-01-05,471.773193359375,474.9858617296903,468.4308161640092,472.98042932285466,25250300
2026-01-06,477.4203186035156,477.64977534720424,468.68025764779384,472.72102257015473,23037700
2026-01-07,482.3690185546875,488.5848422406915,476.86159994291296,478.6674756822987,25564200
2026-01-08,477.0212097167969,481.5608665012806,474.7763335277468,480.14408679814625,18162600
2026-01-09,478.1885681152344,478.72734693664125,471.1247042989064,472.9804540365218,18491000
2026-01-12,476.09332275390625,479.89464390147504,474.59673866594744,475.5845048686955,23519900
2026-01-13,469.5981750488281,474.6965236309785,464.888922501957,473.5990225282599,28545800
2026-01-14,458.3338928222656,467.13381499707015,456.1289340170423,465.39775666549855,28184300
2026-01-15,455.6200866699219,463.1927988881192,454.8618076165624,463.0630900555096,23225800
2026-01-16,458.8127746582031,462.13520850615447,455.4404972994736,456.78739866953146,34246700
2026-01-20,453.48492431640625,455.7597309230742,448.2568669541529,450.1924514863621,26130000
2026-01-21,443.0986328125,451.65911099901973,437.68100562513575,451.56931960591265,37980500
2026-01-22,450.1126403808594,451.8087507279656,443.6873036586902,446.600636936346,25349400
2026-01-23,464.888916015625,470.0271819611143,449.50401819491054,450.8409629929935,38000200
2026-01-26,469.20904541015625,473.1700058760031,460.94790240319116,464.25036221183507,29291200
2026-01-27,479.485595703125,481.7703893732875,472.0825097961169,472.62128861771004,29213900
2026-01-28,480.533203125,482.63838346935967,476.9114647448887,482.10959164059926,36875400
2026-01-29,432.5128173828125,441.49232224197124,420.06122635013605,438.98802836564175,128855300
2026-01-30,429.31011962890625,438.5989157576861,425.47886802078926,438.1699022937122,58566800
2026-02-02,422.4058837890625,429.7590957240154,421.28843915961005,429.2602343395754,42219900
2026-02-03,410.2735595703125,421.0888704228976,407.6296003977664,421.0489834358989,61424100
2026-02-04,413.2467956542969,418.84400576689177,408.3080557741746,410.0640575889883,45012400
2026-02-05,392.7735290527344,407.37018733348754,391.4265972483441,406.51216038211834,66289200
2026-02-06,400.22650146484375,400.87501513504304,392.0252195920243,398.2609865133262,53515300
2026-02-09,412.65814208984375,413.94521298339265,399.9571203178888,403.9280678877113,45480500
2026-02-10,412.328857421875,422.7151545880433,411.76017861216997,418.66440278178237,44857900
2026-02-11,403.4491271972656,415.51159110220135,400.096793508188,415.2322299614449,42491000
2026-02-12,400.9248962402344,405.2749831551046,397.1036315998776,404.07770370563327,40802400
2026-02-13,400.4060974121094,404.61648859375555,397.1435245648219,403.528974460687,34091600
2026-02-17,395.95623779296875,399.60790672873594,393.6315571718042,398.31087932693146,32078800
2026-02-18,398.69000244140625,401.6432531481791,395.41747315874426,397.2233488345012,23223400
2026-02-19,398.4599914550781,404.42999267578125,396.6700134277344,400.69000244140625,28234000
2026-02-20,397.2300109863281,400.1199951171875,395.1600036621094,396.1099853515625,34015200
2026-02-23,384.4700012207031,395.3599853515625,383.1000061035156,395.0,43238300
2026-02-24,389.0,389.3599853515625,381.7099914550781,384.1400146484375,33884700
2026-02-25,400.6000061035156,401.4700012207031,390.1600036621094,390.5299987792969,43625500
2026-02-26,401.7200012207031,407.489990234375,398.739990234375,404.7099914550781,34405900
2026-02-27,392.739990234375,396.82000732421875,389.8800048828125,390.8800048828125,51367200
2026-03-02,398.54998779296875,401.19000244140625,390.6300048828125,392.8599853515625,35474900
2026-03-03,403.92999267578125,406.70001220703125,392.6700134277344,393.1400146484375,38199200
2026-03-04,405.20001220703125,411.0299987792969,400.30999755859375,401.2699890136719,35808000
2026-03-05,410.67999267578125,411.6099853515625,404.3999938964844,404.4200134277344,39001300
2026-03-06,408.9599914550781,413.04998779296875,408.510009765625,409.20001220703125,31123900
2026-03-09,409.4100036621094,410.2099914550781,403.5,404.9200134277344,30131900
2026-03-10,405.760009765625,410.20001220703125,402.92999267578125,410.0299987792969,31706400
2026-03-11,404.8800048828125,409.010009765625,401.5899963378906,405.57000732421875,25512100
2026-03-12,401.8599853515625,406.1199951171875,401.7099914550781,404.6300048828125,27263900
2026-03-13,395.54998779296875,404.79998779296875,394.25,401.0,26848000
2026-03-16,399.95001220703125,400.6300048828125,394.7900085449219,398.07000732421875,27733700
2026-03-17,399.4100036621094,404.3999938964844,397.75,400.2699890136719,26228300
2026-03-18,391.7900085449219,398.0,391.0,397.1300048828125,25908500
2026-03-19,389.0199890136719,392.489990234375,387.05999755859375,390.1000061035156,25138800
2026-03-20,381.8699951171875,387.0,380.1199951171875,386.7900085449219,50853200
2026-03-23,383.0,387.2099914550781,381.67999267578125,383.8999938964844,29680100
2026-03-24,372.739990234375,382.4700012207031,371.8500061035156,382.3599853515625,42733600
2026-03-25,371.0400085449219,377.05999755859375,369.6300048828125,376.9200134277344,31181200
2026-03-26,365.9700012207031,374.7200012207031,365.19000244140625,370.82000732421875,36836600
2026-03-27,356.7699890136719,362.45001220703125,356.510009765625,361.8999938964844,37883400
2026-03-30,358.9599914550781,365.3599853515625,356.2799987792969,361.8999938964844,44797000
2026-03-31,370.1700134277344,372.8999938964844,363.07000732421875,364.54998779296875,45244400
2026-04-01,369.3699951171875,373.989990234375,368.20001220703125,373.489990234375,29417200
2026-04-02,373.4599914550781,373.6400146484375,364.1499938964844,367.2099914550781,24099100
2026-04-06,372.8800048828125,373.7300109863281,369.5,373.489990234375,16146600
2026-04-07,372.2900085449219,372.45001220703125,366.55999755859375,370.3399963378906,21443300
2026-04-08,374.3299865722656,385.0,371.4100036621094,384.9800109863281,33064800
2026-04-09,373.07000732421875,373.5,367.04998779296875,372.5,30435300
2026-04-10,370.8699951171875,375.6400146484375,370.0299987792969,372.9800109863281,28111100
2026-04-13,384.3699951171875,384.5400085449219,371.0199890136719,373.6099853515625,35745800
2026-04-14,393.1099853515625,394.69000244140625,386.5199890136719,387.9200134277344,37504500
2026-04-15,411.2200012207031,414.3699951171875,396.7300109863281,398.0,45063400
2026-04-16,420.260009765625,420.82000732421875,412.1400146484375,419.8599853515625,41642400
2026-04-17,422.7900085449219,431.5799865722656,420.69000244140625,424.82000732421875,47812100
